[{"pk": 724, "model": "apexvertex.useragent", "fields": {"name": "Nokia N95", "user_agent": "NokiaN95", "canvas_height": 240, "browser": "XHTML", "canvas_width": 240, "screen_width": 240, "screen_height": 320}}, {"pk": 839, "model": "apexvertex.useragent", "fields": {"name": "Apple iPhone", "user_agent": "iPhone", "canvas_height": 480, "browser": "XHTML", "canvas_width": 320, "screen_width": 320, "screen_height": 480}}, {"pk": 8, "model": "apexvertex.useragent", "fields": {"name": "Nokia 6600", "user_agent": "Nokia6600", "canvas_height": 132, "browser": "XHTML", "canvas_width": 174, "screen_width": 176, "screen_height": 208}}, {"pk": 5797, "model": "apexvertex.capability", "fields": {"capability": "1100", "handset": 724}}, {"pk": 5798, "model": "apexvertex.capability", "fields": {"capability": "1000", "handset": 724}}, {"pk": 5799, "model": "apexvertex.capability", "fields": {"capability": "300", "handset": 724}}, {"pk": 5800, "model": "apexvertex.capability", "fields": {"capability": "141", "handset": 724}}, {"pk": 5801, "model": "apexvertex.capability", "fields": {"capability": "140", "handset": 724}}, {"pk": 5802, "model": "apexvertex.capability", "fields": {"capability": "139", "handset": 724}}, {"pk": 5803, "model": "apexvertex.capability", "fields": {"capability": "135", "handset": 724}}, {"pk": 5804, "model": "apexvertex.capability", "fields": {"capability": "100", "handset": 724}}, {"pk": 5805, "model": "apexvertex.capability", "fields": {"capability": "35", "handset": 724}}, {"pk": 5806, "model": "apexvertex.capability", "fields": {"capability": "34", "handset": 724}}, {"pk": 5807, "model": "apexvertex.capability", "fields": {"capability": "33", "handset": 724}}, {"pk": 5808, "model": "apexvertex.capability", "fields": {"capability": "31", "handset": 724}}, {"pk": 5813, "model": "apexvertex.capability", "fields": {"capability": "30", "handset": 724}}, {"pk": 5899, "model": "apexvertex.capability", "fields": {"capability": "20", "handset": 724}}, {"pk": 7235, "model": "apexvertex.capability", "fields": {"capability": "12", "handset": 724}}, {"pk": 7600, "model": "apexvertex.capability", "fields": {"capability": "11", "handset": 724}}, {"pk": 7793, "model": "apexvertex.capability", "fields": {"capability": "10", "handset": 724}}, {"pk": 9429, "model": "apexvertex.capability", "fields": {"capability": "1200", "handset": 724}}, {"pk": 6842, "model": "apexvertex.capability", "fields": {"capability": "1000", "handset": 839}}, {"pk": 6843, "model": "apexvertex.capability", "fields": {"capability": "31", "handset": 839}}, {"pk": 6844, "model": "apexvertex.capability", "fields": {"capability": "30", "handset": 839}}, {"pk": 6845, "model": "apexvertex.capability", "fields": {"capability": "11", "handset": 839}}, {"pk": 6846, "model": "apexvertex.capability", "fields": {"capability": "10", "handset": 839}}, {"pk": 47, "model": "apexvertex.capability", "fields": {"capability": "500", "handset": 8}}, {"pk": 48, "model": "apexvertex.capability", "fields": {"capability": "300", "handset": 8}}, {"pk": 49, "model": "apexvertex.capability", "fields": {"capability": "200", "handset": 8}}, {"pk": 50, "model": "apexvertex.capability", "fields": {"capability": "143", "handset": 8}}, {"pk": 51, "model": "apexvertex.capability", "fields": {"capability": "141", "handset": 8}}, {"pk": 53, "model": "apexvertex.capability", "fields": {"capability": "140", "handset": 8}}, {"pk": 54, "model": "apexvertex.capability", "fields": {"capability": "139", "handset": 8}}, {"pk": 55, "model": "apexvertex.capability", "fields": {"capability": "138", "handset": 8}}, {"pk": 56, "model": "apexvertex.capability", "fields": {"capability": "137", "handset": 8}}, {"pk": 57, "model": "apexvertex.capability", "fields": {"capability": "135", "handset": 8}}, {"pk": 661, "model": "apexvertex.capability", "fields": {"capability": "130", "handset": 8}}, {"pk": 757, "model": "apexvertex.capability", "fields": {"capability": "128", "handset": 8}}, {"pk": 792, "model": "apexvertex.capability", "fields": {"capability": "127", "handset": 8}}, {"pk": 1078, "model": "apexvertex.capability", "fields": {"capability": "126", "handset": 8}}, {"pk": 1202, "model": "apexvertex.capability", "fields": {"capability": "125", "handset": 8}}, {"pk": 1312, "model": "apexvertex.capability", "fields": {"capability": "124", "handset": 8}}, {"pk": 1351, "model": "apexvertex.capability", "fields": {"capability": "123", "handset": 8}}, {"pk": 1863, "model": "apexvertex.capability", "fields": {"capability": "122", "handset": 8}}, {"pk": 1886, "model": "apexvertex.capability", "fields": {"capability": "121", "handset": 8}}, {"pk": 2313, "model": "apexvertex.capability", "fields": {"capability": "120", "handset": 8}}, {"pk": 2403, "model": "apexvertex.capability", "fields": {"capability": "111", "handset": 8}}, {"pk": 2413, "model": "apexvertex.capability", "fields": {"capability": "110", "handset": 8}}, {"pk": 3006, "model": "apexvertex.capability", "fields": {"capability": "100", "handset": 8}}, {"pk": 4204, "model": "apexvertex.capability", "fields": {"capability": "33", "handset": 8}}, {"pk": 4832, "model": "apexvertex.capability", "fields": {"capability": "30", "handset": 8}}, {"pk": 5130, "model": "apexvertex.capability", "fields": {"capability": "21", "handset": 8}}, {"pk": 5403, "model": "apexvertex.capability", "fields": {"capability": "20", "handset": 8}}, {"pk": 6574, "model": "apexvertex.capability", "fields": {"capability": "12", "handset": 8}}, {"pk": 7683, "model": "apexvertex.capability", "fields": {"capability": "11", "handset": 8}}, {"pk": 7853, "model": "apexvertex.capability", "fields": {"capability": "10", "handset": 8}}, {"pk": 7982, "model": "apexvertex.capability", "fields": {"capability": "1000", "handset": 8}}]
