<Chantier_Bati3D>
<Bbox>
<Xmin>533196.760</Xmin>
<Xmax>533203.920</Xmax>
<Ymin>152395.640</Ymin>
<Ymax>152410.750</Ymax>
<Zmin>394.899</Zmin>
<Zmax>399.600</Zmax>
</Bbox>
<CityModel Id ="80592">
<Building  Id ="80593">
<Attribut>
<centre>533200.340 147456.200</centre>
</Attribut>
<BuildingPart  Id ="80594">
<RoofSurface  Id ="80600">
<TexturedSurface Id ="80601">
<Attribut>
<FaceType>Roof</FaceType>
<TextureRatio>0.999996</TextureRatio>
<ImageOrigine>2_6076.tif</ImageOrigine>
<CropImageOrigine>2388 1784 2340 1683
</CropImageOrigine>
</Attribut>
</TexturedSurface>
</RoofSurface >
<WallSurface  Id ="83334">
<TexturedSurface Id ="83335">
<Attribut>
<FaceType>Wall</FaceType>
<TextureRatio>1.79177</TextureRatio>
<ImageOrigine>3_6097.tif</ImageOrigine>
<CropImageOrigine>1018 3995 963 3977
</CropImageOrigine>
</Attribut>
</TexturedSurface>
<TexturedSurface Id ="83338">
<Attribut>
<FaceType>Wall</FaceType>
</Attribut>
</TexturedSurface>
<TexturedSurface Id ="83341">
<Attribut>
<FaceType>Wall</FaceType>
<TextureRatio>3.90638</TextureRatio>
<ImageOrigine>1_6049.tif</ImageOrigine>
<CropImageOrigine>290 883 232 871
</CropImageOrigine>
</Attribut>
</TexturedSurface>
<TexturedSurface Id ="83344">
<Attribut>
<FaceType>Wall</FaceType>
<TextureRatio>2.01571</TextureRatio>
<ImageOrigine>2_6073.tif</ImageOrigine>
<CropImageOrigine>3914 1225 3898 1123
</CropImageOrigine>
</Attribut>
</TexturedSurface>
</WallSurface >
</BuildingPart >
</Building >
</CityModel>
</Chantier_Bati3D>
