<Chantier_Bati3D>
<Bbox>
<Xmin>533196.760</Xmin>
<Xmax>533203.920</Xmax>
<Ymin>152424.450</Ymin>
<Ymax>152439.540</Ymax>
<Zmin>394.990</Zmin>
<Zmax>399.600</Zmax>
</Bbox>
<CityModel Id ="80592">
<Building  Id ="80604">
<Attribut>
<centre>533200.340 147470.595</centre>
</Attribut>
<BuildingPart  Id ="80605">
<RoofSurface  Id ="80611">
<TexturedSurface Id ="80612">
<Attribut>
<FaceType>Roof</FaceType>
<TextureRatio>0.999992</TextureRatio>
<ImageOrigine>2_6076.tif</ImageOrigine>
<CropImageOrigine>2388 1973 2340 1873
</CropImageOrigine>
</Attribut>
</TexturedSurface>
</RoofSurface >
<WallSurface  Id ="83350">
<TexturedSurface Id ="83351">
<Attribut>
<FaceType>Wall</FaceType>
<TextureRatio>1.94139</TextureRatio>
<ImageOrigine>3_6096.tif</ImageOrigine>
<CropImageOrigine>1892 3973 1843 3950
</CropImageOrigine>
</Attribut>
</TexturedSurface>
<TexturedSurface Id ="83354">
<Attribut>
<FaceType>Wall</FaceType>
</Attribut>
</TexturedSurface>
<TexturedSurface Id ="83357">
<Attribut>
<FaceType>Wall</FaceType>
<TextureRatio>3.35518</TextureRatio>
<ImageOrigine>1_6049.tif</ImageOrigine>
<CropImageOrigine>269 701 211 688
</CropImageOrigine>
</Attribut>
</TexturedSurface>
<TexturedSurface Id ="83360">
<Attribut>
<FaceType>Wall</FaceType>
<TextureRatio>2.01573</TextureRatio>
<ImageOrigine>2_6073.tif</ImageOrigine>
<CropImageOrigine>3914 1407 3899 1307
</CropImageOrigine>
</Attribut>
</TexturedSurface>
</WallSurface >
</BuildingPart >
</Building >
</CityModel>
</Chantier_Bati3D>
