<Chantier_Bati3D>
<Bbox>
<Xmin>533196.760</Xmin>
<Xmax>533203.925</Xmax>
<Ymin>152453.260</Ymin>
<Ymax>152468.340</Ymax>
<Zmin>394.982</Zmin>
<Zmax>399.600</Zmax>
</Bbox>
<CityModel Id ="80592">
<Building  Id ="80615">
<Attribut>
<centre>533200.343 147484.995</centre>
</Attribut>
<BuildingPart  Id ="80616">
<RoofSurface  Id ="80622">
<TexturedSurface Id ="80623">
<Attribut>
<FaceType>Roof</FaceType>
<TextureRatio>0.999986</TextureRatio>
<ImageOrigine>2_6076.tif</ImageOrigine>
<CropImageOrigine>2388 2163 2340 2063
</CropImageOrigine>
</Attribut>
</TexturedSurface>
</RoofSurface >
<WallSurface  Id ="83366">
<TexturedSurface Id ="83367">
<Attribut>
<FaceType>Wall</FaceType>
<TextureRatio>2.08914</TextureRatio>
<ImageOrigine>3_6095.tif</ImageOrigine>
<CropImageOrigine>2459 3888 2409 3867
</CropImageOrigine>
</Attribut>
</TexturedSurface>
<TexturedSurface Id ="83370">
<Attribut>
<FaceType>Wall</FaceType>
</Attribut>
</TexturedSurface>
<TexturedSurface Id ="83373">
<Attribut>
<FaceType>Wall</FaceType>
<TextureRatio>2.94035</TextureRatio>
<ImageOrigine>1_6049.tif</ImageOrigine>
<CropImageOrigine>248 518 190 504
</CropImageOrigine>
</Attribut>
</TexturedSurface>
<TexturedSurface Id ="83376">
<Attribut>
<FaceType>Wall</FaceType>
<TextureRatio>2.01585</TextureRatio>
<ImageOrigine>2_6073.tif</ImageOrigine>
<CropImageOrigine>3914 1589 3899 1490
</CropImageOrigine>
</Attribut>
</TexturedSurface>
</WallSurface >
</BuildingPart >
</Building >
</CityModel>
</Chantier_Bati3D>
