<Chantier_Bati3D>
<Bbox>
<Xmin>533160.050</Xmin>
<Xmax>533167.411</Xmax>
<Ymin>152374.040</Ymin>
<Ymax>152468.340</Ymax>
<Zmin>394.828</Zmin>
<Zmax>399.600</Zmax>
</Bbox>
<CityModel Id ="80592">
<Building  Id ="80626">
<Attribut>
<centre>533163.731 147484.995</centre>
</Attribut>
<BuildingPart  Id ="80627">
<RoofSurface  Id ="80633">
<TexturedSurface Id ="80634">
<Attribut>
<FaceType>Roof</FaceType>
<TextureRatio>0.999935</TextureRatio>
<ImageOrigine>2_6079.tif</ImageOrigine>
<CropImageOrigine>845 2673 761 2029
</CropImageOrigine>
</Attribut>
</TexturedSurface>
</RoofSurface >
<WallSurface  Id ="83382">
<TexturedSurface Id ="83383">
<Attribut>
<FaceType>Wall</FaceType>
</Attribut>
</TexturedSurface>
<TexturedSurface Id ="83386">
<Attribut>
<FaceType>Wall</FaceType>
</Attribut>
</TexturedSurface>
<TexturedSurface Id ="83389">
<Attribut>
<FaceType>Wall</FaceType>
<TextureRatio>2.0888</TextureRatio>
<ImageOrigine>3_6095.tif</ImageOrigine>
<CropImageOrigine>2217 3923 2168 3902
</CropImageOrigine>
</Attribut>
</TexturedSurface>
<TexturedSurface Id ="83392">
<Attribut>
<FaceType>Wall</FaceType>
<TextureRatio>2.02064</TextureRatio>
<ImageOrigine>2_6081.tif</ImageOrigine>
<CropImageOrigine>81 3428 14 3031
</CropImageOrigine>
</Attribut>
</TexturedSurface>
<TexturedSurface Id ="83395">
<Attribut>
<FaceType>Wall</FaceType>
<TextureRatio>4.26421</TextureRatio>
<ImageOrigine>1_6043.tif</ImageOrigine>
<CropImageOrigine>4048 573 4034 563
</CropImageOrigine>
</Attribut>
</TexturedSurface>
<TexturedSurface Id ="83398">
<Attribut>
<FaceType>Wall</FaceType>
<TextureRatio>2.01926</TextureRatio>
<ImageOrigine>2_6081.tif</ImageOrigine>
<CropImageOrigine>28 3036 10 3011
</CropImageOrigine>
</Attribut>
</TexturedSurface>
<TexturedSurface Id ="83401">
<Attribut>
<FaceType>Wall</FaceType>
<TextureRatio>1.70092</TextureRatio>
<ImageOrigine>3_6093.tif</ImageOrigine>
<CropImageOrigine>3700 3952 3688 3936
</CropImageOrigine>
</Attribut>
</TexturedSurface>
<TexturedSurface Id ="83404">
<Attribut>
<FaceType>Wall</FaceType>
<TextureRatio>2.02064</TextureRatio>
<ImageOrigine>2_6081.tif</ImageOrigine>
<CropImageOrigine>26 3016 7 2983
</CropImageOrigine>
</Attribut>
</TexturedSurface>
<TexturedSurface Id ="83407">
<Attribut>
<FaceType>Wall</FaceType>
<TextureRatio>4.45904</TextureRatio>
<ImageOrigine>1_6043.tif</ImageOrigine>
<CropImageOrigine>4053 618 4039 609
</CropImageOrigine>
</Attribut>
</TexturedSurface>
<TexturedSurface Id ="83410">
<Attribut>
<FaceType>Wall</FaceType>
<TextureRatio>2.01943</TextureRatio>
<ImageOrigine>2_6081.tif</ImageOrigine>
<CropImageOrigine>21 2988 0 2940
</CropImageOrigine>
</Attribut>
</TexturedSurface>
<TexturedSurface Id ="83413">
<Attribut>
<FaceType>Wall</FaceType>
<TextureRatio>1.65315</TextureRatio>
<ImageOrigine>3_6093.tif</ImageOrigine>
<CropImageOrigine>3710 4019 3698 4002
</CropImageOrigine>
</Attribut>
</TexturedSurface>
<TexturedSurface Id ="83416">
<Attribut>
<FaceType>Wall</FaceType>
<TextureRatio>4.44197</TextureRatio>
<ImageOrigine>2_6079.tif</ImageOrigine>
<CropImageOrigine>852 2183 836 2031
</CropImageOrigine>
</Attribut>
</TexturedSurface>
<TexturedSurface Id ="83419">
<Attribut>
<FaceType>Wall</FaceType>
<TextureRatio>5.48187</TextureRatio>
<ImageOrigine>1_6044.tif</ImageOrigine>
<CropImageOrigine>3158 731 3106 717
</CropImageOrigine>
</Attribut>
</TexturedSurface>
<TexturedSurface Id ="83422">
<Attribut>
<FaceType>Wall</FaceType>
</Attribut>
</TexturedSurface>
<TexturedSurface Id ="83425">
<Attribut>
<FaceType>Wall</FaceType>
</Attribut>
</TexturedSurface>
<TexturedSurface Id ="83428">
<Attribut>
<FaceType>Wall</FaceType>
<TextureRatio>2.4914</TextureRatio>
<ImageOrigine>2_6074.tif</ImageOrigine>
<CropImageOrigine>3490 1423 3476 1331
</CropImageOrigine>
</Attribut>
</TexturedSurface>
</WallSurface >
</BuildingPart >
</Building >
</CityModel>
</Chantier_Bati3D>
