<Chantier_Bati3D>
<Bbox>
<Xmin>533167.240</Xmin>
<Xmax>533196.760</Xmax>
<Ymin>152366.840</Ymin>
<Ymax>152497.728</Ymax>
<Zmin>394.635</Zmin>
<Zmax>407.400</Zmax>
</Bbox>
<CityModel Id ="80592">
<Building  Id ="80637">
<Attribut>
<centre>533182.000 147499.689</centre>
</Attribut>
<BuildingPart  Id ="80638">
<RoofSurface  Id ="80644">
<TexturedSurface Id ="80645">
<Attribut>
<FaceType>Roof</FaceType>
</Attribut>
<subnode Id ="80643-0">
<Attribut>
<Part>0</Part>
<TextureRatio>0.999927</TextureRatio>
<ImageOrigine>2_6079.tif</ImageOrigine>
<CropImageOrigine>785 2720 541 1969
</CropImageOrigine>
</Attribut>
</subnode>
<subnode Id ="80643-1">
<Attribut>
<Part>1</Part>
<TextureRatio>0.999985</TextureRatio>
<ImageOrigine>2_6079.tif</ImageOrigine>
<CropImageOrigine>688 2878 591 2715
</CropImageOrigine>
</Attribut>
</subnode>
</TexturedSurface>
</RoofSurface >
<WallSurface  Id ="83434">
<TexturedSurface Id ="83435">
<Attribut>
<FaceType>Wall</FaceType>
</Attribut>
</TexturedSurface>
<TexturedSurface Id ="83438">
<Attribut>
<FaceType>Wall</FaceType>
</Attribut>
</TexturedSurface>
<TexturedSurface Id ="83441">
<Attribut>
<FaceType>Wall</FaceType>
</Attribut>
</TexturedSurface>
<TexturedSurface Id ="83444">
<Attribut>
<FaceType>Wall</FaceType>
</Attribut>
</TexturedSurface>
<TexturedSurface Id ="83447">
<Attribut>
<FaceType>Wall</FaceType>
</Attribut>
</TexturedSurface>
<TexturedSurface Id ="83450">
<Attribut>
<FaceType>Wall</FaceType>
<TextureRatio>2.0757</TextureRatio>
<ImageOrigine>3_6095.tif</ImageOrigine>
<CropImageOrigine>2289 3941 2215 3892
</CropImageOrigine>
</Attribut>
</TexturedSurface>
<TexturedSurface Id ="83453">
<Attribut>
<FaceType>Wall</FaceType>
<TextureRatio>3.35071</TextureRatio>
<ImageOrigine>3_6093.tif</ImageOrigine>
<CropImageOrigine>3722 3679 3676 3547
</CropImageOrigine>
</Attribut>
</TexturedSurface>
<TexturedSurface Id ="83456">
<Attribut>
<FaceType>Wall</FaceType>
<TextureRatio>3.36815</TextureRatio>
<ImageOrigine>1_6044.tif</ImageOrigine>
<CropImageOrigine>3159 224 3091 189
</CropImageOrigine>
</Attribut>
</TexturedSurface>
<TexturedSurface Id ="83459">
<Attribut>
<FaceType>Wall</FaceType>
</Attribut>
</TexturedSurface>
<TexturedSurface Id ="83462">
<Attribut>
<FaceType>Wall</FaceType>
<TextureRatio>1.8519</TextureRatio>
<ImageOrigine>3_6093.tif</ImageOrigine>
<CropImageOrigine>3785 3766 3704 3719
</CropImageOrigine>
</Attribut>
</TexturedSurface>
<TexturedSurface Id ="83465">
<Attribut>
<FaceType>Wall</FaceType>
<TextureRatio>3.35072</TextureRatio>
<ImageOrigine>3_6093.tif</ImageOrigine>
<CropImageOrigine>3750 3862 3704 3727
</CropImageOrigine>
</Attribut>
</TexturedSurface>
<TexturedSurface Id ="83468">
<Attribut>
<FaceType>Wall</FaceType>
<TextureRatio>3.91451</TextureRatio>
<ImageOrigine>1_6044.tif</ImageOrigine>
<CropImageOrigine>3182 407 3113 375
</CropImageOrigine>
</Attribut>
</TexturedSurface>
<TexturedSurface Id ="83471">
<Attribut>
<FaceType>Wall</FaceType>
</Attribut>
</TexturedSurface>
<TexturedSurface Id ="83474">
<Attribut>
<FaceType>Wall</FaceType>
<TextureRatio>1.70693</TextureRatio>
<ImageOrigine>3_6093.tif</ImageOrigine>
<CropImageOrigine>3814 3948 3731 3898
</CropImageOrigine>
</Attribut>
</TexturedSurface>
<TexturedSurface Id ="83477">
<Attribut>
<FaceType>Wall</FaceType>
<TextureRatio>3.35059</TextureRatio>
<ImageOrigine>3_6093.tif</ImageOrigine>
<CropImageOrigine>3777 4044 3731 3906
</CropImageOrigine>
</Attribut>
</TexturedSurface>
<TexturedSurface Id ="83480">
<Attribut>
<FaceType>Wall</FaceType>
<TextureRatio>4.47394</TextureRatio>
<ImageOrigine>1_6046.tif</ImageOrigine>
<CropImageOrigine>1901 839 1849 816
</CropImageOrigine>
</Attribut>
</TexturedSurface>
<TexturedSurface Id ="83483">
<Attribut>
<FaceType>Wall</FaceType>
</Attribut>
</TexturedSurface>
<TexturedSurface Id ="83486">
<Attribut>
<FaceType>Wall</FaceType>
<TextureRatio>10.2981</TextureRatio>
<ImageOrigine>2_6076.tif</ImageOrigine>
<CropImageOrigine>2591 1597 2526 1588
</CropImageOrigine>
</Attribut>
</TexturedSurface>
<TexturedSurface Id ="83489">
<Attribut>
<FaceType>Wall</FaceType>
<TextureRatio>4.20322</TextureRatio>
<ImageOrigine>2_6079.tif</ImageOrigine>
<CropImageOrigine>806 2083 778 1979
</CropImageOrigine>
</Attribut>
</TexturedSurface>
<TexturedSurface Id ="83492">
<Attribut>
<FaceType>Wall</FaceType>
<TextureRatio>4.64704</TextureRatio>
<ImageOrigine>1_6049.tif</ImageOrigine>
<CropImageOrigine>267 1081 47 1048
</CropImageOrigine>
</Attribut>
</TexturedSurface>
<TexturedSurface Id ="83495">
<Attribut>
<FaceType>Wall</FaceType>
<TextureRatio>1.96119</TextureRatio>
<ImageOrigine>2_6073.tif</ImageOrigine>
<CropImageOrigine>3983 1041 3941 926
</CropImageOrigine>
</Attribut>
</TexturedSurface>
<TexturedSurface Id ="83498">
<Attribut>
<FaceType>Wall</FaceType>
<TextureRatio>5.39114</TextureRatio>
<ImageOrigine>2_6073.tif</ImageOrigine>
<CropImageOrigine>4032 1041 3942 1024
</CropImageOrigine>
</Attribut>
</TexturedSurface>
<TexturedSurface Id ="83501">
<Attribut>
<FaceType>Wall</FaceType>
</Attribut>
</TexturedSurface>
<TexturedSurface Id ="83504">
<Attribut>
<FaceType>Wall</FaceType>
<TextureRatio>3.8837</TextureRatio>
<ImageOrigine>1_6049.tif</ImageOrigine>
<CropImageOrigine>246 887 162 864
</CropImageOrigine>
</Attribut>
</TexturedSurface>
<TexturedSurface Id ="83507">
<Attribut>
<FaceType>Wall</FaceType>
<TextureRatio>1.96091</TextureRatio>
<ImageOrigine>2_6073.tif</ImageOrigine>
<CropImageOrigine>3983 1224 3942 1113
</CropImageOrigine>
</Attribut>
</TexturedSurface>
<TexturedSurface Id ="83510">
<Attribut>
<FaceType>Wall</FaceType>
<TextureRatio>1.78032</TextureRatio>
<ImageOrigine>3_6097.tif</ImageOrigine>
<CropImageOrigine>971 4023 897 3978
</CropImageOrigine>
</Attribut>
</TexturedSurface>
<TexturedSurface Id ="83513">
<Attribut>
<FaceType>Wall</FaceType>
</Attribut>
</TexturedSurface>
<TexturedSurface Id ="83516">
<Attribut>
<FaceType>Wall</FaceType>
<TextureRatio>3.33572</TextureRatio>
<ImageOrigine>1_6049.tif</ImageOrigine>
<CropImageOrigine>225 705 140 679
</CropImageOrigine>
</Attribut>
</TexturedSurface>
<TexturedSurface Id ="83519">
<Attribut>
<FaceType>Wall</FaceType>
<TextureRatio>1.96084</TextureRatio>
<ImageOrigine>2_6073.tif</ImageOrigine>
<CropImageOrigine>3983 1406 3943 1299
</CropImageOrigine>
</Attribut>
</TexturedSurface>
<TexturedSurface Id ="83522">
<Attribut>
<FaceType>Wall</FaceType>
<TextureRatio>1.92901</TextureRatio>
<ImageOrigine>3_6096.tif</ImageOrigine>
<CropImageOrigine>1845 4008 1788 3957
</CropImageOrigine>
</Attribut>
</TexturedSurface>
<TexturedSurface Id ="83525">
<Attribut>
<FaceType>Wall</FaceType>
</Attribut>
</TexturedSurface>
<TexturedSurface Id ="83528">
<Attribut>
<FaceType>Wall</FaceType>
<TextureRatio>2.92342</TextureRatio>
<ImageOrigine>1_6049.tif</ImageOrigine>
<CropImageOrigine>204 523 118 493
</CropImageOrigine>
</Attribut>
</TexturedSurface>
<TexturedSurface Id ="83531">
<Attribut>
<FaceType>Wall</FaceType>
<TextureRatio>1.96086</TextureRatio>
<ImageOrigine>2_6073.tif</ImageOrigine>
<CropImageOrigine>3983 1588 3943 1485
</CropImageOrigine>
</Attribut>
</TexturedSurface>
<TexturedSurface Id ="83534">
<Attribut>
<FaceType>Wall</FaceType>
<TextureRatio>2.04133</TextureRatio>
<ImageOrigine>3_6098.tif</ImageOrigine>
<CropImageOrigine>344 3973 241 3930
</CropImageOrigine>
</Attribut>
</TexturedSurface>
<TexturedSurface Id ="83537">
<Attribut>
<FaceType>Wall</FaceType>
</Attribut>
</TexturedSurface>
<TexturedSurface Id ="83540">
<Attribut>
<FaceType>Wall</FaceType>
</Attribut>
</TexturedSurface>
<TexturedSurface Id ="83543">
<Attribut>
<FaceType>Wall</FaceType>
</Attribut>
</TexturedSurface>
<TexturedSurface Id ="83546">
<Attribut>
<FaceType>Wall</FaceType>
</Attribut>
</TexturedSurface>
<TexturedSurface Id ="83549">
<Attribut>
<FaceType>Wall</FaceType>
</Attribut>
</TexturedSurface>
<TexturedSurface Id ="83552">
<Attribut>
<FaceType>Wall</FaceType>
</Attribut>
</TexturedSurface>
<TexturedSurface Id ="83555">
<Attribut>
<FaceType>Wall</FaceType>
</Attribut>
</TexturedSurface>
<TexturedSurface Id ="83558">
<Attribut>
<FaceType>Wall</FaceType>
</Attribut>
</TexturedSurface>
<TexturedSurface Id ="83561">
<Attribut>
<FaceType>Wall</FaceType>
</Attribut>
</TexturedSurface>
<TexturedSurface Id ="83564">
<Attribut>
<FaceType>Wall</FaceType>
</Attribut>
</TexturedSurface>
<TexturedSurface Id ="83567">
<Attribut>
<FaceType>Wall</FaceType>
</Attribut>
</TexturedSurface>
<TexturedSurface Id ="83570">
<Attribut>
<FaceType>Wall</FaceType>
</Attribut>
</TexturedSurface>
<TexturedSurface Id ="83573">
<Attribut>
<FaceType>Wall</FaceType>
</Attribut>
</TexturedSurface>
<TexturedSurface Id ="83576">
<Attribut>
<FaceType>Wall</FaceType>
</Attribut>
</TexturedSurface>
<TexturedSurface Id ="83579">
<Attribut>
<FaceType>Wall</FaceType>
</Attribut>
</TexturedSurface>
<TexturedSurface Id ="83582">
<Attribut>
<FaceType>Wall</FaceType>
</Attribut>
</TexturedSurface>
<TexturedSurface Id ="83585">
<Attribut>
<FaceType>Wall</FaceType>
</Attribut>
</TexturedSurface>
<TexturedSurface Id ="83588">
<Attribut>
<FaceType>Wall</FaceType>
</Attribut>
</TexturedSurface>
<TexturedSurface Id ="83591">
<Attribut>
<FaceType>Wall</FaceType>
</Attribut>
</TexturedSurface>
<TexturedSurface Id ="83594">
<Attribut>
<FaceType>Wall</FaceType>
</Attribut>
</TexturedSurface>
<TexturedSurface Id ="83597">
<Attribut>
<FaceType>Wall</FaceType>
</Attribut>
</TexturedSurface>
<TexturedSurface Id ="83600">
<Attribut>
<FaceType>Wall</FaceType>
</Attribut>
</TexturedSurface>
<TexturedSurface Id ="83603">
<Attribut>
<FaceType>Wall</FaceType>
</Attribut>
</TexturedSurface>
</WallSurface >
</BuildingPart >
</Building >
</CityModel>
</Chantier_Bati3D>
