<Chantier_Bati3D>
<Bbox>
<Xmin>533171.670</Xmin>
<Xmax>533192.330</Xmax>
<Ymin>152369.470</Ymin>
<Ymax>152498.130</Ymax>
<Zmin>394.659</Zmin>
<Zmax>411.300</Zmax>
</Bbox>
<CityModel Id ="80592">
<Building  Id ="80648">
<Attribut>
<centre>533182.000 147499.890</centre>
</Attribut>
<BuildingPart  Id ="80649">
<RoofSurface  Id ="80655">
<TexturedSurface Id ="80656">
<Attribut>
<FaceType>Roof</FaceType>
</Attribut>
<subnode Id ="80654-0">
<Attribut>
<Part>0</Part>
<TextureRatio>1.00005</TextureRatio>
<ImageOrigine>2_6079.tif</ImageOrigine>
<CropImageOrigine>737 2743 564 1988
</CropImageOrigine>
</Attribut>
</subnode>
<subnode Id ="80654-1">
<Attribut>
<Part>1</Part>
<TextureRatio>0.999897</TextureRatio>
<ImageOrigine>2_6079.tif</ImageOrigine>
<CropImageOrigine>695 2886 567 2737
</CropImageOrigine>
</Attribut>
</subnode>
</TexturedSurface>
</RoofSurface >
<WallSurface  Id ="83609">
<TexturedSurface Id ="83610">
<Attribut>
<FaceType>Wall</FaceType>
<TextureRatio>3.23266</TextureRatio>
<ImageOrigine>3_6093.tif</ImageOrigine>
<CropImageOrigine>3758 3580 3688 3352
</CropImageOrigine>
</Attribut>
</TexturedSurface>
<TexturedSurface Id ="83613">
<Attribut>
<FaceType>Wall</FaceType>
<TextureRatio>2.07562</TextureRatio>
<ImageOrigine>3_6095.tif</ImageOrigine>
<CropImageOrigine>2263 3943 2243 3889
</CropImageOrigine>
</Attribut>
</TexturedSurface>
<TexturedSurface Id ="83616">
<Attribut>
<FaceType>Wall</FaceType>
<TextureRatio>3.26283</TextureRatio>
<ImageOrigine>3_6093.tif</ImageOrigine>
<CropImageOrigine>3762 3692 3704 3536
</CropImageOrigine>
</Attribut>
</TexturedSurface>
<TexturedSurface Id ="83619">
<Attribut>
<FaceType>Wall</FaceType>
<TextureRatio>3.37753</TextureRatio>
<ImageOrigine>1_6044.tif</ImageOrigine>
<CropImageOrigine>3156 226 3119 188
</CropImageOrigine>
</Attribut>
</TexturedSurface>
<TexturedSurface Id ="83622">
<Attribut>
<FaceType>Wall</FaceType>
<TextureRatio>4.02199</TextureRatio>
<ImageOrigine>2_6079.tif</ImageOrigine>
<CropImageOrigine>737 2568 703 2476
</CropImageOrigine>
</Attribut>
</TexturedSurface>
<TexturedSurface Id ="83625">
<Attribut>
<FaceType>Wall</FaceType>
<TextureRatio>1.85124</TextureRatio>
<ImageOrigine>3_6093.tif</ImageOrigine>
<CropImageOrigine>3785 3767 3731 3714
</CropImageOrigine>
</Attribut>
</TexturedSurface>
<TexturedSurface Id ="83628">
<Attribut>
<FaceType>Wall</FaceType>
<TextureRatio>3.26271</TextureRatio>
<ImageOrigine>3_6093.tif</ImageOrigine>
<CropImageOrigine>3790 3876 3731 3716
</CropImageOrigine>
</Attribut>
</TexturedSurface>
<TexturedSurface Id ="83631">
<Attribut>
<FaceType>Wall</FaceType>
<TextureRatio>3.92446</TextureRatio>
<ImageOrigine>1_6044.tif</ImageOrigine>
<CropImageOrigine>3178 409 3141 376
</CropImageOrigine>
</Attribut>
</TexturedSurface>
<TexturedSurface Id ="83634">
<Attribut>
<FaceType>Wall</FaceType>
<TextureRatio>4.0221</TextureRatio>
<ImageOrigine>2_6079.tif</ImageOrigine>
<CropImageOrigine>747 2368 713 2281
</CropImageOrigine>
</Attribut>
</TexturedSurface>
<TexturedSurface Id ="83637">
<Attribut>
<FaceType>Wall</FaceType>
<TextureRatio>1.70591</TextureRatio>
<ImageOrigine>3_6093.tif</ImageOrigine>
<CropImageOrigine>3812 3951 3759 3894
</CropImageOrigine>
</Attribut>
</TexturedSurface>
<TexturedSurface Id ="83640">
<Attribut>
<FaceType>Wall</FaceType>
<TextureRatio>4.06915</TextureRatio>
<ImageOrigine>2_6079.tif</ImageOrigine>
<CropImageOrigine>765 2288 730 2167
</CropImageOrigine>
</Attribut>
</TexturedSurface>
<TexturedSurface Id ="83643">
<Attribut>
<FaceType>Wall</FaceType>
<TextureRatio>4.68277</TextureRatio>
<ImageOrigine>1_6044.tif</ImageOrigine>
<CropImageOrigine>3200 591 3162 562
</CropImageOrigine>
</Attribut>
</TexturedSurface>
<TexturedSurface Id ="83646">
<Attribut>
<FaceType>Wall</FaceType>
<TextureRatio>4.02275</TextureRatio>
<ImageOrigine>2_6079.tif</ImageOrigine>
<CropImageOrigine>762 2169 724 1994
</CropImageOrigine>
</Attribut>
</TexturedSurface>
<TexturedSurface Id ="83649">
<Attribut>
<FaceType>Wall</FaceType>
<TextureRatio>4.55134</TextureRatio>
<ImageOrigine>1_6049.tif</ImageOrigine>
<CropImageOrigine>227 1061 72 1031
</CropImageOrigine>
</Attribut>
</TexturedSurface>
<TexturedSurface Id ="83652">
<Attribut>
<FaceType>Wall</FaceType>
<TextureRatio>1.91943</TextureRatio>
<ImageOrigine>2_6073.tif</ImageOrigine>
<CropImageOrigine>4035 1121 3980 937
</CropImageOrigine>
</Attribut>
</TexturedSurface>
<TexturedSurface Id ="83655">
<Attribut>
<FaceType>Wall</FaceType>
<TextureRatio>3.89354</TextureRatio>
<ImageOrigine>1_6049.tif</ImageOrigine>
<CropImageOrigine>219 892 161 868
</CropImageOrigine>
</Attribut>
</TexturedSurface>
<TexturedSurface Id ="83658">
<Attribut>
<FaceType>Wall</FaceType>
<TextureRatio>1.92934</TextureRatio>
<ImageOrigine>2_6073.tif</ImageOrigine>
<CropImageOrigine>4023 1230 3969 1102
</CropImageOrigine>
</Attribut>
</TexturedSurface>
<TexturedSurface Id ="83661">
<Attribut>
<FaceType>Wall</FaceType>
<TextureRatio>1.77944</TextureRatio>
<ImageOrigine>3_6097.tif</ImageOrigine>
<CropImageOrigine>942 4031 901 3972
</CropImageOrigine>
</Attribut>
</TexturedSurface>
<TexturedSurface Id ="83664">
<Attribut>
<FaceType>Wall</FaceType>
<TextureRatio>1.9191</TextureRatio>
<ImageOrigine>2_6073.tif</ImageOrigine>
<CropImageOrigine>4035 1304 3981 1213
</CropImageOrigine>
</Attribut>
</TexturedSurface>
<TexturedSurface Id ="83667">
<Attribut>
<FaceType>Wall</FaceType>
<TextureRatio>3.34159</TextureRatio>
<ImageOrigine>1_6049.tif</ImageOrigine>
<CropImageOrigine>198 711 139 681
</CropImageOrigine>
</Attribut>
</TexturedSurface>
<TexturedSurface Id ="83670">
<Attribut>
<FaceType>Wall</FaceType>
<TextureRatio>1.92936</TextureRatio>
<ImageOrigine>2_6073.tif</ImageOrigine>
<CropImageOrigine>4023 1412 3970 1289
</CropImageOrigine>
</Attribut>
</TexturedSurface>
<TexturedSurface Id ="83673">
<Attribut>
<FaceType>Wall</FaceType>
<TextureRatio>1.92849</TextureRatio>
<ImageOrigine>3_6096.tif</ImageOrigine>
<CropImageOrigine>1816 4014 1797 3955
</CropImageOrigine>
</Attribut>
</TexturedSurface>
<TexturedSurface Id ="83676">
<Attribut>
<FaceType>Wall</FaceType>
<TextureRatio>1.91909</TextureRatio>
<ImageOrigine>2_6073.tif</ImageOrigine>
<CropImageOrigine>4035 1486 3981 1400
</CropImageOrigine>
</Attribut>
</TexturedSurface>
<TexturedSurface Id ="83679">
<Attribut>
<FaceType>Wall</FaceType>
<TextureRatio>2.92689</TextureRatio>
<ImageOrigine>1_6049.tif</ImageOrigine>
<CropImageOrigine>177 528 118 494
</CropImageOrigine>
</Attribut>
</TexturedSurface>
<TexturedSurface Id ="83682">
<Attribut>
<FaceType>Wall</FaceType>
<TextureRatio>1.92934</TextureRatio>
<ImageOrigine>2_6073.tif</ImageOrigine>
<CropImageOrigine>4023 1594 3970 1476
</CropImageOrigine>
</Attribut>
</TexturedSurface>
<TexturedSurface Id ="83685">
<Attribut>
<FaceType>Wall</FaceType>
<TextureRatio>2.04118</TextureRatio>
<ImageOrigine>3_6098.tif</ImageOrigine>
<CropImageOrigine>315 3979 255 3924
</CropImageOrigine>
</Attribut>
</TexturedSurface>
<TexturedSurface Id ="83688">
<Attribut>
<FaceType>Wall</FaceType>
<TextureRatio>1.91918</TextureRatio>
<ImageOrigine>2_6073.tif</ImageOrigine>
<CropImageOrigine>4035 1774 3981 1586
</CropImageOrigine>
</Attribut>
</TexturedSurface>
<TexturedSurface Id ="83691">
<Attribut>
<FaceType>Wall</FaceType>
<TextureRatio>2.23123</TextureRatio>
<ImageOrigine>3_6093.tif</ImageOrigine>
<CropImageOrigine>3843 3394 3688 3334
</CropImageOrigine>
</Attribut>
</TexturedSurface>
</WallSurface >
</BuildingPart >
</Building >
</CityModel>
</Chantier_Bati3D>
