<Chantier_Bati3D>
<Bbox>
<Xmin>533167.240</Xmin>
<Xmax>533173.900</Xmax>
<Ymin>152439.560</Ymin>
<Ymax>152453.240</Ymax>
<Zmin>395.103</Zmin>
<Zmax>403.500</Zmax>
</Bbox>
<CityModel Id ="80592">
<Building  Id ="80659">
<Attribut>
<centre>533170.570 147477.445</centre>
</Attribut>
<BuildingPart  Id ="80660">
<RoofSurface  Id ="80666">
<TexturedSurface Id ="80667">
<Attribut>
<FaceType>Roof</FaceType>
<TextureRatio>0.999925</TextureRatio>
<ImageOrigine>2_6079.tif</ImageOrigine>
<CropImageOrigine>766 2571 714 2475
</CropImageOrigine>
</Attribut>
</TexturedSurface>
</RoofSurface >
<WallSurface  Id ="83697">
<TexturedSurface Id ="83698">
<Attribut>
<FaceType>Wall</FaceType>
</Attribut>
</TexturedSurface>
<TexturedSurface Id ="83701">
<Attribut>
<FaceType>Wall</FaceType>
</Attribut>
</TexturedSurface>
<TexturedSurface Id ="83704">
<Attribut>
<FaceType>Wall</FaceType>
</Attribut>
</TexturedSurface>
<TexturedSurface Id ="83707">
<Attribut>
<FaceType>Wall</FaceType>
<TextureRatio>3.36156</TextureRatio>
<ImageOrigine>3_6093.tif</ImageOrigine>
<CropImageOrigine>3725 3754 3691 3641
</CropImageOrigine>
</Attribut>
</TexturedSurface>
<TexturedSurface Id ="83710">
<Attribut>
<FaceType>Wall</FaceType>
<TextureRatio>3.61963</TextureRatio>
<ImageOrigine>1_6044.tif</ImageOrigine>
<CropImageOrigine>3145 311 3101 289
</CropImageOrigine>
</Attribut>
</TexturedSurface>
<TexturedSurface Id ="83713">
<Attribut>
<FaceType>Wall</FaceType>
</Attribut>
</TexturedSurface>
<TexturedSurface Id ="83716">
<Attribut>
<FaceType>Wall</FaceType>
</Attribut>
</TexturedSurface>
<TexturedSurface Id ="83719">
<Attribut>
<FaceType>Wall</FaceType>
</Attribut>
</TexturedSurface>
</WallSurface >
</BuildingPart >
</Building >
</CityModel>
</Chantier_Bati3D>
