<Chantier_Bati3D>
<Bbox>
<Xmin>533190.150</Xmin>
<Xmax>533196.760</Xmax>
<Ymin>152439.560</Ymin>
<Ymax>152453.240</Ymax>
<Zmin>394.993</Zmin>
<Zmax>403.500</Zmax>
</Bbox>
<CityModel Id ="80592">
<Building  Id ="80670">
<Attribut>
<centre>533193.455 147477.445</centre>
</Attribut>
<BuildingPart  Id ="80671">
<RoofSurface  Id ="80677">
<TexturedSurface Id ="80678">
<Attribut>
<FaceType>Roof</FaceType>
<TextureRatio>0.999991</TextureRatio>
<ImageOrigine>2_6076.tif</ImageOrigine>
<CropImageOrigine>2435 2064 2390 1972
</CropImageOrigine>
</Attribut>
</TexturedSurface>
</RoofSurface >
<WallSurface  Id ="83725">
<TexturedSurface Id ="83726">
<Attribut>
<FaceType>Wall</FaceType>
<TextureRatio>2.02138</TextureRatio>
<ImageOrigine>3_6096.tif</ImageOrigine>
<CropImageOrigine>1831 3904 1796 3870
</CropImageOrigine>
</Attribut>
</TexturedSurface>
<TexturedSurface Id ="83729">
<Attribut>
<FaceType>Wall</FaceType>
</Attribut>
</TexturedSurface>
<TexturedSurface Id ="83732">
<Attribut>
<FaceType>Wall</FaceType>
</Attribut>
</TexturedSurface>
<TexturedSurface Id ="83735">
<Attribut>
<FaceType>Wall</FaceType>
</Attribut>
</TexturedSurface>
<TexturedSurface Id ="83738">
<Attribut>
<FaceType>Wall</FaceType>
</Attribut>
</TexturedSurface>
<TexturedSurface Id ="83741">
<Attribut>
<FaceType>Wall</FaceType>
</Attribut>
</TexturedSurface>
<TexturedSurface Id ="83744">
<Attribut>
<FaceType>Wall</FaceType>
</Attribut>
</TexturedSurface>
<TexturedSurface Id ="83747">
<Attribut>
<FaceType>Wall</FaceType>
<TextureRatio>1.96679</TextureRatio>
<ImageOrigine>2_6073.tif</ImageOrigine>
<CropImageOrigine>3971 1493 3943 1400
</CropImageOrigine>
</Attribut>
</TexturedSurface>
</WallSurface >
</BuildingPart >
</Building >
</CityModel>
</Chantier_Bati3D>
