<Chantier_Bati3D>
<Bbox>
<Xmin>533167.240</Xmin>
<Xmax>533173.900</Xmax>
<Ymin>152410.760</Ymin>
<Ymax>152424.440</Ymax>
<Zmin>395.082</Zmin>
<Zmax>403.500</Zmax>
</Bbox>
<CityModel Id ="80592">
<Building  Id ="80681">
<Attribut>
<centre>533170.570 147463.045</centre>
</Attribut>
<BuildingPart  Id ="80682">
<RoofSurface  Id ="80688">
<TexturedSurface Id ="80689">
<Attribut>
<FaceType>Roof</FaceType>
<TextureRatio>0.999935</TextureRatio>
<ImageOrigine>2_6079.tif</ImageOrigine>
<CropImageOrigine>776 2374 724 2278
</CropImageOrigine>
</Attribut>
</TexturedSurface>
</RoofSurface >
<WallSurface  Id ="83753">
<TexturedSurface Id ="83754">
<Attribut>
<FaceType>Wall</FaceType>
</Attribut>
</TexturedSurface>
<TexturedSurface Id ="83757">
<Attribut>
<FaceType>Wall</FaceType>
</Attribut>
</TexturedSurface>
<TexturedSurface Id ="83760">
<Attribut>
<FaceType>Wall</FaceType>
<TextureRatio>1.77856</TextureRatio>
<ImageOrigine>3_6093.tif</ImageOrigine>
<CropImageOrigine>3771 3849 3718 3816
</CropImageOrigine>
</Attribut>
</TexturedSurface>
<TexturedSurface Id ="83763">
<Attribut>
<FaceType>Wall</FaceType>
<TextureRatio>3.36134</TextureRatio>
<ImageOrigine>3_6093.tif</ImageOrigine>
<CropImageOrigine>3753 3935 3718 3821
</CropImageOrigine>
</Attribut>
</TexturedSurface>
<TexturedSurface Id ="83766">
<Attribut>
<FaceType>Wall</FaceType>
<TextureRatio>4.35043</TextureRatio>
<ImageOrigine>1_6044.tif</ImageOrigine>
<CropImageOrigine>3178 494 3123 471
</CropImageOrigine>
</Attribut>
</TexturedSurface>
<TexturedSurface Id ="83769">
<Attribut>
<FaceType>Wall</FaceType>
</Attribut>
</TexturedSurface>
</WallSurface >
</BuildingPart >
</Building >
</CityModel>
</Chantier_Bati3D>
