<Chantier_Bati3D>
<Bbox>
<Xmin>533190.150</Xmin>
<Xmax>533196.760</Xmax>
<Ymin>152410.760</Ymin>
<Ymax>152424.440</Ymax>
<Zmin>394.997</Zmin>
<Zmax>403.500</Zmax>
</Bbox>
<CityModel Id ="80592">
<Building  Id ="80692">
<Attribut>
<centre>533193.455 147463.045</centre>
</Attribut>
<BuildingPart  Id ="80693">
<RoofSurface  Id ="80699">
<TexturedSurface Id ="80700">
<Attribut>
<FaceType>Roof</FaceType>
<TextureRatio>0.999996</TextureRatio>
<ImageOrigine>2_6076.tif</ImageOrigine>
<CropImageOrigine>2435 1873 2390 1781
</CropImageOrigine>
</Attribut>
</TexturedSurface>
</RoofSurface >
<WallSurface  Id ="83775">
<TexturedSurface Id ="83776">
<Attribut>
<FaceType>Wall</FaceType>
<TextureRatio>1.85925</TextureRatio>
<ImageOrigine>3_6097.tif</ImageOrigine>
<CropImageOrigine>968 3923 921 3892
</CropImageOrigine>
</Attribut>
</TexturedSurface>
<TexturedSurface Id ="83779">
<Attribut>
<FaceType>Wall</FaceType>
</Attribut>
</TexturedSurface>
<TexturedSurface Id ="83782">
<Attribut>
<FaceType>Wall</FaceType>
</Attribut>
</TexturedSurface>
<TexturedSurface Id ="83785">
<Attribut>
<FaceType>Wall</FaceType>
</Attribut>
</TexturedSurface>
<TexturedSurface Id ="83788">
<Attribut>
<FaceType>Wall</FaceType>
</Attribut>
</TexturedSurface>
<TexturedSurface Id ="83791">
<Attribut>
<FaceType>Wall</FaceType>
<TextureRatio>1.96678</TextureRatio>
<ImageOrigine>2_6073.tif</ImageOrigine>
<CropImageOrigine>3970 1311 3943 1215
</CropImageOrigine>
</Attribut>
</TexturedSurface>
</WallSurface >
</BuildingPart >
</Building >
</CityModel>
</Chantier_Bati3D>
