<Chantier_Bati3D>
<Bbox>
<Xmin>533190.150</Xmin>
<Xmax>533196.760</Xmax>
<Ymin>152381.960</Ymin>
<Ymax>152395.640</Ymax>
<Zmin>394.774</Zmin>
<Zmax>403.500</Zmax>
</Bbox>
<CityModel Id ="80592">
<Building  Id ="80703">
<Attribut>
<centre>533193.455 147448.645</centre>
</Attribut>
<BuildingPart  Id ="80704">
<RoofSurface  Id ="80710">
<TexturedSurface Id ="80711">
<Attribut>
<FaceType>Roof</FaceType>
<TextureRatio>0.999994</TextureRatio>
<ImageOrigine>2_6076.tif</ImageOrigine>
<CropImageOrigine>2435 1682 2390 1590
</CropImageOrigine>
</Attribut>
</TexturedSurface>
</RoofSurface >
<WallSurface  Id ="83797">
<TexturedSurface Id ="83798">
<Attribut>
<FaceType>Wall</FaceType>
<TextureRatio>6.08956</TextureRatio>
<ImageOrigine>2_6073.tif</ImageOrigine>
<CropImageOrigine>4000 1128 3942 1117
</CropImageOrigine>
</Attribut>
</TexturedSurface>
<TexturedSurface Id ="83801">
<Attribut>
<FaceType>Wall</FaceType>
</Attribut>
</TexturedSurface>
<TexturedSurface Id ="83804">
<Attribut>
<FaceType>Wall</FaceType>
</Attribut>
</TexturedSurface>
<TexturedSurface Id ="83807">
<Attribut>
<FaceType>Wall</FaceType>
</Attribut>
</TexturedSurface>
<TexturedSurface Id ="83810">
<Attribut>
<FaceType>Wall</FaceType>
<TextureRatio>4.22479</TextureRatio>
<ImageOrigine>1_6049.tif</ImageOrigine>
<CropImageOrigine>256 973 190 957
</CropImageOrigine>
</Attribut>
</TexturedSurface>
<TexturedSurface Id ="83813">
<Attribut>
<FaceType>Wall</FaceType>
<TextureRatio>1.96701</TextureRatio>
<ImageOrigine>2_6073.tif</ImageOrigine>
<CropImageOrigine>3970 1128 3942 1029
</CropImageOrigine>
</Attribut>
</TexturedSurface>
</WallSurface >
</BuildingPart >
</Building >
</CityModel>
</Chantier_Bati3D>
