<Chantier_Bati3D>
<Bbox>
<Xmin>533103.250</Xmin>
<Xmax>533116.750</Xmax>
<Ymin>152324.450</Ymin>
<Ymax>152345.150</Ymax>
<Zmin>394.730</Zmin>
<Zmax>403.500</Zmax>
</Bbox>
<CityModel Id ="80592">
<Building  Id ="80714">
<Attribut>
<centre>533110.000 147423.400</centre>
</Attribut>
<BuildingPart  Id ="80715">
<RoofSurface  Id ="80721">
<TexturedSurface Id ="80722">
<Attribut>
<FaceType>Roof</FaceType>
<TextureRatio>0.99999</TextureRatio>
<ImageOrigine>2_6079.tif</ImageOrigine>
<CropImageOrigine>1247 1854 1146 1709
</CropImageOrigine>
</Attribut>
</TexturedSurface>
</RoofSurface >
<WallSurface  Id ="83819">
<TexturedSurface Id ="83820">
<Attribut>
<FaceType>Wall</FaceType>
<TextureRatio>2.4541</TextureRatio>
<ImageOrigine>2_6081.tif</ImageOrigine>
<CropImageOrigine>345 2545 302 2406
</CropImageOrigine>
</Attribut>
</TexturedSurface>
<TexturedSurface Id ="83823">
<Attribut>
<FaceType>Wall</FaceType>
<TextureRatio>7.3914</TextureRatio>
<ImageOrigine>1_6048.tif</ImageOrigine>
<CropImageOrigine>688 1416 586 1402
</CropImageOrigine>
</Attribut>
</TexturedSurface>
<TexturedSurface Id ="83826">
<Attribut>
<FaceType>Wall</FaceType>
<TextureRatio>2.08121</TextureRatio>
<ImageOrigine>2_6074.tif</ImageOrigine>
<CropImageOrigine>3829 1110 3799 964
</CropImageOrigine>
</Attribut>
</TexturedSurface>
<TexturedSurface Id ="83829">
<Attribut>
<FaceType>Wall</FaceType>
<TextureRatio>4.75782</TextureRatio>
<ImageOrigine>2_6074.tif</ImageOrigine>
<CropImageOrigine>3911 1112 3799 1098
</CropImageOrigine>
</Attribut>
</TexturedSurface>
</WallSurface >
</BuildingPart >
</Building >
</CityModel>
</Chantier_Bati3D>
