<Chantier_Bati3D>
<Bbox>
<Xmin>533139.160</Xmin>
<Xmax>533146.360</Xmax>
<Ymin>152453.240</Ymin>
<Ymax>152468.360</Ymax>
<Zmin>395.301</Zmin>
<Zmax>403.500</Zmax>
</Bbox>
<CityModel Id ="80592">
<Building  Id ="80725">
<Attribut>
<centre>533142.760 147485.005</centre>
</Attribut>
<BuildingPart  Id ="80726">
<RoofSurface  Id ="80732">
<TexturedSurface Id ="80733">
<Attribut>
<FaceType>Roof</FaceType>
<TextureRatio>0.999932</TextureRatio>
<ImageOrigine>3_6095.tif</ImageOrigine>
<CropImageOrigine>2094 4054 2031 3948
</CropImageOrigine>
</Attribut>
</TexturedSurface>
</RoofSurface >
<WallSurface  Id ="83835">
<TexturedSurface Id ="83836">
<Attribut>
<FaceType>Wall</FaceType>
<TextureRatio>3.11696</TextureRatio>
<ImageOrigine>1_6048.tif</ImageOrigine>
<CropImageOrigine>785 604 723 584
</CropImageOrigine>
</Attribut>
</TexturedSurface>
<TexturedSurface Id ="83839">
<Attribut>
<FaceType>Wall</FaceType>
<TextureRatio>2.29845</TextureRatio>
<ImageOrigine>2_6074.tif</ImageOrigine>
<CropImageOrigine>3620 1889 3595 1791
</CropImageOrigine>
</Attribut>
</TexturedSurface>
<TexturedSurface Id ="83842">
<Attribut>
<FaceType>Wall</FaceType>
<TextureRatio>2.08201</TextureRatio>
<ImageOrigine>3_6095.tif</ImageOrigine>
<CropImageOrigine>2079 3956 2031 3922
</CropImageOrigine>
</Attribut>
</TexturedSurface>
<TexturedSurface Id ="83845">
<Attribut>
<FaceType>Wall</FaceType>
</Attribut>
</TexturedSurface>
</WallSurface >
</BuildingPart >
</Building >
</CityModel>
</Chantier_Bati3D>
