<Chantier_Bati3D>
<Bbox>
<Xmin>533102.470</Xmin>
<Xmax>533117.530</Xmax>
<Ymin>152373.640</Ymin>
<Ymax>152417.930</Ymax>
<Zmin>395.098</Zmin>
<Zmax>407.400</Zmax>
</Bbox>
<CityModel Id ="80592">
<Building  Id ="80747">
<Attribut>
<centre>533110.000 147459.790</centre>
</Attribut>
<BuildingPart  Id ="80748">
<RoofSurface  Id ="80754">
<TexturedSurface Id ="80755">
<Attribut>
<FaceType>Roof</FaceType>
<TextureRatio>0.999987</TextureRatio>
<ImageOrigine>2_6079.tif</ImageOrigine>
<CropImageOrigine>1232 2352 1111 2043
</CropImageOrigine>
</Attribut>
</TexturedSurface>
</RoofSurface >
<WallSurface  Id ="84026">
<TexturedSurface Id ="84027">
<Attribut>
<FaceType>Wall</FaceType>
<TextureRatio>1.76832</TextureRatio>
<ImageOrigine>3_6094.tif</ImageOrigine>
<CropImageOrigine>2502 4063 2396 4008
</CropImageOrigine>
</Attribut>
</TexturedSurface>
<TexturedSurface Id ="84030">
<Attribut>
<FaceType>Wall</FaceType>
<TextureRatio>2.45301</TextureRatio>
<ImageOrigine>2_6081.tif</ImageOrigine>
<CropImageOrigine>415 3036 342 2728
</CropImageOrigine>
</Attribut>
</TexturedSurface>
<TexturedSurface Id ="84033">
<Attribut>
<FaceType>Wall</FaceType>
<TextureRatio>4.83667</TextureRatio>
<ImageOrigine>1_6048.tif</ImageOrigine>
<CropImageOrigine>661 1116 541 1093
</CropImageOrigine>
</Attribut>
</TexturedSurface>
<TexturedSurface Id ="84036">
<Attribut>
<FaceType>Wall</FaceType>
<TextureRatio>2.07939</TextureRatio>
<ImageOrigine>2_6074.tif</ImageOrigine>
<CropImageOrigine>3827 1573 3783 1278
</CropImageOrigine>
</Attribut>
</TexturedSurface>
</WallSurface >
</BuildingPart >
</Building >
</CityModel>
</Chantier_Bati3D>
