<Chantier_Bati3D>
<Bbox>
<Xmin>533052.040</Xmin>
<Xmax>533139.160</Xmax>
<Ymin>152420.970</Ymin>
<Ymax>152497.732</Ymax>
<Zmin>395.324</Zmin>
<Zmax>407.400</Zmax>
</Bbox>
<CityModel Id ="80592">
<Building  Id ="80758">
<Attribut>
<centre>533095.600 147499.691</centre>
</Attribut>
<BuildingPart  Id ="80759">
<RoofSurface  Id ="80765">
<TexturedSurface Id ="80766">
<Attribut>
<FaceType>Roof</FaceType>
<TextureRatio>0.999392</TextureRatio>
<ImageOrigine>2_6079.tif</ImageOrigine>
<CropImageOrigine>1551 2900 944 2363
</CropImageOrigine>
</Attribut>
</TexturedSurface>
</RoofSurface >
<WallSurface  Id ="84042">
<TexturedSurface Id ="84043">
<Attribut>
<FaceType>Wall</FaceType>
</Attribut>
</TexturedSurface>
<TexturedSurface Id ="84046">
<Attribut>
<FaceType>Wall</FaceType>
<TextureRatio>2.59586</TextureRatio>
<ImageOrigine>2_6081.tif</ImageOrigine>
<CropImageOrigine>576 3505 528 3344
</CropImageOrigine>
</Attribut>
</TexturedSurface>
<TexturedSurface Id ="84049">
<Attribut>
<FaceType>Wall</FaceType>
</Attribut>
</TexturedSurface>
<TexturedSurface Id ="84052">
<Attribut>
<FaceType>Wall</FaceType>
<TextureRatio>2.1125</TextureRatio>
<ImageOrigine>3_6097.tif</ImageOrigine>
<CropImageOrigine>156 3664 118 3583
</CropImageOrigine>
</Attribut>
</TexturedSurface>
<TexturedSurface Id ="84055">
<Attribut>
<FaceType>Wall</FaceType>
<TextureRatio>2.12527</TextureRatio>
<ImageOrigine>3_6095.tif</ImageOrigine>
<CropImageOrigine>1598 3998 1488 3945
</CropImageOrigine>
</Attribut>
</TexturedSurface>
<TexturedSurface Id ="84058">
<Attribut>
<FaceType>Wall</FaceType>
<TextureRatio>2.94087</TextureRatio>
<ImageOrigine>2_6081.tif</ImageOrigine>
<CropImageOrigine>754 3382 723 3313
</CropImageOrigine>
</Attribut>
</TexturedSurface>
<TexturedSurface Id ="84061">
<Attribut>
<FaceType>Wall</FaceType>
<TextureRatio>2.02261</TextureRatio>
<ImageOrigine>3_6093.tif</ImageOrigine>
<CropImageOrigine>2991 3705 2930 3662
</CropImageOrigine>
</Attribut>
</TexturedSurface>
<TexturedSurface Id ="84064">
<Attribut>
<FaceType>Wall</FaceType>
<TextureRatio>2.59028</TextureRatio>
<ImageOrigine>3_6091.tif</ImageOrigine>
<CropImageOrigine>4072 3918 4022 3784
</CropImageOrigine>
</Attribut>
</TexturedSurface>
<TexturedSurface Id ="84067">
<Attribut>
<FaceType>Wall</FaceType>
<TextureRatio>3.35386</TextureRatio>
<ImageOrigine>1_6043.tif</ImageOrigine>
<CropImageOrigine>3383 408 3318 375
</CropImageOrigine>
</Attribut>
</TexturedSurface>
<TexturedSurface Id ="84070">
<Attribut>
<FaceType>Wall</FaceType>
<TextureRatio>2.94119</TextureRatio>
<ImageOrigine>2_6081.tif</ImageOrigine>
<CropImageOrigine>733 3229 701 3164
</CropImageOrigine>
</Attribut>
</TexturedSurface>
<TexturedSurface Id ="84073">
<Attribut>
<FaceType>Wall</FaceType>
<TextureRatio>3.21048</TextureRatio>
<ImageOrigine>1_6048.tif</ImageOrigine>
<CropImageOrigine>352 695 228 665
</CropImageOrigine>
</Attribut>
</TexturedSurface>
<TexturedSurface Id ="84076">
<Attribut>
<FaceType>Wall</FaceType>
<TextureRatio>2.54766</TextureRatio>
<ImageOrigine>1_6048.tif</ImageOrigine>
<CropImageOrigine>352 686 316 620
</CropImageOrigine>
</Attribut>
</TexturedSurface>
<TexturedSurface Id ="84079">
<Attribut>
<FaceType>Wall</FaceType>
</Attribut>
</TexturedSurface>
<TexturedSurface Id ="84082">
<Attribut>
<FaceType>Wall</FaceType>
<TextureRatio>2.59661</TextureRatio>
<ImageOrigine>2_6081.tif</ImageOrigine>
<CropImageOrigine>543 3261 487 3051
</CropImageOrigine>
</Attribut>
</TexturedSurface>
<TexturedSurface Id ="84085">
<Attribut>
<FaceType>Wall</FaceType>
<TextureRatio>3.89466</TextureRatio>
<ImageOrigine>1_6043.tif</ImageOrigine>
<CropImageOrigine>3604 553 3567 527
</CropImageOrigine>
</Attribut>
</TexturedSurface>
<TexturedSurface Id ="84088">
<Attribut>
<FaceType>Wall</FaceType>
<TextureRatio>2.5756</TextureRatio>
<ImageOrigine>2_6081.tif</ImageOrigine>
<CropImageOrigine>503 3067 473 3052
</CropImageOrigine>
</Attribut>
</TexturedSurface>
<TexturedSurface Id ="84091">
<Attribut>
<FaceType>Wall</FaceType>
<TextureRatio>11.6372</TextureRatio>
<ImageOrigine>2_6081.tif</ImageOrigine>
<CropImageOrigine>508 3066 473 3048
</CropImageOrigine>
</Attribut>
</TexturedSurface>
<TexturedSurface Id ="84094">
<Attribut>
<FaceType>Wall</FaceType>
<TextureRatio>4.02441</TextureRatio>
<ImageOrigine>2_6081.tif</ImageOrigine>
<CropImageOrigine>510 3063 478 3044
</CropImageOrigine>
</Attribut>
</TexturedSurface>
<TexturedSurface Id ="84097">
<Attribut>
<FaceType>Wall</FaceType>
<TextureRatio>2.83625</TextureRatio>
<ImageOrigine>2_6081.tif</ImageOrigine>
<CropImageOrigine>510 3059 480 3039
</CropImageOrigine>
</Attribut>
</TexturedSurface>
<TexturedSurface Id ="84100">
<Attribut>
<FaceType>Wall</FaceType>
<TextureRatio>2.4895</TextureRatio>
<ImageOrigine>2_6081.tif</ImageOrigine>
<CropImageOrigine>510 3054 478 3035
</CropImageOrigine>
</Attribut>
</TexturedSurface>
<TexturedSurface Id ="84103">
<Attribut>
<FaceType>Wall</FaceType>
<TextureRatio>2.61656</TextureRatio>
<ImageOrigine>2_6081.tif</ImageOrigine>
<CropImageOrigine>509 3050 474 3031
</CropImageOrigine>
</Attribut>
</TexturedSurface>
<TexturedSurface Id ="84106">
<Attribut>
<FaceType>Wall</FaceType>
<TextureRatio>2.7412</TextureRatio>
<ImageOrigine>1_6043.tif</ImageOrigine>
<CropImageOrigine>3609 573 3578 547
</CropImageOrigine>
</Attribut>
</TexturedSurface>
<TexturedSurface Id ="84109">
<Attribut>
<FaceType>Wall</FaceType>
<TextureRatio>3.96369</TextureRatio>
<ImageOrigine>1_6043.tif</ImageOrigine>
<CropImageOrigine>3640 573 3584 544
</CropImageOrigine>
</Attribut>
</TexturedSurface>
<TexturedSurface Id ="84112">
<Attribut>
<FaceType>Wall</FaceType>
<TextureRatio>2.7603</TextureRatio>
<ImageOrigine>1_6048.tif</ImageOrigine>
<CropImageOrigine>495 829 466 808
</CropImageOrigine>
</Attribut>
</TexturedSurface>
<TexturedSurface Id ="84115">
<Attribut>
<FaceType>Wall</FaceType>
<TextureRatio>3.98495</TextureRatio>
<ImageOrigine>1_6044.tif</ImageOrigine>
<CropImageOrigine>2705 494 2671 469
</CropImageOrigine>
</Attribut>
</TexturedSurface>
<TexturedSurface Id ="84118">
<Attribut>
<FaceType>Wall</FaceType>
<TextureRatio>2.48603</TextureRatio>
<ImageOrigine>2_6081.tif</ImageOrigine>
<CropImageOrigine>442 3055 410 3039
</CropImageOrigine>
</Attribut>
</TexturedSurface>
<TexturedSurface Id ="84121">
<Attribut>
<FaceType>Wall</FaceType>
<TextureRatio>3.63392</TextureRatio>
<ImageOrigine>1_6048.tif</ImageOrigine>
<CropImageOrigine>528 827 489 807
</CropImageOrigine>
</Attribut>
</TexturedSurface>
<TexturedSurface Id ="84124">
<Attribut>
<FaceType>Wall</FaceType>
<TextureRatio>2.95566</TextureRatio>
<ImageOrigine>1_6048.tif</ImageOrigine>
<CropImageOrigine>532 826 499 806
</CropImageOrigine>
</Attribut>
</TexturedSurface>
<TexturedSurface Id ="84127">
<Attribut>
<FaceType>Wall</FaceType>
<TextureRatio>2.35973</TextureRatio>
<ImageOrigine>1_6048.tif</ImageOrigine>
<CropImageOrigine>535 825 503 803
</CropImageOrigine>
</Attribut>
</TexturedSurface>
<TexturedSurface Id ="84130">
<Attribut>
<FaceType>Wall</FaceType>
<TextureRatio>2.28048</TextureRatio>
<ImageOrigine>1_6048.tif</ImageOrigine>
<CropImageOrigine>538 822 506 796
</CropImageOrigine>
</Attribut>
</TexturedSurface>
<TexturedSurface Id ="84133">
<Attribut>
<FaceType>Wall</FaceType>
<TextureRatio>1.95216</TextureRatio>
<ImageOrigine>2_6074.tif</ImageOrigine>
<CropImageOrigine>3915 1611 3875 1597
</CropImageOrigine>
</Attribut>
</TexturedSurface>
<TexturedSurface Id ="84136">
<Attribut>
<FaceType>Wall</FaceType>
<TextureRatio>2.58308</TextureRatio>
<ImageOrigine>2_6074.tif</ImageOrigine>
<CropImageOrigine>3921 1616 3877 1604
</CropImageOrigine>
</Attribut>
</TexturedSurface>
<TexturedSurface Id ="84139">
<Attribut>
<FaceType>Wall</FaceType>
<TextureRatio>2.82858</TextureRatio>
<ImageOrigine>1_6048.tif</ImageOrigine>
<CropImageOrigine>529 805 501 784
</CropImageOrigine>
</Attribut>
</TexturedSurface>
<TexturedSurface Id ="84142">
<Attribut>
<FaceType>Wall</FaceType>
<TextureRatio>3.56772</TextureRatio>
<ImageOrigine>1_6048.tif</ImageOrigine>
<CropImageOrigine>541 804 501 783
</CropImageOrigine>
</Attribut>
</TexturedSurface>
<TexturedSurface Id ="84145">
<Attribut>
<FaceType>Wall</FaceType>
<TextureRatio>1.98738</TextureRatio>
<ImageOrigine>2_6074.tif</ImageOrigine>
<CropImageOrigine>3908 1799 3865 1610
</CropImageOrigine>
</Attribut>
</TexturedSurface>
<TexturedSurface Id ="84148">
<Attribut>
<FaceType>Wall</FaceType>
<TextureRatio>3.34746</TextureRatio>
<ImageOrigine>1_6045.tif</ImageOrigine>
<CropImageOrigine>2146 573 2061 540
</CropImageOrigine>
</Attribut>
</TexturedSurface>
<TexturedSurface Id ="84151">
<Attribut>
<FaceType>Wall</FaceType>
<TextureRatio>2.32404</TextureRatio>
<ImageOrigine>2_6081.tif</ImageOrigine>
<CropImageOrigine>353 3292 293 3081
</CropImageOrigine>
</Attribut>
</TexturedSurface>
<TexturedSurface Id ="84154">
<Attribut>
<FaceType>Wall</FaceType>
<TextureRatio>3.8951</TextureRatio>
<ImageOrigine>1_6043.tif</ImageOrigine>
<CropImageOrigine>3789 525 3749 498
</CropImageOrigine>
</Attribut>
</TexturedSurface>
<TexturedSurface Id ="84157">
<Attribut>
<FaceType>Wall</FaceType>
<TextureRatio>2.30827</TextureRatio>
<ImageOrigine>2_6081.tif</ImageOrigine>
<CropImageOrigine>314 3099 280 3082
</CropImageOrigine>
</Attribut>
</TexturedSurface>
<TexturedSurface Id ="84160">
<Attribut>
<FaceType>Wall</FaceType>
<TextureRatio>7.33086</TextureRatio>
<ImageOrigine>2_6081.tif</ImageOrigine>
<CropImageOrigine>318 3097 280 3078
</CropImageOrigine>
</Attribut>
</TexturedSurface>
<TexturedSurface Id ="84163">
<Attribut>
<FaceType>Wall</FaceType>
<TextureRatio>3.2895</TextureRatio>
<ImageOrigine>2_6081.tif</ImageOrigine>
<CropImageOrigine>320 3094 284 3074
</CropImageOrigine>
</Attribut>
</TexturedSurface>
<TexturedSurface Id ="84166">
<Attribut>
<FaceType>Wall</FaceType>
<TextureRatio>2.46589</TextureRatio>
<ImageOrigine>2_6081.tif</ImageOrigine>
<CropImageOrigine>320 3089 286 3070
</CropImageOrigine>
</Attribut>
</TexturedSurface>
<TexturedSurface Id ="84169">
<Attribut>
<FaceType>Wall</FaceType>
<TextureRatio>2.23666</TextureRatio>
<ImageOrigine>2_6081.tif</ImageOrigine>
<CropImageOrigine>320 3085 284 3065
</CropImageOrigine>
</Attribut>
</TexturedSurface>
<TexturedSurface Id ="84172">
<Attribut>
<FaceType>Wall</FaceType>
<TextureRatio>2.41079</TextureRatio>
<ImageOrigine>2_6081.tif</ImageOrigine>
<CropImageOrigine>319 3081 280 3062
</CropImageOrigine>
</Attribut>
</TexturedSurface>
<TexturedSurface Id ="84175">
<Attribut>
<FaceType>Wall</FaceType>
<TextureRatio>2.64316</TextureRatio>
<ImageOrigine>1_6043.tif</ImageOrigine>
<CropImageOrigine>3794 545 3760 518
</CropImageOrigine>
</Attribut>
</TexturedSurface>
<TexturedSurface Id ="84178">
<Attribut>
<FaceType>Wall</FaceType>
<TextureRatio>3.65252</TextureRatio>
<ImageOrigine>1_6048.tif</ImageOrigine>
<CropImageOrigine>651 815 613 795
</CropImageOrigine>
</Attribut>
</TexturedSurface>
<TexturedSurface Id ="84181">
<Attribut>
<FaceType>Wall</FaceType>
<TextureRatio>3.07715</TextureRatio>
<ImageOrigine>1_6048.tif</ImageOrigine>
<CropImageOrigine>651 814 624 793
</CropImageOrigine>
</Attribut>
</TexturedSurface>
<TexturedSurface Id ="84184">
<Attribut>
<FaceType>Wall</FaceType>
<TextureRatio>3.84714</TextureRatio>
<ImageOrigine>1_6046.tif</ImageOrigine>
<CropImageOrigine>1580 712 1548 690
</CropImageOrigine>
</Attribut>
</TexturedSurface>
<TexturedSurface Id ="84187">
<Attribut>
<FaceType>Wall</FaceType>
<TextureRatio>2.25881</TextureRatio>
<ImageOrigine>2_6081.tif</ImageOrigine>
<CropImageOrigine>271 3083 236 3066
</CropImageOrigine>
</Attribut>
</TexturedSurface>
<TexturedSurface Id ="84190">
<Attribut>
<FaceType>Wall</FaceType>
<TextureRatio>3.6344</TextureRatio>
<ImageOrigine>1_6048.tif</ImageOrigine>
<CropImageOrigine>703 812 647 790
</CropImageOrigine>
</Attribut>
</TexturedSurface>
<TexturedSurface Id ="84193">
<Attribut>
<FaceType>Wall</FaceType>
<TextureRatio>2.91158</TextureRatio>
<ImageOrigine>1_6048.tif</ImageOrigine>
<CropImageOrigine>707 809 676 788
</CropImageOrigine>
</Attribut>
</TexturedSurface>
<TexturedSurface Id ="84196">
<Attribut>
<FaceType>Wall</FaceType>
<TextureRatio>2.40834</TextureRatio>
<ImageOrigine>1_6048.tif</ImageOrigine>
<CropImageOrigine>711 808 681 783
</CropImageOrigine>
</Attribut>
</TexturedSurface>
<TexturedSurface Id ="84199">
<Attribut>
<FaceType>Wall</FaceType>
<TextureRatio>2.29734</TextureRatio>
<ImageOrigine>2_6074.tif</ImageOrigine>
<CropImageOrigine>3733 1602 3697 1589
</CropImageOrigine>
</Attribut>
</TexturedSurface>
<TexturedSurface Id ="84202">
<Attribut>
<FaceType>Wall</FaceType>
<TextureRatio>2.18333</TextureRatio>
<ImageOrigine>2_6074.tif</ImageOrigine>
<CropImageOrigine>3735 1608 3697 1595
</CropImageOrigine>
</Attribut>
</TexturedSurface>
<TexturedSurface Id ="84205">
<Attribut>
<FaceType>Wall</FaceType>
<TextureRatio>3.09736</TextureRatio>
<ImageOrigine>2_6074.tif</ImageOrigine>
<CropImageOrigine>3740 1612 3699 1601
</CropImageOrigine>
</Attribut>
</TexturedSurface>
<TexturedSurface Id ="84208">
<Attribut>
<FaceType>Wall</FaceType>
</Attribut>
</TexturedSurface>
<TexturedSurface Id ="84211">
<Attribut>
<FaceType>Wall</FaceType>
<TextureRatio>3.5682</TextureRatio>
<ImageOrigine>1_6048.tif</ImageOrigine>
<CropImageOrigine>715 787 677 766
</CropImageOrigine>
</Attribut>
</TexturedSurface>
<TexturedSurface Id ="84214">
<Attribut>
<FaceType>Wall</FaceType>
<TextureRatio>2.18021</TextureRatio>
<ImageOrigine>2_6074.tif</ImageOrigine>
<CropImageOrigine>3727 1795 3687 1606
</CropImageOrigine>
</Attribut>
</TexturedSurface>
<TexturedSurface Id ="84217">
<Attribut>
<FaceType>Wall</FaceType>
<TextureRatio>3.10789</TextureRatio>
<ImageOrigine>1_6048.tif</ImageOrigine>
<CropImageOrigine>741 608 671 581
</CropImageOrigine>
</Attribut>
</TexturedSurface>
<TexturedSurface Id ="84220">
<Attribut>
<FaceType>Wall</FaceType>
<TextureRatio>2.23434</TextureRatio>
<ImageOrigine>2_6074.tif</ImageOrigine>
<CropImageOrigine>3676 1890 3640 1791
</CropImageOrigine>
</Attribut>
</TexturedSurface>
<TexturedSurface Id ="84223">
<Attribut>
<FaceType>Wall</FaceType>
<TextureRatio>2.07514</TextureRatio>
<ImageOrigine>3_6095.tif</ImageOrigine>
<CropImageOrigine>2032 4002 1795 3929
</CropImageOrigine>
</Attribut>
</TexturedSurface>
<TexturedSurface Id ="84226">
<Attribut>
<FaceType>Wall</FaceType>
<TextureRatio>1.99147</TextureRatio>
<ImageOrigine>2_6074.tif</ImageOrigine>
<CropImageOrigine>3895 2024 3855 1893
</CropImageOrigine>
</Attribut>
</TexturedSurface>
<TexturedSurface Id ="84229">
<Attribut>
<FaceType>Wall</FaceType>
</Attribut>
</TexturedSurface>
<TexturedSurface Id ="84232">
<Attribut>
<FaceType>Wall</FaceType>
</Attribut>
</TexturedSurface>
<TexturedSurface Id ="84235">
<Attribut>
<FaceType>Wall</FaceType>
</Attribut>
</TexturedSurface>
<TexturedSurface Id ="84238">
<Attribut>
<FaceType>Wall</FaceType>
</Attribut>
</TexturedSurface>
<TexturedSurface Id ="84241">
<Attribut>
<FaceType>Wall</FaceType>
</Attribut>
</TexturedSurface>
<TexturedSurface Id ="84244">
<Attribut>
<FaceType>Wall</FaceType>
</Attribut>
</TexturedSurface>
<TexturedSurface Id ="84247">
<Attribut>
<FaceType>Wall</FaceType>
</Attribut>
</TexturedSurface>
<TexturedSurface Id ="84250">
<Attribut>
<FaceType>Wall</FaceType>
</Attribut>
</TexturedSurface>
<TexturedSurface Id ="84253">
<Attribut>
<FaceType>Wall</FaceType>
</Attribut>
</TexturedSurface>
<TexturedSurface Id ="84256">
<Attribut>
<FaceType>Wall</FaceType>
</Attribut>
</TexturedSurface>
<TexturedSurface Id ="84259">
<Attribut>
<FaceType>Wall</FaceType>
</Attribut>
</TexturedSurface>
<TexturedSurface Id ="84262">
<Attribut>
<FaceType>Wall</FaceType>
</Attribut>
</TexturedSurface>
<TexturedSurface Id ="84265">
<Attribut>
<FaceType>Wall</FaceType>
</Attribut>
</TexturedSurface>
<TexturedSurface Id ="84268">
<Attribut>
<FaceType>Wall</FaceType>
</Attribut>
</TexturedSurface>
<TexturedSurface Id ="84271">
<Attribut>
<FaceType>Wall</FaceType>
</Attribut>
</TexturedSurface>
</WallSurface >
</BuildingPart >
</Building >
</CityModel>
</Chantier_Bati3D>
