<Chantier_Bati3D>
<Bbox>
<Xmin>533069.470</Xmin>
<Xmax>533136.453</Xmax>
<Ymin>152420.970</Ymin>
<Ymax>152497.738</Ymax>
<Zmin>395.324</Zmin>
<Zmax>411.300</Zmax>
</Bbox>
<CityModel Id ="80592">
<Building  Id ="80769">
<Attribut>
<centre>533102.961 147499.694</centre>
</Attribut>
<BuildingPart  Id ="80770">
<RoofSurface  Id ="80776">
<TexturedSurface Id ="80777">
<Attribut>
<FaceType>Roof</FaceType>
<TextureRatio>0.999756</TextureRatio>
<ImageOrigine>2_6079.tif</ImageOrigine>
<CropImageOrigine>1429 2907 957 2365
</CropImageOrigine>
</Attribut>
</TexturedSurface>
</RoofSurface >
<WallSurface  Id ="84277">
<TexturedSurface Id ="84278">
<Attribut>
<FaceType>Wall</FaceType>
<TextureRatio>2.58759</TextureRatio>
<ImageOrigine>2_6081.tif</ImageOrigine>
<CropImageOrigine>584 3573 519 3348
</CropImageOrigine>
</Attribut>
</TexturedSurface>
<TexturedSurface Id ="84281">
<Attribut>
<FaceType>Wall</FaceType>
<TextureRatio>2.05908</TextureRatio>
<ImageOrigine>3_6094.tif</ImageOrigine>
<CropImageOrigine>2271 3777 2145 3714
</CropImageOrigine>
</Attribut>
</TexturedSurface>
<TexturedSurface Id ="84284">
<Attribut>
<FaceType>Wall</FaceType>
<TextureRatio>2.7996</TextureRatio>
<ImageOrigine>2_6081.tif</ImageOrigine>
<CropImageOrigine>680 3354 630 3219
</CropImageOrigine>
</Attribut>
</TexturedSurface>
<TexturedSurface Id ="84287">
<Attribut>
<FaceType>Wall</FaceType>
<TextureRatio>3.37</TextureRatio>
<ImageOrigine>1_6044.tif</ImageOrigine>
<CropImageOrigine>2614 319 2487 269
</CropImageOrigine>
</Attribut>
</TexturedSurface>
<TexturedSurface Id ="84290">
<Attribut>
<FaceType>Wall</FaceType>
<TextureRatio>2.58832</TextureRatio>
<ImageOrigine>2_6081.tif</ImageOrigine>
<CropImageOrigine>543 3263 477 3051
</CropImageOrigine>
</Attribut>
</TexturedSurface>
<TexturedSurface Id ="84293">
<Attribut>
<FaceType>Wall</FaceType>
<TextureRatio>3.88331</TextureRatio>
<ImageOrigine>1_6043.tif</ImageOrigine>
<CropImageOrigine>3612 553 3567 519
</CropImageOrigine>
</Attribut>
</TexturedSurface>
<TexturedSurface Id ="84296">
<Attribut>
<FaceType>Wall</FaceType>
<TextureRatio>2.56742</TextureRatio>
<ImageOrigine>2_6081.tif</ImageOrigine>
<CropImageOrigine>503 3072 463 3052
</CropImageOrigine>
</Attribut>
</TexturedSurface>
<TexturedSurface Id ="84299">
<Attribut>
<FaceType>Wall</FaceType>
<TextureRatio>12.1765</TextureRatio>
<ImageOrigine>2_6081.tif</ImageOrigine>
<CropImageOrigine>508 3071 463 3048
</CropImageOrigine>
</Attribut>
</TexturedSurface>
<TexturedSurface Id ="84302">
<Attribut>
<FaceType>Wall</FaceType>
<TextureRatio>4.05545</TextureRatio>
<ImageOrigine>2_6081.tif</ImageOrigine>
<CropImageOrigine>510 3068 468 3044
</CropImageOrigine>
</Attribut>
</TexturedSurface>
<TexturedSurface Id ="84305">
<Attribut>
<FaceType>Wall</FaceType>
<TextureRatio>2.84822</TextureRatio>
<ImageOrigine>2_6081.tif</ImageOrigine>
<CropImageOrigine>510 3063 470 3040
</CropImageOrigine>
</Attribut>
</TexturedSurface>
<TexturedSurface Id ="84308">
<Attribut>
<FaceType>Wall</FaceType>
<TextureRatio>2.48503</TextureRatio>
<ImageOrigine>2_6081.tif</ImageOrigine>
<CropImageOrigine>510 3059 469 3035
</CropImageOrigine>
</Attribut>
</TexturedSurface>
<TexturedSurface Id ="84311">
<Attribut>
<FaceType>Wall</FaceType>
<TextureRatio>2.62075</TextureRatio>
<ImageOrigine>2_6081.tif</ImageOrigine>
<CropImageOrigine>509 3054 464 3031
</CropImageOrigine>
</Attribut>
</TexturedSurface>
<TexturedSurface Id ="84314">
<Attribut>
<FaceType>Wall</FaceType>
<TextureRatio>3.81358</TextureRatio>
<ImageOrigine>2_6081.tif</ImageOrigine>
<CropImageOrigine>504 3050 458 3029
</CropImageOrigine>
</Attribut>
</TexturedSurface>
<TexturedSurface Id ="84317">
<Attribut>
<FaceType>Wall</FaceType>
<TextureRatio>3.64116</TextureRatio>
<ImageOrigine>1_6048.tif</ImageOrigine>
<CropImageOrigine>495 832 425 804
</CropImageOrigine>
</Attribut>
</TexturedSurface>
<TexturedSurface Id ="84320">
<Attribut>
<FaceType>Wall</FaceType>
<TextureRatio>2.7522</TextureRatio>
<ImageOrigine>1_6048.tif</ImageOrigine>
<CropImageOrigine>495 829 456 802
</CropImageOrigine>
</Attribut>
</TexturedSurface>
<TexturedSurface Id ="84323">
<Attribut>
<FaceType>Wall</FaceType>
<TextureRatio>3.83567</TextureRatio>
<ImageOrigine>1_6046.tif</ImageOrigine>
<CropImageOrigine>1424 729 1385 701
</CropImageOrigine>
</Attribut>
</TexturedSurface>
<TexturedSurface Id ="84326">
<Attribut>
<FaceType>Wall</FaceType>
<TextureRatio>2.47804</TextureRatio>
<ImageOrigine>2_6081.tif</ImageOrigine>
<CropImageOrigine>442 3060 399 3039
</CropImageOrigine>
</Attribut>
</TexturedSurface>
<TexturedSurface Id ="84329">
<Attribut>
<FaceType>Wall</FaceType>
<TextureRatio>3.96219</TextureRatio>
<ImageOrigine>1_6043.tif</ImageOrigine>
<CropImageOrigine>3684 564 3639 531
</CropImageOrigine>
</Attribut>
</TexturedSurface>
<TexturedSurface Id ="84332">
<Attribut>
<FaceType>Wall</FaceType>
<TextureRatio>2.63139</TextureRatio>
<ImageOrigine>1_6048.tif</ImageOrigine>
<CropImageOrigine>535 826 490 798
</CropImageOrigine>
</Attribut>
</TexturedSurface>
<TexturedSurface Id ="84335">
<Attribut>
<FaceType>Wall</FaceType>
<TextureRatio>2.22807</TextureRatio>
<ImageOrigine>1_6048.tif</ImageOrigine>
<CropImageOrigine>537 823 497 794
</CropImageOrigine>
</Attribut>
</TexturedSurface>
<TexturedSurface Id ="84338">
<Attribut>
<FaceType>Wall</FaceType>
<TextureRatio>2.25434</TextureRatio>
<ImageOrigine>2_6074.tif</ImageOrigine>
<CropImageOrigine>3927 1603 3875 1591
</CropImageOrigine>
</Attribut>
</TexturedSurface>
<TexturedSurface Id ="84341">
<Attribut>
<FaceType>Wall</FaceType>
<TextureRatio>1.97464</TextureRatio>
<ImageOrigine>2_6074.tif</ImageOrigine>
<CropImageOrigine>3926 1607 3875 1594
</CropImageOrigine>
</Attribut>
</TexturedSurface>
<TexturedSurface Id ="84344">
<Attribut>
<FaceType>Wall</FaceType>
<TextureRatio>1.97662</TextureRatio>
<ImageOrigine>2_6074.tif</ImageOrigine>
<CropImageOrigine>3927 1611 3875 1598
</CropImageOrigine>
</Attribut>
</TexturedSurface>
<TexturedSurface Id ="84347">
<Attribut>
<FaceType>Wall</FaceType>
<TextureRatio>2.25863</TextureRatio>
<ImageOrigine>2_6074.tif</ImageOrigine>
<CropImageOrigine>3930 1614 3876 1602
</CropImageOrigine>
</Attribut>
</TexturedSurface>
<TexturedSurface Id ="84350">
<Attribut>
<FaceType>Wall</FaceType>
<TextureRatio>3.09561</TextureRatio>
<ImageOrigine>2_6074.tif</ImageOrigine>
<CropImageOrigine>3933 1616 3879 1605
</CropImageOrigine>
</Attribut>
</TexturedSurface>
<TexturedSurface Id ="84353">
<Attribut>
<FaceType>Wall</FaceType>
<TextureRatio>1.96977</TextureRatio>
<ImageOrigine>2_6074.tif</ImageOrigine>
<CropImageOrigine>3933 1617 3882 1607
</CropImageOrigine>
</Attribut>
</TexturedSurface>
<TexturedSurface Id ="84356">
<Attribut>
<FaceType>Wall</FaceType>
<TextureRatio>3.55724</TextureRatio>
<ImageOrigine>1_6048.tif</ImageOrigine>
<CropImageOrigine>541 804 491 777
</CropImageOrigine>
</Attribut>
</TexturedSurface>
<TexturedSurface Id ="84359">
<Attribut>
<FaceType>Wall</FaceType>
<TextureRatio>1.98118</TextureRatio>
<ImageOrigine>2_6074.tif</ImageOrigine>
<CropImageOrigine>3920 1799 3865 1608
</CropImageOrigine>
</Attribut>
</TexturedSurface>
<TexturedSurface Id ="84362">
<Attribut>
<FaceType>Wall</FaceType>
<TextureRatio>3.3612</TextureRatio>
<ImageOrigine>1_6044.tif</ImageOrigine>
<CropImageOrigine>2795 284 2694 237
</CropImageOrigine>
</Attribut>
</TexturedSurface>
<TexturedSurface Id ="84365">
<Attribut>
<FaceType>Wall</FaceType>
<TextureRatio>2.31671</TextureRatio>
<ImageOrigine>2_6081.tif</ImageOrigine>
<CropImageOrigine>353 3299 282 3081
</CropImageOrigine>
</Attribut>
</TexturedSurface>
<TexturedSurface Id ="84368">
<Attribut>
<FaceType>Wall</FaceType>
<TextureRatio>3.88366</TextureRatio>
<ImageOrigine>1_6043.tif</ImageOrigine>
<CropImageOrigine>3798 525 3749 490
</CropImageOrigine>
</Attribut>
</TexturedSurface>
<TexturedSurface Id ="84371">
<Attribut>
<FaceType>Wall</FaceType>
<TextureRatio>2.30093</TextureRatio>
<ImageOrigine>2_6081.tif</ImageOrigine>
<CropImageOrigine>314 3104 269 3082
</CropImageOrigine>
</Attribut>
</TexturedSurface>
<TexturedSurface Id ="84374">
<Attribut>
<FaceType>Wall</FaceType>
<TextureRatio>8.34678</TextureRatio>
<ImageOrigine>2_6081.tif</ImageOrigine>
<CropImageOrigine>318 3103 269 3079
</CropImageOrigine>
</Attribut>
</TexturedSurface>
<TexturedSurface Id ="84377">
<Attribut>
<FaceType>Wall</FaceType>
<TextureRatio>3.61028</TextureRatio>
<ImageOrigine>2_6081.tif</ImageOrigine>
<CropImageOrigine>320 3099 272 3075
</CropImageOrigine>
</Attribut>
</TexturedSurface>
<TexturedSurface Id ="84380">
<Attribut>
<FaceType>Wall</FaceType>
<TextureRatio>2.57104</TextureRatio>
<ImageOrigine>2_6081.tif</ImageOrigine>
<CropImageOrigine>320 3095 275 3071
</CropImageOrigine>
</Attribut>
</TexturedSurface>
<TexturedSurface Id ="84383">
<Attribut>
<FaceType>Wall</FaceType>
<TextureRatio>2.24066</TextureRatio>
<ImageOrigine>2_6081.tif</ImageOrigine>
<CropImageOrigine>320 3091 274 3066
</CropImageOrigine>
</Attribut>
</TexturedSurface>
<TexturedSurface Id ="84386">
<Attribut>
<FaceType>Wall</FaceType>
<TextureRatio>2.17275</TextureRatio>
<ImageOrigine>1_6043.tif</ImageOrigine>
<CropImageOrigine>3797 543 3756 506
</CropImageOrigine>
</Attribut>
</TexturedSurface>
<TexturedSurface Id ="84389">
<Attribut>
<FaceType>Wall</FaceType>
<TextureRatio>2.62474</TextureRatio>
<ImageOrigine>1_6043.tif</ImageOrigine>
<CropImageOrigine>3803 545 3760 510
</CropImageOrigine>
</Attribut>
</TexturedSurface>
<TexturedSurface Id ="84392">
<Attribut>
<FaceType>Wall</FaceType>
<TextureRatio>3.93394</TextureRatio>
<ImageOrigine>1_6043.tif</ImageOrigine>
<CropImageOrigine>3815 545 3766 510
</CropImageOrigine>
</Attribut>
</TexturedSurface>
<TexturedSurface Id ="84395">
<Attribut>
<FaceType>Wall</FaceType>
<TextureRatio>3.06814</TextureRatio>
<ImageOrigine>1_6048.tif</ImageOrigine>
<CropImageOrigine>651 814 616 787
</CropImageOrigine>
</Attribut>
</TexturedSurface>
<TexturedSurface Id ="84398">
<Attribut>
<FaceType>Wall</FaceType>
<TextureRatio>3.61833</TextureRatio>
<ImageOrigine>1_6048.tif</ImageOrigine>
<CropImageOrigine>674 813 616 785
</CropImageOrigine>
</Attribut>
</TexturedSurface>
<TexturedSurface Id ="84401">
<Attribut>
<FaceType>Wall</FaceType>
<TextureRatio>2.25163</TextureRatio>
<ImageOrigine>2_6081.tif</ImageOrigine>
<CropImageOrigine>271 3088 225 3066
</CropImageOrigine>
</Attribut>
</TexturedSurface>
<TexturedSurface Id ="84404">
<Attribut>
<FaceType>Wall</FaceType>
<TextureRatio>3.62375</TextureRatio>
<ImageOrigine>1_6048.tif</ImageOrigine>
<CropImageOrigine>703 812 639 784
</CropImageOrigine>
</Attribut>
</TexturedSurface>
<TexturedSurface Id ="84407">
<Attribut>
<FaceType>Wall</FaceType>
<TextureRatio>2.91052</TextureRatio>
<ImageOrigine>1_6048.tif</ImageOrigine>
<CropImageOrigine>707 809 668 782
</CropImageOrigine>
</Attribut>
</TexturedSurface>
<TexturedSurface Id ="84410">
<Attribut>
<FaceType>Wall</FaceType>
<TextureRatio>2.40094</TextureRatio>
<ImageOrigine>1_6048.tif</ImageOrigine>
<CropImageOrigine>711 808 673 777
</CropImageOrigine>
</Attribut>
</TexturedSurface>
<TexturedSurface Id ="84413">
<Attribut>
<FaceType>Wall</FaceType>
<TextureRatio>2.29452</TextureRatio>
<ImageOrigine>2_6074.tif</ImageOrigine>
<CropImageOrigine>3744 1602 3697 1587
</CropImageOrigine>
</Attribut>
</TexturedSurface>
<TexturedSurface Id ="84416">
<Attribut>
<FaceType>Wall</FaceType>
<TextureRatio>2.1608</TextureRatio>
<ImageOrigine>2_6074.tif</ImageOrigine>
<CropImageOrigine>3746 1608 3697 1593
</CropImageOrigine>
</Attribut>
</TexturedSurface>
<TexturedSurface Id ="84419">
<Attribut>
<FaceType>Wall</FaceType>
<TextureRatio>3.00842</TextureRatio>
<ImageOrigine>2_6074.tif</ImageOrigine>
<CropImageOrigine>3752 1612 3699 1599
</CropImageOrigine>
</Attribut>
</TexturedSurface>
<TexturedSurface Id ="84422">
<Attribut>
<FaceType>Wall</FaceType>
<TextureRatio>4.62569</TextureRatio>
<ImageOrigine>2_6076.tif</ImageOrigine>
<CropImageOrigine>2843 1876 2819 1871
</CropImageOrigine>
</Attribut>
</TexturedSurface>
<TexturedSurface Id ="84425">
<Attribut>
<FaceType>Wall</FaceType>
<TextureRatio>3.55773</TextureRatio>
<ImageOrigine>1_6048.tif</ImageOrigine>
<CropImageOrigine>715 787 669 760
</CropImageOrigine>
</Attribut>
</TexturedSurface>
<TexturedSurface Id ="84428">
<Attribut>
<FaceType>Wall</FaceType>
<TextureRatio>2.1734</TextureRatio>
<ImageOrigine>2_6074.tif</ImageOrigine>
<CropImageOrigine>3738 1831 3686 1604
</CropImageOrigine>
</Attribut>
</TexturedSurface>
<TexturedSurface Id ="84431">
<Attribut>
<FaceType>Wall</FaceType>
<TextureRatio>3.0218</TextureRatio>
<ImageOrigine>1_6048.tif</ImageOrigine>
<CropImageOrigine>721 573 659 539
</CropImageOrigine>
</Attribut>
</TexturedSurface>
<TexturedSurface Id ="84434">
<Attribut>
<FaceType>Wall</FaceType>
<TextureRatio>2.20667</TextureRatio>
<ImageOrigine>2_6074.tif</ImageOrigine>
<CropImageOrigine>3704 1899 3656 1827
</CropImageOrigine>
</Attribut>
</TexturedSurface>
<TexturedSurface Id ="84437">
<Attribut>
<FaceType>Wall</FaceType>
<TextureRatio>2.07777</TextureRatio>
<ImageOrigine>3_6095.tif</ImageOrigine>
<CropImageOrigine>2013 3995 1875 3923
</CropImageOrigine>
</Attribut>
</TexturedSurface>
<TexturedSurface Id ="84440">
<Attribut>
<FaceType>Wall</FaceType>
<TextureRatio>4.59178</TextureRatio>
<ImageOrigine>3_6093.tif</ImageOrigine>
<CropImageOrigine>3375 3648 3343 3593
</CropImageOrigine>
</Attribut>
</TexturedSurface>
<TexturedSurface Id ="84443">
<Attribut>
<FaceType>Wall</FaceType>
<TextureRatio>2.06841</TextureRatio>
<ImageOrigine>3_6095.tif</ImageOrigine>
<CropImageOrigine>1880 4015 1794 3951
</CropImageOrigine>
</Attribut>
</TexturedSurface>
<TexturedSurface Id ="84446">
<Attribut>
<FaceType>Wall</FaceType>
<TextureRatio>1.98524</TextureRatio>
<ImageOrigine>2_6074.tif</ImageOrigine>
<CropImageOrigine>3907 2083 3853 1892
</CropImageOrigine>
</Attribut>
</TexturedSurface>
<TexturedSurface Id ="84449">
<Attribut>
<FaceType>Wall</FaceType>
<TextureRatio>2.29182</TextureRatio>
<ImageOrigine>3_6095.tif</ImageOrigine>
<CropImageOrigine>1772 3835 1659 3773
</CropImageOrigine>
</Attribut>
</TexturedSurface>
</WallSurface >
</BuildingPart >
</Building >
</CityModel>
</Chantier_Bati3D>
