<Chantier_Bati3D>
<Bbox>
<Xmin>533059.240</Xmin>
<Xmax>533074.360</Xmax>
<Ymin>152475.560</Ymin>
<Ymax>152488.650</Ymax>
<Zmin>395.907</Zmin>
<Zmax>399.600</Zmax>
</Bbox>
<CityModel Id ="80592">
<Building  Id ="80780">
<Attribut>
<centre>533066.800 147495.150</centre>
</Attribut>
<BuildingPart  Id ="80781">
<RoofSurface  Id ="80787">
<TexturedSurface Id ="80788">
<Attribut>
<FaceType>Roof</FaceType>
<TextureRatio>0.999998</TextureRatio>
<ImageOrigine>2_6078.tif</ImageOrigine>
<CropImageOrigine>2310 2633 2204 2538
</CropImageOrigine>
</Attribut>
</TexturedSurface>
</RoofSurface >
<WallSurface  Id ="84455">
<TexturedSurface Id ="84456">
<Attribut>
<FaceType>Wall</FaceType>
<TextureRatio>2.83972</TextureRatio>
<ImageOrigine>1_6048.tif</ImageOrigine>
<CropImageOrigine>332 512 230 495
</CropImageOrigine>
</Attribut>
</TexturedSurface>
<TexturedSurface Id ="84459">
<Attribut>
<FaceType>Wall</FaceType>
<TextureRatio>1.83669</TextureRatio>
<ImageOrigine>2_6074.tif</ImageOrigine>
<CropImageOrigine>4051 2026 4037 1942
</CropImageOrigine>
</Attribut>
</TexturedSurface>
<TexturedSurface Id ="84462">
<Attribut>
<FaceType>Wall</FaceType>
</Attribut>
</TexturedSurface>
<TexturedSurface Id ="84465">
<Attribut>
<FaceType>Wall</FaceType>
<TextureRatio>2.9592</TextureRatio>
<ImageOrigine>2_6081.tif</ImageOrigine>
<CropImageOrigine>767 3456 746 3362
</CropImageOrigine>
</Attribut>
</TexturedSurface>
</WallSurface >
</BuildingPart >
</Building >
</CityModel>
</Chantier_Bati3D>
