<Chantier_Bati3D>
<Bbox>
<Xmin>533109.880</Xmin>
<Xmax>533114.380</Xmax>
<Ymin>152319.430</Ymin>
<Ymax>152323.930</Ymax>
<Zmin>394.708</Zmin>
<Zmax>399.600</Zmax>
</Bbox>
<CityModel Id ="80592">
<Building  Id ="80791">
<Attribut>
<centre>533112.130 147412.790</centre>
</Attribut>
<BuildingPart  Id ="80792">
<RoofSurface  Id ="80798">
<TexturedSurface Id ="80799">
<Attribut>
<FaceType>Roof</FaceType>
<TextureRatio>0.999983</TextureRatio>
<ImageOrigine>2_6079.tif</ImageOrigine>
<CropImageOrigine>1207 1711 1174 1678
</CropImageOrigine>
</Attribut>
</TexturedSurface>
</RoofSurface >
<WallSurface  Id ="84471">
<TexturedSurface Id ="84472">
<Attribut>
<FaceType>Wall</FaceType>
<TextureRatio>13.4921</TextureRatio>
<ImageOrigine>2_6079.tif</ImageOrigine>
<CropImageOrigine>1210 1713 1174 1708
</CropImageOrigine>
</Attribut>
</TexturedSurface>
<TexturedSurface Id ="84475">
<Attribut>
<FaceType>Wall</FaceType>
<TextureRatio>2.40089</TextureRatio>
<ImageOrigine>2_6081.tif</ImageOrigine>
<CropImageOrigine>282 2410 264 2380
</CropImageOrigine>
</Attribut>
</TexturedSurface>
<TexturedSurface Id ="84478">
<Attribut>
<FaceType>Wall</FaceType>
<TextureRatio>7.83108</TextureRatio>
<ImageOrigine>1_6048.tif</ImageOrigine>
<CropImageOrigine>677 1443 638 1437
</CropImageOrigine>
</Attribut>
</TexturedSurface>
<TexturedSurface Id ="84481">
<Attribut>
<FaceType>Wall</FaceType>
<TextureRatio>2.07198</TextureRatio>
<ImageOrigine>2_6074.tif</ImageOrigine>
<CropImageOrigine>3833 975 3817 938
</CropImageOrigine>
</Attribut>
</TexturedSurface>
</WallSurface >
</BuildingPart >
</Building >
</CityModel>
</Chantier_Bati3D>
