<Chantier_Bati3D>
<Bbox>
<Xmin>533077.748</Xmin>
<Xmax>533081.348</Xmax>
<Ymin>152367.140</Ymin>
<Ymax>152372.040</Ymax>
<Zmin>395.253</Zmin>
<Zmax>399.600</Zmax>
</Bbox>
<CityModel Id ="80592">
<Building  Id ="80802">
<Attribut>
<centre>533079.548 147436.845</centre>
</Attribut>
<BuildingPart  Id ="80803">
<RoofSurface  Id ="80809">
<TexturedSurface Id ="80810">
<Attribut>
<FaceType>Roof</FaceType>
<TextureRatio>1.00001</TextureRatio>
<ImageOrigine>2_6079.tif</ImageOrigine>
<CropImageOrigine>1409 2047 1382 2012
</CropImageOrigine>
</Attribut>
</TexturedSurface>
</RoofSurface >
<WallSurface  Id ="84487">
<TexturedSurface Id ="84488">
<Attribut>
<FaceType>Wall</FaceType>
<TextureRatio>5.93939</TextureRatio>
<ImageOrigine>2_6074.tif</ImageOrigine>
<CropImageOrigine>4051 1288 4014 1282
</CropImageOrigine>
</Attribut>
</TexturedSurface>
<TexturedSurface Id ="84491">
<Attribut>
<FaceType>Wall</FaceType>
<TextureRatio>2.72785</TextureRatio>
<ImageOrigine>2_6081.tif</ImageOrigine>
<CropImageOrigine>536 2694 520 2659
</CropImageOrigine>
</Attribut>
</TexturedSurface>
<TexturedSurface Id ="84494">
<Attribut>
<FaceType>Wall</FaceType>
<TextureRatio>5.09531</TextureRatio>
<ImageOrigine>1_6048.tif</ImageOrigine>
<CropImageOrigine>447 1170 413 1162
</CropImageOrigine>
</Attribut>
</TexturedSurface>
<TexturedSurface Id ="84497">
<Attribut>
<FaceType>Wall</FaceType>
<TextureRatio>1.87452</TextureRatio>
<ImageOrigine>2_6074.tif</ImageOrigine>
<CropImageOrigine>4029 1287 4014 1250
</CropImageOrigine>
</Attribut>
</TexturedSurface>
</WallSurface >
</BuildingPart >
</Building >
</CityModel>
</Chantier_Bati3D>
