<Chantier_Bati3D>
<Bbox>
<Xmin>533147.250</Xmin>
<Xmax>533148.914</Xmax>
<Ymin>152426.050</Ymin>
<Ymax>152430.737</Ymax>
<Zmin>395.234</Zmin>
<Zmax>399.600</Zmax>
</Bbox>
<CityModel Id ="80592">
<Building  Id ="80813">
<Attribut>
<centre>533148.082 147466.193</centre>
</Attribut>
<BuildingPart  Id ="80814">
<RoofSurface  Id ="80820">
<TexturedSurface Id ="80821">
<Attribut>
<FaceType>Roof</FaceType>
<TextureRatio>0.999929</TextureRatio>
<ImageOrigine>2_6079.tif</ImageOrigine>
<CropImageOrigine>915 2421 901 2388
</CropImageOrigine>
</Attribut>
</TexturedSurface>
</RoofSurface >
<WallSurface  Id ="84503">
<TexturedSurface Id ="84504">
<Attribut>
<FaceType>Wall</FaceType>
<TextureRatio>1.81632</TextureRatio>
<ImageOrigine>3_6093.tif</ImageOrigine>
<CropImageOrigine>3603 3818 3582 3801
</CropImageOrigine>
</Attribut>
</TexturedSurface>
<TexturedSurface Id ="84507">
<Attribut>
<FaceType>Wall</FaceType>
<TextureRatio>10.0812</TextureRatio>
<ImageOrigine>3_6094.tif</ImageOrigine>
<CropImageOrigine>2683 3949 2675 3904
</CropImageOrigine>
</Attribut>
</TexturedSurface>
<TexturedSurface Id ="84510">
<Attribut>
<FaceType>Wall</FaceType>
<TextureRatio>3.56074</TextureRatio>
<ImageOrigine>1_6048.tif</ImageOrigine>
<CropImageOrigine>817 768 798 759
</CropImageOrigine>
</Attribut>
</TexturedSurface>
<TexturedSurface Id ="84513">
<Attribut>
<FaceType>Wall</FaceType>
<TextureRatio>2.32654</TextureRatio>
<ImageOrigine>2_6074.tif</ImageOrigine>
<CropImageOrigine>3598 1650 3586 1617
</CropImageOrigine>
</Attribut>
</TexturedSurface>
</WallSurface >
</BuildingPart >
</Building >
</CityModel>
</Chantier_Bati3D>
