<Chantier_Bati3D>
<Bbox>
<Xmin>532785.575</Xmin>
<Xmax>532790.025</Xmax>
<Ymin>152363.815</Ymin>
<Ymax>152380.185</Ymax>
<Zmin>399.466</Zmin>
<Zmax>415.500</Zmax>
</Bbox>
<CityModel Id ="80592">
<Building  Id ="80824">
<Attribut>
<centre>532787.800 147440.918</centre>
</Attribut>
<BuildingPart  Id ="80825">
<RoofSurface  Id ="80831">
<TexturedSurface Id ="80832">
<Attribut>
<FaceType>Roof</FaceType>
<TextureRatio>0.999925</TextureRatio>
<ImageOrigine>2_6084.tif</ImageOrigine>
<CropImageOrigine>151 2323 105 2205
</CropImageOrigine>
</Attribut>
</TexturedSurface>
</RoofSurface >
<WallSurface  Id ="84519">
<TexturedSurface Id ="84520">
<Attribut>
<FaceType>Wall</FaceType>
<TextureRatio>2.46768</TextureRatio>
<ImageOrigine>2_6084.tif</ImageOrigine>
<CropImageOrigine>196 2318 146 2274
</CropImageOrigine>
</Attribut>
</TexturedSurface>
<TexturedSurface Id ="84523">
<Attribut>
<FaceType>Wall</FaceType>
<TextureRatio>3.93067</TextureRatio>
<ImageOrigine>1_6040.tif</ImageOrigine>
<CropImageOrigine>3581 392 3536 360
</CropImageOrigine>
</Attribut>
</TexturedSurface>
<TexturedSurface Id ="84526">
<Attribut>
<FaceType>Wall</FaceType>
<TextureRatio>2.45828</TextureRatio>
<ImageOrigine>2_6084.tif</ImageOrigine>
<CropImageOrigine>185 2282 138 2266
</CropImageOrigine>
</Attribut>
</TexturedSurface>
<TexturedSurface Id ="84529">
<Attribut>
<FaceType>Wall</FaceType>
</Attribut>
</TexturedSurface>
<TexturedSurface Id ="84532">
<Attribut>
<FaceType>Wall</FaceType>
<TextureRatio>2.46123</TextureRatio>
<ImageOrigine>2_6084.tif</ImageOrigine>
<CropImageOrigine>186 2273 138 2245
</CropImageOrigine>
</Attribut>
</TexturedSurface>
<TexturedSurface Id ="84535">
<Attribut>
<FaceType>Wall</FaceType>
<TextureRatio>4.03383</TextureRatio>
<ImageOrigine>1_6040.tif</ImageOrigine>
<CropImageOrigine>3582 420 3542 389
</CropImageOrigine>
</Attribut>
</TexturedSurface>
<TexturedSurface Id ="84538">
<Attribut>
<FaceType>Wall</FaceType>
<TextureRatio>2.45833</TextureRatio>
<ImageOrigine>2_6084.tif</ImageOrigine>
<CropImageOrigine>181 2252 134 2237
</CropImageOrigine>
</Attribut>
</TexturedSurface>
<TexturedSurface Id ="84541">
<Attribut>
<FaceType>Wall</FaceType>
</Attribut>
</TexturedSurface>
<TexturedSurface Id ="84544">
<Attribut>
<FaceType>Wall</FaceType>
<TextureRatio>2.46774</TextureRatio>
<ImageOrigine>2_6084.tif</ImageOrigine>
<CropImageOrigine>187 2242 137 2200
</CropImageOrigine>
</Attribut>
</TexturedSurface>
<TexturedSurface Id ="84547">
<Attribut>
<FaceType>Wall</FaceType>
<TextureRatio>4.1987</TextureRatio>
<ImageOrigine>1_6040.tif</ImageOrigine>
<CropImageOrigine>3607 464 3540 431
</CropImageOrigine>
</Attribut>
</TexturedSurface>
<TexturedSurface Id ="84550">
<Attribut>
<FaceType>Wall</FaceType>
<TextureRatio>2.75571</TextureRatio>
<ImageOrigine>2_6079.tif</ImageOrigine>
<CropImageOrigine>3353 2199 3310 2087
</CropImageOrigine>
</Attribut>
</TexturedSurface>
<TexturedSurface Id ="84553">
<Attribut>
<FaceType>Wall</FaceType>
</Attribut>
</TexturedSurface>
</WallSurface >
</BuildingPart >
</Building >
</CityModel>
</Chantier_Bati3D>
