<Chantier_Bati3D>
<Bbox>
<Xmin>532792.775</Xmin>
<Xmax>532844.025</Xmax>
<Ymin>152365.635</Ymin>
<Ymax>152378.365</Ymax>
<Zmin>398.441</Zmin>
<Zmax>415.500</Zmax>
</Bbox>
<CityModel Id ="80592">
<Building  Id ="80835">
<Attribut>
<centre>532818.400 147440.007</centre>
</Attribut>
<BuildingPart  Id ="80836">
<RoofSurface  Id ="80842">
<TexturedSurface Id ="80843">
<Attribut>
<FaceType>Roof</FaceType>
<TextureRatio>0.999984</TextureRatio>
<ImageOrigine>2_6081.tif</ImageOrigine>
<CropImageOrigine>2421 2494 2061 2351
</CropImageOrigine>
</Attribut>
</TexturedSurface>
</RoofSurface >
<WallSurface  Id ="84559">
<TexturedSurface Id ="84560">
<Attribut>
<FaceType>Wall</FaceType>
<TextureRatio>2.15027</TextureRatio>
<ImageOrigine>1_6040.tif</ImageOrigine>
<CropImageOrigine>3925 422 3874 366
</CropImageOrigine>
</Attribut>
</TexturedSurface>
<TexturedSurface Id ="84563">
<Attribut>
<FaceType>Wall</FaceType>
<TextureRatio>4.1545</TextureRatio>
<ImageOrigine>1_6040.tif</ImageOrigine>
<CropImageOrigine>3953 422 3875 387
</CropImageOrigine>
</Attribut>
</TexturedSurface>
<TexturedSurface Id ="84566">
<Attribut>
<FaceType>Wall</FaceType>
<TextureRatio>2.44671</TextureRatio>
<ImageOrigine>2_6078.tif</ImageOrigine>
<CropImageOrigine>3841 1979 3788 1889
</CropImageOrigine>
</Attribut>
</TexturedSurface>
<TexturedSurface Id ="84569">
<Attribut>
<FaceType>Wall</FaceType>
<TextureRatio>30.2733</TextureRatio>
<ImageOrigine>2_6078.tif</ImageOrigine>
<CropImageOrigine>3867 1981 3788 1977
</CropImageOrigine>
</Attribut>
</TexturedSurface>
<TexturedSurface Id ="84572">
<Attribut>
<FaceType>Wall</FaceType>
<TextureRatio>2.1503</TextureRatio>
<ImageOrigine>1_6040.tif</ImageOrigine>
<CropImageOrigine>3922 362 3871 305
</CropImageOrigine>
</Attribut>
</TexturedSurface>
<TexturedSurface Id ="84575">
<Attribut>
<FaceType>Wall</FaceType>
</Attribut>
</TexturedSurface>
<TexturedSurface Id ="84578">
<Attribut>
<FaceType>Wall</FaceType>
<TextureRatio>2.8457</TextureRatio>
<ImageOrigine>2_6079.tif</ImageOrigine>
<CropImageOrigine>3302 2184 3264 2157
</CropImageOrigine>
</Attribut>
</TexturedSurface>
<TexturedSurface Id ="84581">
<Attribut>
<FaceType>Wall</FaceType>
</Attribut>
</TexturedSurface>
<TexturedSurface Id ="84584">
<Attribut>
<FaceType>Wall</FaceType>
<TextureRatio>2.39989</TextureRatio>
<ImageOrigine>2_6084.tif</ImageOrigine>
<CropImageOrigine>146 2312 88 2218
</CropImageOrigine>
</Attribut>
</TexturedSurface>
<TexturedSurface Id ="84587">
<Attribut>
<FaceType>Wall</FaceType>
<TextureRatio>4.15242</TextureRatio>
<ImageOrigine>1_6040.tif</ImageOrigine>
<CropImageOrigine>3653 448 3584 415
</CropImageOrigine>
</Attribut>
</TexturedSurface>
<TexturedSurface Id ="84590">
<Attribut>
<FaceType>Wall</FaceType>
<TextureRatio>2.40243</TextureRatio>
<ImageOrigine>1_6045.tif</ImageOrigine>
<CropImageOrigine>294 1315 247 1279
</CropImageOrigine>
</Attribut>
</TexturedSurface>
<TexturedSurface Id ="84593">
<Attribut>
<FaceType>Wall</FaceType>
<TextureRatio>4.06627</TextureRatio>
<ImageOrigine>1_6040.tif</ImageOrigine>
<CropImageOrigine>3924 422 3610 366
</CropImageOrigine>
</Attribut>
</TexturedSurface>
</WallSurface >
</BuildingPart >
</Building >
</CityModel>
</Chantier_Bati3D>
