<Chantier_Bati3D>
<Bbox>
<Xmin>532840.285</Xmin>
<Xmax>532862.680</Xmax>
<Ymin>152355.310</Ymin>
<Ymax>152382.005</Ymax>
<Zmin>398.090</Zmin>
<Zmax>407.440</Zmax>
</Bbox>
<CityModel Id ="80592">
<Building  Id ="80846">
<Attribut>
<centre>532851.483 147441.827</centre>
</Attribut>
<BuildingPart  Id ="80847">
<RoofSurface  Id ="80853">
<TexturedSurface Id ="80854">
<Attribut>
<FaceType>Roof</FaceType>
<TextureRatio>1.0001</TextureRatio>
<ImageOrigine>2_6079.tif</ImageOrigine>
<CropImageOrigine>3004 2190 2854 2010
</CropImageOrigine>
</Attribut>
</TexturedSurface>
</RoofSurface >
<WallSurface  Id ="84599">
<TexturedSurface Id ="84600">
<Attribut>
<FaceType>Wall</FaceType>
<TextureRatio>2.77467</TextureRatio>
<ImageOrigine>1_6045.tif</ImageOrigine>
<CropImageOrigine>656 1238 633 1226
</CropImageOrigine>
</Attribut>
</TexturedSurface>
<TexturedSurface Id ="84603">
<Attribut>
<FaceType>Wall</FaceType>
<TextureRatio>2.61361</TextureRatio>
<ImageOrigine>2_6078.tif</ImageOrigine>
<CropImageOrigine>3715 1998 3687 1929
</CropImageOrigine>
</Attribut>
</TexturedSurface>
<TexturedSurface Id ="84606">
<Attribut>
<FaceType>Wall</FaceType>
<TextureRatio>36.9864</TextureRatio>
<ImageOrigine>2_6078.tif</ImageOrigine>
<CropImageOrigine>3769 2001 3687 1996
</CropImageOrigine>
</Attribut>
</TexturedSurface>
<TexturedSurface Id ="84609">
<Attribut>
<FaceType>Wall</FaceType>
<TextureRatio>5.25551</TextureRatio>
<ImageOrigine>2_6082.tif</ImageOrigine>
<CropImageOrigine>1189 2228 1174 2202
</CropImageOrigine>
</Attribut>
</TexturedSurface>
<TexturedSurface Id ="84612">
<Attribut>
<FaceType>Wall</FaceType>
</Attribut>
</TexturedSurface>
<TexturedSurface Id ="84615">
<Attribut>
<FaceType>Wall</FaceType>
<TextureRatio>5.41646</TextureRatio>
<ImageOrigine>2_6082.tif</ImageOrigine>
<CropImageOrigine>1210 2201 1197 2191
</CropImageOrigine>
</Attribut>
</TexturedSurface>
<TexturedSurface Id ="84618">
<Attribut>
<FaceType>Wall</FaceType>
</Attribut>
</TexturedSurface>
<TexturedSurface Id ="84621">
<Attribut>
<FaceType>Wall</FaceType>
<TextureRatio>3.64342</TextureRatio>
<ImageOrigine>2_6079.tif</ImageOrigine>
<CropImageOrigine>2975 2167 2958 2158
</CropImageOrigine>
</Attribut>
</TexturedSurface>
<TexturedSurface Id ="84624">
<Attribut>
<FaceType>Wall</FaceType>
<TextureRatio>30.4764</TextureRatio>
<ImageOrigine>2_6078.tif</ImageOrigine>
<CropImageOrigine>3839 1980 3788 1977
</CropImageOrigine>
</Attribut>
</TexturedSurface>
<TexturedSurface Id ="84627">
<Attribut>
<FaceType>Wall</FaceType>
</Attribut>
</TexturedSurface>
<TexturedSurface Id ="84630">
<Attribut>
<FaceType>Wall</FaceType>
<TextureRatio>5.80188</TextureRatio>
<ImageOrigine>1_6043.tif</ImageOrigine>
<CropImageOrigine>2107 1150 2085 1137
</CropImageOrigine>
</Attribut>
</TexturedSurface>
<TexturedSurface Id ="84633">
<Attribut>
<FaceType>Wall</FaceType>
<TextureRatio>2.1387</TextureRatio>
<ImageOrigine>1_6040.tif</ImageOrigine>
<CropImageOrigine>3927 461 3898 403
</CropImageOrigine>
</Attribut>
</TexturedSurface>
<TexturedSurface Id ="84636">
<Attribut>
<FaceType>Wall</FaceType>
<TextureRatio>4.34858</TextureRatio>
<ImageOrigine>1_6040.tif</ImageOrigine>
<CropImageOrigine>3944 461 3900 443
</CropImageOrigine>
</Attribut>
</TexturedSurface>
<TexturedSurface Id ="84639">
<Attribut>
<FaceType>Wall</FaceType>
<TextureRatio>3.99252</TextureRatio>
<ImageOrigine>1_6044.tif</ImageOrigine>
<CropImageOrigine>1212 1104 1196 1092
</CropImageOrigine>
</Attribut>
</TexturedSurface>
<TexturedSurface Id ="84642">
<Attribut>
<FaceType>Wall</FaceType>
<TextureRatio>2.01188</TextureRatio>
<ImageOrigine>1_6040.tif</ImageOrigine>
<CropImageOrigine>3977 483 3920 439
</CropImageOrigine>
</Attribut>
</TexturedSurface>
<TexturedSurface Id ="84645">
<Attribut>
<FaceType>Wall</FaceType>
<TextureRatio>2.84625</TextureRatio>
<ImageOrigine>1_6045.tif</ImageOrigine>
<CropImageOrigine>644 1341 602 1306
</CropImageOrigine>
</Attribut>
</TexturedSurface>
<TexturedSurface Id ="84648">
<Attribut>
<FaceType>Wall</FaceType>
<TextureRatio>5.74546</TextureRatio>
<ImageOrigine>1_6042.tif</ImageOrigine>
<CropImageOrigine>2998 876 2975 861
</CropImageOrigine>
</Attribut>
</TexturedSurface>
<TexturedSurface Id ="84651">
<Attribut>
<FaceType>Wall</FaceType>
<TextureRatio>3.1526</TextureRatio>
<ImageOrigine>2_6078.tif</ImageOrigine>
<CropImageOrigine>3740 1853 3709 1843
</CropImageOrigine>
</Attribut>
</TexturedSurface>
<TexturedSurface Id ="84654">
<Attribut>
<FaceType>Wall</FaceType>
<TextureRatio>2.84613</TextureRatio>
<ImageOrigine>1_6045.tif</ImageOrigine>
<CropImageOrigine>658 1308 628 1287
</CropImageOrigine>
</Attribut>
</TexturedSurface>
<TexturedSurface Id ="84657">
<Attribut>
<FaceType>Wall</FaceType>
<TextureRatio>8.01068</TextureRatio>
<ImageOrigine>1_6043.tif</ImageOrigine>
<CropImageOrigine>2204 1161 2196 1146
</CropImageOrigine>
</Attribut>
</TexturedSurface>
<TexturedSurface Id ="84660">
<Attribut>
<FaceType>Wall</FaceType>
<TextureRatio>2.61368</TextureRatio>
<ImageOrigine>2_6078.tif</ImageOrigine>
<CropImageOrigine>3720 1871 3695 1854
</CropImageOrigine>
</Attribut>
</TexturedSurface>
<TexturedSurface Id ="84663">
<Attribut>
<FaceType>Wall</FaceType>
<TextureRatio>2.84646</TextureRatio>
<ImageOrigine>1_6045.tif</ImageOrigine>
<CropImageOrigine>684 1289 643 1254
</CropImageOrigine>
</Attribut>
</TexturedSurface>
<TexturedSurface Id ="84666">
<Attribut>
<FaceType>Wall</FaceType>
<TextureRatio>3.31049</TextureRatio>
<ImageOrigine>2_6078.tif</ImageOrigine>
<CropImageOrigine>3720 1927 3667 1893
</CropImageOrigine>
</Attribut>
</TexturedSurface>
</WallSurface >
</BuildingPart >
</Building >
</CityModel>
</Chantier_Bati3D>
