<Chantier_Bati3D>
<Bbox>
<Xmin>532843.305</Xmin>
<Xmax>532858.725</Xmax>
<Ymin>152359.270</Ymin>
<Ymax>152382.005</Ymax>
<Zmin>398.139</Zmin>
<Zmax>415.500</Zmax>
</Bbox>
<CityModel Id ="80592">
<Building  Id ="80857">
<Attribut>
<centre>532851.015 147441.827</centre>
</Attribut>
<BuildingPart  Id ="80858">
<RoofSurface  Id ="80864">
<TexturedSurface Id ="80865">
<Attribut>
<FaceType>Roof</FaceType>
<TextureRatio>0.999981</TextureRatio>
<ImageOrigine>2_6078.tif</ImageOrigine>
<CropImageOrigine>3850 2000 3733 1840
</CropImageOrigine>
</Attribut>
</TexturedSurface>
</RoofSurface >
<WallSurface  Id ="84672">
<TexturedSurface Id ="84673">
<Attribut>
<FaceType>Wall</FaceType>
</Attribut>
</TexturedSurface>
<TexturedSurface Id ="84676">
<Attribut>
<FaceType>Wall</FaceType>
<TextureRatio>2.12572</TextureRatio>
<ImageOrigine>1_6040.tif</ImageOrigine>
<CropImageOrigine>3951 461 3898 388
</CropImageOrigine>
</Attribut>
</TexturedSurface>
<TexturedSurface Id ="84679">
<Attribut>
<FaceType>Wall</FaceType>
<TextureRatio>4.31953</TextureRatio>
<ImageOrigine>1_6040.tif</ImageOrigine>
<CropImageOrigine>4038 461 3900 422
</CropImageOrigine>
</Attribut>
</TexturedSurface>
<TexturedSurface Id ="84682">
<Attribut>
<FaceType>Wall</FaceType>
<TextureRatio>3.13163</TextureRatio>
<ImageOrigine>2_6078.tif</ImageOrigine>
<CropImageOrigine>3762 1853 3709 1840
</CropImageOrigine>
</Attribut>
</TexturedSurface>
<TexturedSurface Id ="84685">
<Attribut>
<FaceType>Wall</FaceType>
<TextureRatio>2.82916</TextureRatio>
<ImageOrigine>1_6045.tif</ImageOrigine>
<CropImageOrigine>658 1308 611 1280
</CropImageOrigine>
</Attribut>
</TexturedSurface>
<TexturedSurface Id ="84688">
<Attribut>
<FaceType>Wall</FaceType>
<TextureRatio>3.72284</TextureRatio>
<ImageOrigine>1_6042.tif</ImageOrigine>
<CropImageOrigine>3017 861 2990 831
</CropImageOrigine>
</Attribut>
</TexturedSurface>
<TexturedSurface Id ="84691">
<Attribut>
<FaceType>Wall</FaceType>
<TextureRatio>2.59623</TextureRatio>
<ImageOrigine>2_6078.tif</ImageOrigine>
<CropImageOrigine>3742 1949 3690 1852
</CropImageOrigine>
</Attribut>
</TexturedSurface>
<TexturedSurface Id ="84694">
<Attribut>
<FaceType>Wall</FaceType>
<TextureRatio>25.721</TextureRatio>
<ImageOrigine>2_6078.tif</ImageOrigine>
<CropImageOrigine>3741 1949 3690 1946
</CropImageOrigine>
</Attribut>
</TexturedSurface>
<TexturedSurface Id ="84697">
<Attribut>
<FaceType>Wall</FaceType>
<TextureRatio>2.58933</TextureRatio>
<ImageOrigine>2_6078.tif</ImageOrigine>
<CropImageOrigine>3741 1954 3694 1946
</CropImageOrigine>
</Attribut>
</TexturedSurface>
<TexturedSurface Id ="84700">
<Attribut>
<FaceType>Wall</FaceType>
<TextureRatio>5.34487</TextureRatio>
<ImageOrigine>1_6044.tif</ImageOrigine>
<CropImageOrigine>1271 993 1244 974
</CropImageOrigine>
</Attribut>
</TexturedSurface>
<TexturedSurface Id ="84703">
<Attribut>
<FaceType>Wall</FaceType>
<TextureRatio>2.59619</TextureRatio>
<ImageOrigine>2_6078.tif</ImageOrigine>
<CropImageOrigine>3736 1998 3687 1951
</CropImageOrigine>
</Attribut>
</TexturedSurface>
<TexturedSurface Id ="84706">
<Attribut>
<FaceType>Wall</FaceType>
<TextureRatio>36.7401</TextureRatio>
<ImageOrigine>2_6078.tif</ImageOrigine>
<CropImageOrigine>3791 2001 3687 1996
</CropImageOrigine>
</Attribut>
</TexturedSurface>
<TexturedSurface Id ="84709">
<Attribut>
<FaceType>Wall</FaceType>
<TextureRatio>2.07948</TextureRatio>
<ImageOrigine>1_6040.tif</ImageOrigine>
<CropImageOrigine>3990 334 3938 274
</CropImageOrigine>
</Attribut>
</TexturedSurface>
<TexturedSurface Id ="84712">
<Attribut>
<FaceType>Wall</FaceType>
<TextureRatio>30.2763</TextureRatio>
<ImageOrigine>2_6078.tif</ImageOrigine>
<CropImageOrigine>3818 1978 3745 1974
</CropImageOrigine>
</Attribut>
</TexturedSurface>
<TexturedSurface Id ="84715">
<Attribut>
<FaceType>Wall</FaceType>
<TextureRatio>2.10276</TextureRatio>
<ImageOrigine>1_6040.tif</ImageOrigine>
<CropImageOrigine>3969 383 3916 301
</CropImageOrigine>
</Attribut>
</TexturedSurface>
<TexturedSurface Id ="84718">
<Attribut>
<FaceType>Wall</FaceType>
<TextureRatio>22.4062</TextureRatio>
<ImageOrigine>2_6078.tif</ImageOrigine>
<CropImageOrigine>3840 1930 3772 1926
</CropImageOrigine>
</Attribut>
</TexturedSurface>
<TexturedSurface Id ="84721">
<Attribut>
<FaceType>Wall</FaceType>
</Attribut>
</TexturedSurface>
</WallSurface >
</BuildingPart >
</Building >
</CityModel>
</Chantier_Bati3D>
