<Chantier_Bati3D>
<Bbox>
<Xmin>532785.575</Xmin>
<Xmax>532790.025</Xmax>
<Ymin>152407.015</Ymin>
<Ymax>152423.385</Ymax>
<Zmin>399.668</Zmin>
<Zmax>415.500</Zmax>
</Bbox>
<CityModel Id ="80592">
<Building  Id ="80868">
<Attribut>
<centre>532787.800 147462.517</centre>
</Attribut>
<BuildingPart  Id ="80869">
<RoofSurface  Id ="80875">
<TexturedSurface Id ="80876">
<Attribut>
<FaceType>Roof</FaceType>
<TextureRatio>0.999932</TextureRatio>
<ImageOrigine>2_6084.tif</ImageOrigine>
<CropImageOrigine>189 2621 144 2503
</CropImageOrigine>
</Attribut>
</TexturedSurface>
</RoofSurface >
<WallSurface  Id ="84727">
<TexturedSurface Id ="84728">
<Attribut>
<FaceType>Wall</FaceType>
<TextureRatio>2.46704</TextureRatio>
<ImageOrigine>2_6084.tif</ImageOrigine>
<CropImageOrigine>233 2616 185 2565
</CropImageOrigine>
</Attribut>
</TexturedSurface>
<TexturedSurface Id ="84731">
<Attribut>
<FaceType>Wall</FaceType>
<TextureRatio>3.14581</TextureRatio>
<ImageOrigine>1_6040.tif</ImageOrigine>
<CropImageOrigine>3564 108 3520 70
</CropImageOrigine>
</Attribut>
</TexturedSurface>
<TexturedSurface Id ="84734">
<Attribut>
<FaceType>Wall</FaceType>
<TextureRatio>2.4577</TextureRatio>
<ImageOrigine>2_6084.tif</ImageOrigine>
<CropImageOrigine>222 2580 177 2557
</CropImageOrigine>
</Attribut>
</TexturedSurface>
<TexturedSurface Id ="84737">
<Attribut>
<FaceType>Wall</FaceType>
<TextureRatio>1.75393</TextureRatio>
<ImageOrigine>3_6089.tif</ImageOrigine>
<CropImageOrigine>3617 4006 3580 3951
</CropImageOrigine>
</Attribut>
</TexturedSurface>
<TexturedSurface Id ="84740">
<Attribut>
<FaceType>Wall</FaceType>
<TextureRatio>2.46075</TextureRatio>
<ImageOrigine>2_6084.tif</ImageOrigine>
<CropImageOrigine>223 2571 176 2536
</CropImageOrigine>
</Attribut>
</TexturedSurface>
<TexturedSurface Id ="84743">
<Attribut>
<FaceType>Wall</FaceType>
<TextureRatio>3.21158</TextureRatio>
<ImageOrigine>1_6040.tif</ImageOrigine>
<CropImageOrigine>3566 137 3526 100
</CropImageOrigine>
</Attribut>
</TexturedSurface>
<TexturedSurface Id ="84746">
<Attribut>
<FaceType>Wall</FaceType>
<TextureRatio>2.45783</TextureRatio>
<ImageOrigine>2_6084.tif</ImageOrigine>
<CropImageOrigine>218 2550 173 2527
</CropImageOrigine>
</Attribut>
</TexturedSurface>
<TexturedSurface Id ="84749">
<Attribut>
<FaceType>Wall</FaceType>
<TextureRatio>1.73252</TextureRatio>
<ImageOrigine>3_6089.tif</ImageOrigine>
<CropImageOrigine>3620 4035 3578 3979
</CropImageOrigine>
</Attribut>
</TexturedSurface>
<TexturedSurface Id ="84752">
<Attribut>
<FaceType>Wall</FaceType>
<TextureRatio>2.46735</TextureRatio>
<ImageOrigine>2_6084.tif</ImageOrigine>
<CropImageOrigine>223 2540 175 2491
</CropImageOrigine>
</Attribut>
</TexturedSurface>
<TexturedSurface Id ="84755">
<Attribut>
<FaceType>Wall</FaceType>
<TextureRatio>3.31559</TextureRatio>
<ImageOrigine>1_6040.tif</ImageOrigine>
<CropImageOrigine>3591 181 3524 142
</CropImageOrigine>
</Attribut>
</TexturedSurface>
<TexturedSurface Id ="84758">
<Attribut>
<FaceType>Wall</FaceType>
<TextureRatio>2.344</TextureRatio>
<ImageOrigine>1_6045.tif</ImageOrigine>
<CropImageOrigine>218 1070 160 949
</CropImageOrigine>
</Attribut>
</TexturedSurface>
<TexturedSurface Id ="84761">
<Attribut>
<FaceType>Wall</FaceType>
<TextureRatio>1.78701</TextureRatio>
<ImageOrigine>3_6089.tif</ImageOrigine>
<CropImageOrigine>3636 3963 3571 3907
</CropImageOrigine>
</Attribut>
</TexturedSurface>
</WallSurface >
</BuildingPart >
</Building >
</CityModel>
</Chantier_Bati3D>
