<Chantier_Bati3D>
<Bbox>
<Xmin>532792.775</Xmin>
<Xmax>532840.000</Xmax>
<Ymin>152408.835</Ymin>
<Ymax>152421.565</Ymax>
<Zmin>398.777</Zmin>
<Zmax>415.500</Zmax>
</Bbox>
<CityModel Id ="80592">
<Building  Id ="80879">
<Attribut>
<centre>532816.387 147461.608</centre>
</Attribut>
<BuildingPart  Id ="80880">
<RoofSurface  Id ="80886">
<TexturedSurface Id ="80887">
<Attribut>
<FaceType>Roof</FaceType>
<TextureRatio>0.99964</TextureRatio>
<ImageOrigine>2_6081.tif</ImageOrigine>
<CropImageOrigine>2470 2760 2139 2644
</CropImageOrigine>
</Attribut>
</TexturedSurface>
</RoofSurface >
<WallSurface  Id ="84767">
<TexturedSurface Id ="84768">
<Attribut>
<FaceType>Wall</FaceType>
<TextureRatio>3.23338</TextureRatio>
<ImageOrigine>1_6040.tif</ImageOrigine>
<CropImageOrigine>3912 117 3861 77
</CropImageOrigine>
</Attribut>
</TexturedSurface>
<TexturedSurface Id ="84771">
<Attribut>
<FaceType>Wall</FaceType>
<TextureRatio>2.40822</TextureRatio>
<ImageOrigine>2_6078.tif</ImageOrigine>
<CropImageOrigine>3849 2252 3800 2207
</CropImageOrigine>
</Attribut>
</TexturedSurface>
<TexturedSurface Id ="84774">
<Attribut>
<FaceType>Wall</FaceType>
<TextureRatio>1.7606</TextureRatio>
<ImageOrigine>3_6089.tif</ImageOrigine>
<CropImageOrigine>3975 3990 3650 3903
</CropImageOrigine>
</Attribut>
</TexturedSurface>
<TexturedSurface Id ="84777">
<Attribut>
<FaceType>Wall</FaceType>
<TextureRatio>2.84504</TextureRatio>
<ImageOrigine>2_6079.tif</ImageOrigine>
<CropImageOrigine>3288 2476 3251 2442
</CropImageOrigine>
</Attribut>
</TexturedSurface>
<TexturedSurface Id ="84780">
<Attribut>
<FaceType>Wall</FaceType>
<TextureRatio>1.77802</TextureRatio>
<ImageOrigine>3_6089.tif</ImageOrigine>
<CropImageOrigine>3686 3970 3619 3913
</CropImageOrigine>
</Attribut>
</TexturedSurface>
<TexturedSurface Id ="84783">
<Attribut>
<FaceType>Wall</FaceType>
<TextureRatio>2.39943</TextureRatio>
<ImageOrigine>2_6084.tif</ImageOrigine>
<CropImageOrigine>182 2610 126 2509
</CropImageOrigine>
</Attribut>
</TexturedSurface>
<TexturedSurface Id ="84786">
<Attribut>
<FaceType>Wall</FaceType>
<TextureRatio>3.2866</TextureRatio>
<ImageOrigine>1_6040.tif</ImageOrigine>
<CropImageOrigine>3637 165 3569 126
</CropImageOrigine>
</Attribut>
</TexturedSurface>
<TexturedSurface Id ="84789">
<Attribut>
<FaceType>Wall</FaceType>
<TextureRatio>2.402</TextureRatio>
<ImageOrigine>1_6045.tif</ImageOrigine>
<CropImageOrigine>259 1054 212 1012
</CropImageOrigine>
</Attribut>
</TexturedSurface>
<TexturedSurface Id ="84792">
<Attribut>
<FaceType>Wall</FaceType>
<TextureRatio>3.22939</TextureRatio>
<ImageOrigine>1_6040.tif</ImageOrigine>
<CropImageOrigine>3910 140 3595 77
</CropImageOrigine>
</Attribut>
</TexturedSurface>
</WallSurface >
</BuildingPart >
</Building >
</CityModel>
</Chantier_Bati3D>
