<Chantier_Bati3D>
<Bbox>
<Xmin>532785.615</Xmin>
<Xmax>532840.385</Xmax>
<Ymin>152406.365</Ymin>
<Ymax>152425.205</Ymax>
<Zmin>398.698</Zmin>
<Zmax>411.380</Zmax>
</Bbox>
<CityModel Id ="80592">
<Building  Id ="80890">
<Attribut>
<centre>532813.000 147463.428</centre>
</Attribut>
<BuildingPart  Id ="80891">
<RoofSurface  Id ="80897">
<TexturedSurface Id ="80898">
<Attribut>
<FaceType>Roof</FaceType>
<TextureRatio>1.00004</TextureRatio>
<ImageOrigine>2_6081.tif</ImageOrigine>
<CropImageOrigine>2517 2805 2129 2622
</CropImageOrigine>
</Attribut>
</TexturedSurface>
</RoofSurface >
<WallSurface  Id ="84798">
<TexturedSurface Id ="84799">
<Attribut>
<FaceType>Wall</FaceType>
</Attribut>
</TexturedSurface>
<TexturedSurface Id ="84802">
<Attribut>
<FaceType>Wall</FaceType>
</Attribut>
</TexturedSurface>
<TexturedSurface Id ="84805">
<Attribut>
<FaceType>Wall</FaceType>
<TextureRatio>2.41993</TextureRatio>
<ImageOrigine>2_6078.tif</ImageOrigine>
<CropImageOrigine>3831 2299 3794 2268
</CropImageOrigine>
</Attribut>
</TexturedSurface>
<TexturedSurface Id ="84808">
<Attribut>
<FaceType>Wall</FaceType>
<TextureRatio>1.80324</TextureRatio>
<ImageOrigine>3_6089.tif</ImageOrigine>
<CropImageOrigine>3962 3930 3641 3858
</CropImageOrigine>
</Attribut>
</TexturedSurface>
<TexturedSurface Id ="84811">
<Attribut>
<FaceType>Wall</FaceType>
<TextureRatio>2.37448</TextureRatio>
<ImageOrigine>2_6084.tif</ImageOrigine>
<CropImageOrigine>161 2634 124 2598
</CropImageOrigine>
</Attribut>
</TexturedSurface>
<TexturedSurface Id ="84814">
<Attribut>
<FaceType>Wall</FaceType>
<TextureRatio>1.78403</TextureRatio>
<ImageOrigine>3_6089.tif</ImageOrigine>
<CropImageOrigine>3670 3956 3619 3914
</CropImageOrigine>
</Attribut>
</TexturedSurface>
<TexturedSurface Id ="84817">
<Attribut>
<FaceType>Wall</FaceType>
<TextureRatio>3.33854</TextureRatio>
<ImageOrigine>3_6089.tif</ImageOrigine>
<CropImageOrigine>3648 3963 3619 3916
</CropImageOrigine>
</Attribut>
</TexturedSurface>
<TexturedSurface Id ="84820">
<Attribut>
<FaceType>Wall</FaceType>
<TextureRatio>1.77854</TextureRatio>
<ImageOrigine>3_6089.tif</ImageOrigine>
<CropImageOrigine>3647 3965 3602 3923
</CropImageOrigine>
</Attribut>
</TexturedSurface>
<TexturedSurface Id ="84823">
<Attribut>
<FaceType>Wall</FaceType>
<TextureRatio>2.76432</TextureRatio>
<ImageOrigine>2_6079.tif</ImageOrigine>
<CropImageOrigine>3325 2488 3297 2460
</CropImageOrigine>
</Attribut>
</TexturedSurface>
<TexturedSurface Id ="84826">
<Attribut>
<FaceType>Wall</FaceType>
<TextureRatio>1.79314</TextureRatio>
<ImageOrigine>3_6089.tif</ImageOrigine>
<CropImageOrigine>3627 3949 3572 3907
</CropImageOrigine>
</Attribut>
</TexturedSurface>
<TexturedSurface Id ="84829">
<Attribut>
<FaceType>Wall</FaceType>
<TextureRatio>2.47515</TextureRatio>
<ImageOrigine>2_6084.tif</ImageOrigine>
<CropImageOrigine>232 2612 196 2563
</CropImageOrigine>
</Attribut>
</TexturedSurface>
<TexturedSurface Id ="84832">
<Attribut>
<FaceType>Wall</FaceType>
<TextureRatio>3.15962</TextureRatio>
<ImageOrigine>1_6040.tif</ImageOrigine>
<CropImageOrigine>3555 110 3521 81
</CropImageOrigine>
</Attribut>
</TexturedSurface>
<TexturedSurface Id ="84835">
<Attribut>
<FaceType>Wall</FaceType>
<TextureRatio>2.46597</TextureRatio>
<ImageOrigine>2_6084.tif</ImageOrigine>
<CropImageOrigine>221 2575 188 2559
</CropImageOrigine>
</Attribut>
</TexturedSurface>
<TexturedSurface Id ="84838">
<Attribut>
<FaceType>Wall</FaceType>
<TextureRatio>1.76125</TextureRatio>
<ImageOrigine>3_6089.tif</ImageOrigine>
<CropImageOrigine>3608 3990 3577 3949
</CropImageOrigine>
</Attribut>
</TexturedSurface>
<TexturedSurface Id ="84841">
<Attribut>
<FaceType>Wall</FaceType>
<TextureRatio>2.47279</TextureRatio>
<ImageOrigine>2_6084.tif</ImageOrigine>
<CropImageOrigine>225 2569 190 2534
</CropImageOrigine>
</Attribut>
</TexturedSurface>
<TexturedSurface Id ="84844">
<Attribut>
<FaceType>Wall</FaceType>
<TextureRatio>3.22558</TextureRatio>
<ImageOrigine>1_6040.tif</ImageOrigine>
<CropImageOrigine>3556 139 3524 111
</CropImageOrigine>
</Attribut>
</TexturedSurface>
<TexturedSurface Id ="84847">
<Attribut>
<FaceType>Wall</FaceType>
<TextureRatio>2.46605</TextureRatio>
<ImageOrigine>2_6084.tif</ImageOrigine>
<CropImageOrigine>218 2544 184 2529
</CropImageOrigine>
</Attribut>
</TexturedSurface>
<TexturedSurface Id ="84850">
<Attribut>
<FaceType>Wall</FaceType>
<TextureRatio>1.73978</TextureRatio>
<ImageOrigine>3_6089.tif</ImageOrigine>
<CropImageOrigine>3611 4018 3578 3977
</CropImageOrigine>
</Attribut>
</TexturedSurface>
<TexturedSurface Id ="84853">
<Attribut>
<FaceType>Wall</FaceType>
<TextureRatio>2.47547</TextureRatio>
<ImageOrigine>2_6084.tif</ImageOrigine>
<CropImageOrigine>223 2538 186 2491
</CropImageOrigine>
</Attribut>
</TexturedSurface>
<TexturedSurface Id ="84856">
<Attribut>
<FaceType>Wall</FaceType>
<TextureRatio>3.32593</TextureRatio>
<ImageOrigine>1_6040.tif</ImageOrigine>
<CropImageOrigine>3581 181 3525 152
</CropImageOrigine>
</Attribut>
</TexturedSurface>
<TexturedSurface Id ="84859">
<Attribut>
<FaceType>Wall</FaceType>
<TextureRatio>2.35123</TextureRatio>
<ImageOrigine>1_6045.tif</ImageOrigine>
<CropImageOrigine>218 1070 182 1038
</CropImageOrigine>
</Attribut>
</TexturedSurface>
<TexturedSurface Id ="84862">
<Attribut>
<FaceType>Wall</FaceType>
<TextureRatio>4.21771</TextureRatio>
<ImageOrigine>1_6043.tif</ImageOrigine>
<CropImageOrigine>1762 925 1735 905
</CropImageOrigine>
</Attribut>
</TexturedSurface>
<TexturedSurface Id ="84865">
<Attribut>
<FaceType>Wall</FaceType>
<TextureRatio>2.52868</TextureRatio>
<ImageOrigine>1_6040.tif</ImageOrigine>
<CropImageOrigine>3598 165 3568 131
</CropImageOrigine>
</Attribut>
</TexturedSurface>
<TexturedSurface Id ="84868">
<Attribut>
<FaceType>Wall</FaceType>
<TextureRatio>3.29694</TextureRatio>
<ImageOrigine>1_6040.tif</ImageOrigine>
<CropImageOrigine>3621 165 3569 136
</CropImageOrigine>
</Attribut>
</TexturedSurface>
<TexturedSurface Id ="84871">
<Attribut>
<FaceType>Wall</FaceType>
<TextureRatio>2.37489</TextureRatio>
<ImageOrigine>2_6084.tif</ImageOrigine>
<CropImageOrigine>147 2522 110 2496
</CropImageOrigine>
</Attribut>
</TexturedSurface>
<TexturedSurface Id ="84874">
<Attribut>
<FaceType>Wall</FaceType>
<TextureRatio>3.3376</TextureRatio>
<ImageOrigine>1_6040.tif</ImageOrigine>
<CropImageOrigine>3905 180 3592 126
</CropImageOrigine>
</Attribut>
</TexturedSurface>
<TexturedSurface Id ="84877">
<Attribut>
<FaceType>Wall</FaceType>
<TextureRatio>2.42028</TextureRatio>
<ImageOrigine>2_6078.tif</ImageOrigine>
<CropImageOrigine>3837 2188 3801 2167
</CropImageOrigine>
</Attribut>
</TexturedSurface>
<TexturedSurface Id ="84880">
<Attribut>
<FaceType>Wall</FaceType>
</Attribut>
</TexturedSurface>
<TexturedSurface Id ="84883">
<Attribut>
<FaceType>Wall</FaceType>
</Attribut>
</TexturedSurface>
<TexturedSurface Id ="84886">
<Attribut>
<FaceType>Wall</FaceType>
</Attribut>
</TexturedSurface>
<TexturedSurface Id ="84889">
<Attribut>
<FaceType>Wall</FaceType>
</Attribut>
</TexturedSurface>
<TexturedSurface Id ="84892">
<Attribut>
<FaceType>Wall</FaceType>
</Attribut>
</TexturedSurface>
</WallSurface >
</BuildingPart >
</Building >
</CityModel>
</Chantier_Bati3D>
