<Chantier_Bati3D>
<Bbox>
<Xmin>532835.696</Xmin>
<Xmax>532946.138</Xmax>
<Ymin>152330.510</Ymin>
<Ymax>152440.300</Ymax>
<Zmin>396.750</Zmin>
<Zmax>399.900</Zmax>
</Bbox>
<CityModel Id ="80592">
<Building  Id ="80901">
<Attribut>
<centre>532890.917 147470.975</centre>
</Attribut>
<BuildingPart  Id ="80902">
<RoofSurface  Id ="80908">
<TexturedSurface Id ="80909">
<Attribut>
<FaceType>Roof</FaceType>
</Attribut>
<subnode Id ="80907-0">
<Attribut>
<Part>0</Part>
<TextureRatio>1.00088</TextureRatio>
<ImageOrigine>2_6081.tif</ImageOrigine>
<CropImageOrigine>2088 2990 1457 2172
</CropImageOrigine>
</Attribut>
</subnode>
<subnode Id ="80907-1">
<Attribut>
<Part>1</Part>
<TextureRatio>0.999971</TextureRatio>
<ImageOrigine>2_6081.tif</ImageOrigine>
<CropImageOrigine>1517 3004 1499 2987
</CropImageOrigine>
</Attribut>
</subnode>
<subnode Id ="80907-2">
<Attribut>
<Part>2</Part>
<TextureRatio>0.999904</TextureRatio>
<ImageOrigine>2_6081.tif</ImageOrigine>
<CropImageOrigine>1466 2914 1441 2816
</CropImageOrigine>
</Attribut>
</subnode>
</TexturedSurface>
</RoofSurface >
<WallSurface  Id ="84898">
<TexturedSurface Id ="84899">
<Attribut>
<FaceType>Wall</FaceType>
<TextureRatio>2.66679</TextureRatio>
<ImageOrigine>2_6076.tif</ImageOrigine>
<CropImageOrigine>4026 1887 4007 1877
</CropImageOrigine>
</Attribut>
</TexturedSurface>
<TexturedSurface Id ="84902">
<Attribut>
<FaceType>Wall</FaceType>
<TextureRatio>5.85056</TextureRatio>
<ImageOrigine>2_6082.tif</ImageOrigine>
<CropImageOrigine>635 2595 602 2559
</CropImageOrigine>
</Attribut>
</TexturedSurface>
<TexturedSurface Id ="84905">
<Attribut>
<FaceType>Wall</FaceType>
<TextureRatio>6.54373</TextureRatio>
<ImageOrigine>2_6078.tif</ImageOrigine>
<CropImageOrigine>3184 2292 3123 2229
</CropImageOrigine>
</Attribut>
</TexturedSurface>
<TexturedSurface Id ="84908">
<Attribut>
<FaceType>Wall</FaceType>
<TextureRatio>2.23762</TextureRatio>
<ImageOrigine>1_6046.tif</ImageOrigine>
<CropImageOrigine>453 780 399 714
</CropImageOrigine>
</Attribut>
</TexturedSurface>
<TexturedSurface Id ="84911">
<Attribut>
<FaceType>Wall</FaceType>
</Attribut>
</TexturedSurface>
<TexturedSurface Id ="84914">
<Attribut>
<FaceType>Wall</FaceType>
</Attribut>
</TexturedSurface>
<TexturedSurface Id ="84917">
<Attribut>
<FaceType>Wall</FaceType>
<TextureRatio>6.6811</TextureRatio>
<ImageOrigine>2_6082.tif</ImageOrigine>
<CropImageOrigine>669 2684 649 2663
</CropImageOrigine>
</Attribut>
</TexturedSurface>
<TexturedSurface Id ="84920">
<Attribut>
<FaceType>Wall</FaceType>
</Attribut>
</TexturedSurface>
<TexturedSurface Id ="84923">
<Attribut>
<FaceType>Wall</FaceType>
<TextureRatio>6.77117</TextureRatio>
<ImageOrigine>2_6082.tif</ImageOrigine>
<CropImageOrigine>798 2665 674 2510
</CropImageOrigine>
</Attribut>
</TexturedSurface>
<TexturedSurface Id ="84926">
<Attribut>
<FaceType>Wall</FaceType>
<TextureRatio>4.20727</TextureRatio>
<ImageOrigine>1_6043.tif</ImageOrigine>
<CropImageOrigine>2501 764 2498 759
</CropImageOrigine>
</Attribut>
</TexturedSurface>
<TexturedSurface Id ="84929">
<Attribut>
<FaceType>Wall</FaceType>
<TextureRatio>6.76157</TextureRatio>
<ImageOrigine>2_6082.tif</ImageOrigine>
<CropImageOrigine>798 2512 791 2509
</CropImageOrigine>
</Attribut>
</TexturedSurface>
<TexturedSurface Id ="84932">
<Attribut>
<FaceType>Wall</FaceType>
<TextureRatio>3.45564</TextureRatio>
<ImageOrigine>2_6078.tif</ImageOrigine>
<CropImageOrigine>3302 2221 3296 2209
</CropImageOrigine>
</Attribut>
</TexturedSurface>
<TexturedSurface Id ="84935">
<Attribut>
<FaceType>Wall</FaceType>
<TextureRatio>2.21105</TextureRatio>
<ImageOrigine>1_6046.tif</ImageOrigine>
<CropImageOrigine>346 862 307 816
</CropImageOrigine>
</Attribut>
</TexturedSurface>
<TexturedSurface Id ="84938">
<Attribut>
<FaceType>Wall</FaceType>
<TextureRatio>5.84837</TextureRatio>
<ImageOrigine>2_6078.tif</ImageOrigine>
<CropImageOrigine>3266 2269 3253 2258
</CropImageOrigine>
</Attribut>
</TexturedSurface>
<TexturedSurface Id ="84941">
<Attribut>
<FaceType>Wall</FaceType>
<TextureRatio>6.97519</TextureRatio>
<ImageOrigine>2_6082.tif</ImageOrigine>
<CropImageOrigine>820 2573 768 2512
</CropImageOrigine>
</Attribut>
</TexturedSurface>
<TexturedSurface Id ="84944">
<Attribut>
<FaceType>Wall</FaceType>
<TextureRatio>3.52427</TextureRatio>
<ImageOrigine>2_6082.tif</ImageOrigine>
<CropImageOrigine>820 2514 811 2486
</CropImageOrigine>
</Attribut>
</TexturedSurface>
<TexturedSurface Id ="84947">
<Attribut>
<FaceType>Wall</FaceType>
<TextureRatio>3.94256</TextureRatio>
<ImageOrigine>2_6082.tif</ImageOrigine>
<CropImageOrigine>816 2488 810 2486
</CropImageOrigine>
</Attribut>
</TexturedSurface>
<TexturedSurface Id ="84950">
<Attribut>
<FaceType>Wall</FaceType>
<TextureRatio>6.76136</TextureRatio>
<ImageOrigine>2_6082.tif</ImageOrigine>
<CropImageOrigine>816 2487 810 2485
</CropImageOrigine>
</Attribut>
</TexturedSurface>
<TexturedSurface Id ="84953">
<Attribut>
<FaceType>Wall</FaceType>
</Attribut>
</TexturedSurface>
<TexturedSurface Id ="84956">
<Attribut>
<FaceType>Wall</FaceType>
<TextureRatio>6.76999</TextureRatio>
<ImageOrigine>2_6082.tif</ImageOrigine>
<CropImageOrigine>853 2487 812 2439
</CropImageOrigine>
</Attribut>
</TexturedSurface>
<TexturedSurface Id ="84959">
<Attribut>
<FaceType>Wall</FaceType>
</Attribut>
</TexturedSurface>
<TexturedSurface Id ="84962">
<Attribut>
<FaceType>Wall</FaceType>
<TextureRatio>3.18576</TextureRatio>
<ImageOrigine>2_6078.tif</ImageOrigine>
<CropImageOrigine>3399 2169 3393 2152
</CropImageOrigine>
</Attribut>
</TexturedSurface>
<TexturedSurface Id ="84965">
<Attribut>
<FaceType>Wall</FaceType>
</Attribut>
</TexturedSurface>
<TexturedSurface Id ="84968">
<Attribut>
<FaceType>Wall</FaceType>
<TextureRatio>14.8066</TextureRatio>
<ImageOrigine>1_6043.tif</ImageOrigine>
<CropImageOrigine>2406 832 2403 820
</CropImageOrigine>
</Attribut>
</TexturedSurface>
<TexturedSurface Id ="84971">
<Attribut>
<FaceType>Wall</FaceType>
</Attribut>
</TexturedSurface>
<TexturedSurface Id ="84974">
<Attribut>
<FaceType>Wall</FaceType>
<TextureRatio>3.80182</TextureRatio>
<ImageOrigine>2_6082.tif</ImageOrigine>
<CropImageOrigine>900 2442 894 2433
</CropImageOrigine>
</Attribut>
</TexturedSurface>
<TexturedSurface Id ="84977">
<Attribut>
<FaceType>Wall</FaceType>
</Attribut>
</TexturedSurface>
<TexturedSurface Id ="84980">
<Attribut>
<FaceType>Wall</FaceType>
<TextureRatio>3.83511</TextureRatio>
<ImageOrigine>2_6082.tif</ImageOrigine>
<CropImageOrigine>908 2433 891 2338
</CropImageOrigine>
</Attribut>
</TexturedSurface>
<TexturedSurface Id ="84983">
<Attribut>
<FaceType>Wall</FaceType>
<TextureRatio>6.48578</TextureRatio>
<ImageOrigine>2_6082.tif</ImageOrigine>
<CropImageOrigine>939 2339 891 2282
</CropImageOrigine>
</Attribut>
</TexturedSurface>
<TexturedSurface Id ="84986">
<Attribut>
<FaceType>Wall</FaceType>
<TextureRatio>3.10927</TextureRatio>
<ImageOrigine>1_6042.tif</ImageOrigine>
<CropImageOrigine>3171 676 3165 669
</CropImageOrigine>
</Attribut>
</TexturedSurface>
<TexturedSurface Id ="84989">
<Attribut>
<FaceType>Wall</FaceType>
<TextureRatio>9.73109</TextureRatio>
<ImageOrigine>1_6043.tif</ImageOrigine>
<CropImageOrigine>2371 985 2369 980
</CropImageOrigine>
</Attribut>
</TexturedSurface>
<TexturedSurface Id ="84992">
<Attribut>
<FaceType>Wall</FaceType>
<TextureRatio>3.11071</TextureRatio>
<ImageOrigine>1_6042.tif</ImageOrigine>
<CropImageOrigine>3173 675 3168 670
</CropImageOrigine>
</Attribut>
</TexturedSurface>
<TexturedSurface Id ="84995">
<Attribut>
<FaceType>Wall</FaceType>
<TextureRatio>6.44757</TextureRatio>
<ImageOrigine>2_6082.tif</ImageOrigine>
<CropImageOrigine>953 2281 931 2258
</CropImageOrigine>
</Attribut>
</TexturedSurface>
<TexturedSurface Id ="84998">
<Attribut>
<FaceType>Wall</FaceType>
<TextureRatio>16.3747</TextureRatio>
<ImageOrigine>1_6045.tif</ImageOrigine>
<CropImageOrigine>815 1153 809 1150
</CropImageOrigine>
</Attribut>
</TexturedSurface>
<TexturedSurface Id ="85001">
<Attribut>
<FaceType>Wall</FaceType>
<TextureRatio>9.74215</TextureRatio>
<ImageOrigine>1_6043.tif</ImageOrigine>
<CropImageOrigine>2356 1005 2354 1000
</CropImageOrigine>
</Attribut>
</TexturedSurface>
<TexturedSurface Id ="85004">
<Attribut>
<FaceType>Wall</FaceType>
<TextureRatio>3.9055</TextureRatio>
<ImageOrigine>2_6078.tif</ImageOrigine>
<CropImageOrigine>3507 1993 3499 1990
</CropImageOrigine>
</Attribut>
</TexturedSurface>
<TexturedSurface Id ="85007">
<Attribut>
<FaceType>Wall</FaceType>
<TextureRatio>6.48502</TextureRatio>
<ImageOrigine>2_6082.tif</ImageOrigine>
<CropImageOrigine>998 2262 951 2205
</CropImageOrigine>
</Attribut>
</TexturedSurface>
<TexturedSurface Id ="85010">
<Attribut>
<FaceType>Wall</FaceType>
<TextureRatio>26.7203</TextureRatio>
<ImageOrigine>2_6078.tif</ImageOrigine>
<CropImageOrigine>3604 1948 3555 1944
</CropImageOrigine>
</Attribut>
</TexturedSurface>
<TexturedSurface Id ="85013">
<Attribut>
<FaceType>Wall</FaceType>
<TextureRatio>6.78795</TextureRatio>
<ImageOrigine>2_6082.tif</ImageOrigine>
<CropImageOrigine>1082 2201 1036 2145
</CropImageOrigine>
</Attribut>
</TexturedSurface>
<TexturedSurface Id ="85016">
<Attribut>
<FaceType>Wall</FaceType>
<TextureRatio>3.58926</TextureRatio>
<ImageOrigine>1_6042.tif</ImageOrigine>
<CropImageOrigine>3035 814 3029 809
</CropImageOrigine>
</Attribut>
</TexturedSurface>
<TexturedSurface Id ="85019">
<Attribut>
<FaceType>Wall</FaceType>
<TextureRatio>6.63332</TextureRatio>
<ImageOrigine>1_6042.tif</ImageOrigine>
<CropImageOrigine>3036 814 3031 810
</CropImageOrigine>
</Attribut>
</TexturedSurface>
<TexturedSurface Id ="85022">
<Attribut>
<FaceType>Wall</FaceType>
<TextureRatio>6.743</TextureRatio>
<ImageOrigine>2_6082.tif</ImageOrigine>
<CropImageOrigine>1081 2144 1075 2141
</CropImageOrigine>
</Attribut>
</TexturedSurface>
<TexturedSurface Id ="85025">
<Attribut>
<FaceType>Wall</FaceType>
<TextureRatio>3.2248</TextureRatio>
<ImageOrigine>2_6078.tif</ImageOrigine>
<CropImageOrigine>3656 1897 3650 1895
</CropImageOrigine>
</Attribut>
</TexturedSurface>
<TexturedSurface Id ="85028">
<Attribut>
<FaceType>Wall</FaceType>
<TextureRatio>20.0126</TextureRatio>
<ImageOrigine>2_6078.tif</ImageOrigine>
<CropImageOrigine>3668 1898 3650 1896
</CropImageOrigine>
</Attribut>
</TexturedSurface>
<TexturedSurface Id ="85031">
<Attribut>
<FaceType>Wall</FaceType>
<TextureRatio>65.6626</TextureRatio>
<ImageOrigine>1_6042.tif</ImageOrigine>
<CropImageOrigine>3021 819 3018 813
</CropImageOrigine>
</Attribut>
</TexturedSurface>
<TexturedSurface Id ="85034">
<Attribut>
<FaceType>Wall</FaceType>
</Attribut>
</TexturedSurface>
<TexturedSurface Id ="85037">
<Attribut>
<FaceType>Wall</FaceType>
</Attribut>
</TexturedSurface>
<TexturedSurface Id ="85040">
<Attribut>
<FaceType>Wall</FaceType>
</Attribut>
</TexturedSurface>
<TexturedSurface Id ="85043">
<Attribut>
<FaceType>Wall</FaceType>
</Attribut>
</TexturedSurface>
<TexturedSurface Id ="85046">
<Attribut>
<FaceType>Wall</FaceType>
</Attribut>
</TexturedSurface>
<TexturedSurface Id ="85049">
<Attribut>
<FaceType>Wall</FaceType>
</Attribut>
</TexturedSurface>
<TexturedSurface Id ="85052">
<Attribut>
<FaceType>Wall</FaceType>
</Attribut>
</TexturedSurface>
<TexturedSurface Id ="85055">
<Attribut>
<FaceType>Wall</FaceType>
</Attribut>
</TexturedSurface>
<TexturedSurface Id ="85058">
<Attribut>
<FaceType>Wall</FaceType>
</Attribut>
</TexturedSurface>
<TexturedSurface Id ="85061">
<Attribut>
<FaceType>Wall</FaceType>
<TextureRatio>5.58849</TextureRatio>
<ImageOrigine>1_6040.tif</ImageOrigine>
<CropImageOrigine>3978 485 3947 451
</CropImageOrigine>
</Attribut>
</TexturedSurface>
<TexturedSurface Id ="85064">
<Attribut>
<FaceType>Wall</FaceType>
<TextureRatio>2.10267</TextureRatio>
<ImageOrigine>1_6040.tif</ImageOrigine>
<CropImageOrigine>3954 499 3947 481
</CropImageOrigine>
</Attribut>
</TexturedSurface>
<TexturedSurface Id ="85067">
<Attribut>
<FaceType>Wall</FaceType>
<TextureRatio>15.6579</TextureRatio>
<ImageOrigine>1_6042.tif</ImageOrigine>
<CropImageOrigine>2957 921 2953 917
</CropImageOrigine>
</Attribut>
</TexturedSurface>
<TexturedSurface Id ="85070">
<Attribut>
<FaceType>Wall</FaceType>
<TextureRatio>5.52655</TextureRatio>
<ImageOrigine>1_6040.tif</ImageOrigine>
<CropImageOrigine>3954 501 3947 495
</CropImageOrigine>
</Attribut>
</TexturedSurface>
<TexturedSurface Id ="85073">
<Attribut>
<FaceType>Wall</FaceType>
<TextureRatio>2.64842</TextureRatio>
<ImageOrigine>2_6078.tif</ImageOrigine>
<CropImageOrigine>3760 1805 3755 1802
</CropImageOrigine>
</Attribut>
</TexturedSurface>
<TexturedSurface Id ="85076">
<Attribut>
<FaceType>Wall</FaceType>
<TextureRatio>3.0336</TextureRatio>
<ImageOrigine>2_6078.tif</ImageOrigine>
<CropImageOrigine>3762 1807 3755 1804
</CropImageOrigine>
</Attribut>
</TexturedSurface>
<TexturedSurface Id ="85079">
<Attribut>
<FaceType>Wall</FaceType>
<TextureRatio>5.54136</TextureRatio>
<ImageOrigine>1_6040.tif</ImageOrigine>
<CropImageOrigine>3949 575 3880 494
</CropImageOrigine>
</Attribut>
</TexturedSurface>
<TexturedSurface Id ="85082">
<Attribut>
<FaceType>Wall</FaceType>
</Attribut>
</TexturedSurface>
<TexturedSurface Id ="85085">
<Attribut>
<FaceType>Wall</FaceType>
</Attribut>
</TexturedSurface>
<TexturedSurface Id ="85088">
<Attribut>
<FaceType>Wall</FaceType>
</Attribut>
</TexturedSurface>
<TexturedSurface Id ="85091">
<Attribut>
<FaceType>Wall</FaceType>
</Attribut>
</TexturedSurface>
<TexturedSurface Id ="85094">
<Attribut>
<FaceType>Wall</FaceType>
</Attribut>
</TexturedSurface>
<TexturedSurface Id ="85097">
<Attribut>
<FaceType>Wall</FaceType>
</Attribut>
</TexturedSurface>
<TexturedSurface Id ="85100">
<Attribut>
<FaceType>Wall</FaceType>
</Attribut>
</TexturedSurface>
<TexturedSurface Id ="85103">
<Attribut>
<FaceType>Wall</FaceType>
</Attribut>
</TexturedSurface>
<TexturedSurface Id ="85106">
<Attribut>
<FaceType>Wall</FaceType>
<TextureRatio>2.16855</TextureRatio>
<ImageOrigine>1_6040.tif</ImageOrigine>
<CropImageOrigine>3918 647 3859 596
</CropImageOrigine>
</Attribut>
</TexturedSurface>
<TexturedSurface Id ="85109">
<Attribut>
<FaceType>Wall</FaceType>
<TextureRatio>3.01393</TextureRatio>
<ImageOrigine>1_6045.tif</ImageOrigine>
<CropImageOrigine>603 1494 595 1488
</CropImageOrigine>
</Attribut>
</TexturedSurface>
<TexturedSurface Id ="85112">
<Attribut>
<FaceType>Wall</FaceType>
<TextureRatio>2.77352</TextureRatio>
<ImageOrigine>2_6078.tif</ImageOrigine>
<CropImageOrigine>3811 1665 3804 1661
</CropImageOrigine>
</Attribut>
</TexturedSurface>
<TexturedSurface Id ="85115">
<Attribut>
<FaceType>Wall</FaceType>
<TextureRatio>10.4781</TextureRatio>
<ImageOrigine>2_6078.tif</ImageOrigine>
<CropImageOrigine>3813 1665 3806 1663
</CropImageOrigine>
</Attribut>
</TexturedSurface>
<TexturedSurface Id ="85118">
<Attribut>
<FaceType>Wall</FaceType>
<TextureRatio>3.00581</TextureRatio>
<ImageOrigine>1_6045.tif</ImageOrigine>
<CropImageOrigine>615 1488 595 1467
</CropImageOrigine>
</Attribut>
</TexturedSurface>
<TexturedSurface Id ="85121">
<Attribut>
<FaceType>Wall</FaceType>
<TextureRatio>4.41495</TextureRatio>
<ImageOrigine>1_6042.tif</ImageOrigine>
<CropImageOrigine>2950 1040 2947 1037
</CropImageOrigine>
</Attribut>
</TexturedSurface>
<TexturedSurface Id ="85124">
<Attribut>
<FaceType>Wall</FaceType>
<TextureRatio>5.08859</TextureRatio>
<ImageOrigine>1_6040.tif</ImageOrigine>
<CropImageOrigine>3936 621 3930 617
</CropImageOrigine>
</Attribut>
</TexturedSurface>
<TexturedSurface Id ="85127">
<Attribut>
<FaceType>Wall</FaceType>
<TextureRatio>2.13462</TextureRatio>
<ImageOrigine>1_6040.tif</ImageOrigine>
<CropImageOrigine>3938 623 3930 617
</CropImageOrigine>
</Attribut>
</TexturedSurface>
<TexturedSurface Id ="85130">
<Attribut>
<FaceType>Wall</FaceType>
<TextureRatio>3.01349</TextureRatio>
<ImageOrigine>1_6045.tif</ImageOrigine>
<CropImageOrigine>635 1472 612 1446
</CropImageOrigine>
</Attribut>
</TexturedSurface>
<TexturedSurface Id ="85133">
<Attribut>
<FaceType>Wall</FaceType>
<TextureRatio>5.07382</TextureRatio>
<ImageOrigine>1_6040.tif</ImageOrigine>
<CropImageOrigine>4004 598 3953 590
</CropImageOrigine>
</Attribut>
</TexturedSurface>
<TexturedSurface Id ="85136">
<Attribut>
<FaceType>Wall</FaceType>
<TextureRatio>2.33612</TextureRatio>
<ImageOrigine>1_6046.tif</ImageOrigine>
<CropImageOrigine>82 1392 32 1334
</CropImageOrigine>
</Attribut>
</TexturedSurface>
<TexturedSurface Id ="85139">
<Attribut>
<FaceType>Wall</FaceType>
<TextureRatio>3.12965</TextureRatio>
<ImageOrigine>2_6078.tif</ImageOrigine>
<CropImageOrigine>3658 1755 3650 1751
</CropImageOrigine>
</Attribut>
</TexturedSurface>
<TexturedSurface Id ="85142">
<Attribut>
<FaceType>Wall</FaceType>
</Attribut>
</TexturedSurface>
<TexturedSurface Id ="85145">
<Attribut>
<FaceType>Wall</FaceType>
<TextureRatio>2.33121</TextureRatio>
<ImageOrigine>1_6046.tif</ImageOrigine>
<CropImageOrigine>80 1335 72 1331
</CropImageOrigine>
</Attribut>
</TexturedSurface>
<TexturedSurface Id ="85148">
<Attribut>
<FaceType>Wall</FaceType>
<TextureRatio>6.46745</TextureRatio>
<ImageOrigine>1_6042.tif</ImageOrigine>
<CropImageOrigine>3084 945 3056 938
</CropImageOrigine>
</Attribut>
</TexturedSurface>
<TexturedSurface Id ="85151">
<Attribut>
<FaceType>Wall</FaceType>
<TextureRatio>4.55497</TextureRatio>
<ImageOrigine>2_6082.tif</ImageOrigine>
<CropImageOrigine>1030 2010 1026 2008
</CropImageOrigine>
</Attribut>
</TexturedSurface>
<TexturedSurface Id ="85154">
<Attribut>
<FaceType>Wall</FaceType>
<TextureRatio>6.47909</TextureRatio>
<ImageOrigine>1_6042.tif</ImageOrigine>
<CropImageOrigine>3094 942 3080 937
</CropImageOrigine>
</Attribut>
</TexturedSurface>
<TexturedSurface Id ="85157">
<Attribut>
<FaceType>Wall</FaceType>
<TextureRatio>2.24586</TextureRatio>
<ImageOrigine>1_6046.tif</ImageOrigine>
<CropImageOrigine>114 1331 106 1318
</CropImageOrigine>
</Attribut>
</TexturedSurface>
<TexturedSurface Id ="85160">
<Attribut>
<FaceType>Wall</FaceType>
<TextureRatio>12.4165</TextureRatio>
<ImageOrigine>2_6078.tif</ImageOrigine>
<CropImageOrigine>3621 1765 3613 1763
</CropImageOrigine>
</Attribut>
</TexturedSurface>
<TexturedSurface Id ="85163">
<Attribut>
<FaceType>Wall</FaceType>
<TextureRatio>2.24449</TextureRatio>
<ImageOrigine>1_6046.tif</ImageOrigine>
<CropImageOrigine>112 1321 102 1294
</CropImageOrigine>
</Attribut>
</TexturedSurface>
<TexturedSurface Id ="85166">
<Attribut>
<FaceType>Wall</FaceType>
<TextureRatio>4.63368</TextureRatio>
<ImageOrigine>1_6044.tif</ImageOrigine>
<CropImageOrigine>1372 1127 1368 1123
</CropImageOrigine>
</Attribut>
</TexturedSurface>
<TexturedSurface Id ="85169">
<Attribut>
<FaceType>Wall</FaceType>
<TextureRatio>5.22808</TextureRatio>
<ImageOrigine>1_6042.tif</ImageOrigine>
<CropImageOrigine>3090 905 3086 900
</CropImageOrigine>
</Attribut>
</TexturedSurface>
<TexturedSurface Id ="85172">
<Attribut>
<FaceType>Wall</FaceType>
<TextureRatio>3.71196</TextureRatio>
<ImageOrigine>1_6042.tif</ImageOrigine>
<CropImageOrigine>3092 907 3086 901
</CropImageOrigine>
</Attribut>
</TexturedSurface>
<TexturedSurface Id ="85175">
<Attribut>
<FaceType>Wall</FaceType>
<TextureRatio>2.33645</TextureRatio>
<ImageOrigine>1_6046.tif</ImageOrigine>
<CropImageOrigine>148 1298 105 1248
</CropImageOrigine>
</Attribut>
</TexturedSurface>
<TexturedSurface Id ="85178">
<Attribut>
<FaceType>Wall</FaceType>
<TextureRatio>5.80879</TextureRatio>
<ImageOrigine>1_6042.tif</ImageOrigine>
<CropImageOrigine>3157 855 3126 847
</CropImageOrigine>
</Attribut>
</TexturedSurface>
<TexturedSurface Id ="85181">
<Attribut>
<FaceType>Wall</FaceType>
</Attribut>
</TexturedSurface>
<TexturedSurface Id ="85184">
<Attribut>
<FaceType>Wall</FaceType>
<TextureRatio>5.80187</TextureRatio>
<ImageOrigine>1_6042.tif</ImageOrigine>
<CropImageOrigine>3158 850 3153 845
</CropImageOrigine>
</Attribut>
</TexturedSurface>
<TexturedSurface Id ="85187">
<Attribut>
<FaceType>Wall</FaceType>
</Attribut>
</TexturedSurface>
<TexturedSurface Id ="85190">
<Attribut>
<FaceType>Wall</FaceType>
<TextureRatio>3.61451</TextureRatio>
<ImageOrigine>2_6078.tif</ImageOrigine>
<CropImageOrigine>3513 1868 3499 1857
</CropImageOrigine>
</Attribut>
</TexturedSurface>
<TexturedSurface Id ="85193">
<Attribut>
<FaceType>Wall</FaceType>
<TextureRatio>3.09902</TextureRatio>
<ImageOrigine>1_6045.tif</ImageOrigine>
<CropImageOrigine>836 1263 823 1250
</CropImageOrigine>
</Attribut>
</TexturedSurface>
<TexturedSurface Id ="85196">
<Attribut>
<FaceType>Wall</FaceType>
<TextureRatio>3.33289</TextureRatio>
<ImageOrigine>1_6042.tif</ImageOrigine>
<CropImageOrigine>3189 808 3176 797
</CropImageOrigine>
</Attribut>
</TexturedSurface>
<TexturedSurface Id ="85199">
<Attribut>
<FaceType>Wall</FaceType>
</Attribut>
</TexturedSurface>
<TexturedSurface Id ="85202">
<Attribut>
<FaceType>Wall</FaceType>
<TextureRatio>3.67637</TextureRatio>
<ImageOrigine>2_6078.tif</ImageOrigine>
<CropImageOrigine>3504 1888 3484 1871
</CropImageOrigine>
</Attribut>
</TexturedSurface>
<TexturedSurface Id ="85205">
<Attribut>
<FaceType>Wall</FaceType>
<TextureRatio>2.36611</TextureRatio>
<ImageOrigine>1_6046.tif</ImageOrigine>
<CropImageOrigine>193 1193 181 1152
</CropImageOrigine>
</Attribut>
</TexturedSurface>
<TexturedSurface Id ="85208">
<Attribut>
<FaceType>Wall</FaceType>
<TextureRatio>2.30289</TextureRatio>
<ImageOrigine>1_6046.tif</ImageOrigine>
<CropImageOrigine>209 1155 181 1125
</CropImageOrigine>
</Attribut>
</TexturedSurface>
<TexturedSurface Id ="85211">
<Attribut>
<FaceType>Wall</FaceType>
<TextureRatio>3.90588</TextureRatio>
<ImageOrigine>2_6078.tif</ImageOrigine>
<CropImageOrigine>3475 1957 3467 1954
</CropImageOrigine>
</Attribut>
</TexturedSurface>
<TexturedSurface Id ="85214">
<Attribut>
<FaceType>Wall</FaceType>
<TextureRatio>6.05728</TextureRatio>
<ImageOrigine>2_6082.tif</ImageOrigine>
<CropImageOrigine>918 2233 913 2232
</CropImageOrigine>
</Attribut>
</TexturedSurface>
<TexturedSurface Id ="85217">
<Attribut>
<FaceType>Wall</FaceType>
<TextureRatio>7.55484</TextureRatio>
<ImageOrigine>2_6079.tif</ImageOrigine>
<CropImageOrigine>2652 2147 2648 2145
</CropImageOrigine>
</Attribut>
</TexturedSurface>
<TexturedSurface Id ="85220">
<Attribut>
<FaceType>Wall</FaceType>
<TextureRatio>3.01586</TextureRatio>
<ImageOrigine>1_6045.tif</ImageOrigine>
<CropImageOrigine>848 1178 841 1172
</CropImageOrigine>
</Attribut>
</TexturedSurface>
<TexturedSurface Id ="85223">
<Attribut>
<FaceType>Wall</FaceType>
<TextureRatio>3.15525</TextureRatio>
<ImageOrigine>1_6042.tif</ImageOrigine>
<CropImageOrigine>3204 728 3187 714
</CropImageOrigine>
</Attribut>
</TexturedSurface>
<TexturedSurface Id ="85226">
<Attribut>
<FaceType>Wall</FaceType>
<TextureRatio>2.31725</TextureRatio>
<ImageOrigine>1_6046.tif</ImageOrigine>
<CropImageOrigine>264 1134 212 1072
</CropImageOrigine>
</Attribut>
</TexturedSurface>
<TexturedSurface Id ="85229">
<Attribut>
<FaceType>Wall</FaceType>
<TextureRatio>4.23223</TextureRatio>
<ImageOrigine>2_6078.tif</ImageOrigine>
<CropImageOrigine>3409 2009 3395 2000
</CropImageOrigine>
</Attribut>
</TexturedSurface>
<TexturedSurface Id ="85232">
<Attribut>
<FaceType>Wall</FaceType>
<TextureRatio>6.00626</TextureRatio>
<ImageOrigine>2_6082.tif</ImageOrigine>
<CropImageOrigine>899 2296 858 2248
</CropImageOrigine>
</Attribut>
</TexturedSurface>
<TexturedSurface Id ="85235">
<Attribut>
<FaceType>Wall</FaceType>
<TextureRatio>4.23657</TextureRatio>
<ImageOrigine>2_6078.tif</ImageOrigine>
<CropImageOrigine>3458 1973 3448 1968
</CropImageOrigine>
</Attribut>
</TexturedSurface>
<TexturedSurface Id ="85238">
<Attribut>
<FaceType>Wall</FaceType>
<TextureRatio>3.01586</TextureRatio>
<ImageOrigine>1_6045.tif</ImageOrigine>
<CropImageOrigine>861 1161 854 1155
</CropImageOrigine>
</Attribut>
</TexturedSurface>
<TexturedSurface Id ="85241">
<Attribut>
<FaceType>Wall</FaceType>
<TextureRatio>3.11153</TextureRatio>
<ImageOrigine>1_6042.tif</ImageOrigine>
<CropImageOrigine>3206 700 3201 695
</CropImageOrigine>
</Attribut>
</TexturedSurface>
<TexturedSurface Id ="85244">
<Attribut>
<FaceType>Wall</FaceType>
<TextureRatio>6.02757</TextureRatio>
<ImageOrigine>2_6082.tif</ImageOrigine>
<CropImageOrigine>902 2255 896 2253
</CropImageOrigine>
</Attribut>
</TexturedSurface>
<TexturedSurface Id ="85247">
<Attribut>
<FaceType>Wall</FaceType>
<TextureRatio>3.11309</TextureRatio>
<ImageOrigine>1_6042.tif</ImageOrigine>
<CropImageOrigine>3208 703 3201 696
</CropImageOrigine>
</Attribut>
</TexturedSurface>
<TexturedSurface Id ="85250">
<Attribut>
<FaceType>Wall</FaceType>
<TextureRatio>2.30321</TextureRatio>
<ImageOrigine>1_6046.tif</ImageOrigine>
<CropImageOrigine>300 1109 216 1006
</CropImageOrigine>
</Attribut>
</TexturedSurface>
<TexturedSurface Id ="85253">
<Attribut>
<FaceType>Wall</FaceType>
<TextureRatio>4.45465</TextureRatio>
<ImageOrigine>1_6042.tif</ImageOrigine>
<CropImageOrigine>3309 593 3284 584
</CropImageOrigine>
</Attribut>
</TexturedSurface>
<TexturedSurface Id ="85256">
<Attribut>
<FaceType>Wall</FaceType>
<TextureRatio>2.82013</TextureRatio>
<ImageOrigine>1_6042.tif</ImageOrigine>
<CropImageOrigine>3329 604 3304 584
</CropImageOrigine>
</Attribut>
</TexturedSurface>
<TexturedSurface Id ="85259">
<Attribut>
<FaceType>Wall</FaceType>
</Attribut>
</TexturedSurface>
<TexturedSurface Id ="85262">
<Attribut>
<FaceType>Wall</FaceType>
</Attribut>
</TexturedSurface>
<TexturedSurface Id ="85265">
<Attribut>
<FaceType>Wall</FaceType>
</Attribut>
</TexturedSurface>
<TexturedSurface Id ="85268">
<Attribut>
<FaceType>Wall</FaceType>
</Attribut>
</TexturedSurface>
<TexturedSurface Id ="85271">
<Attribut>
<FaceType>Wall</FaceType>
<TextureRatio>11.2704</TextureRatio>
<ImageOrigine>1_6043.tif</ImageOrigine>
<CropImageOrigine>2542 874 2525 850
</CropImageOrigine>
</Attribut>
</TexturedSurface>
<TexturedSurface Id ="85274">
<Attribut>
<FaceType>Wall</FaceType>
<TextureRatio>4.2682</TextureRatio>
<ImageOrigine>1_6042.tif</ImageOrigine>
<CropImageOrigine>3354 539 3342 532
</CropImageOrigine>
</Attribut>
</TexturedSurface>
<TexturedSurface Id ="85277">
<Attribut>
<FaceType>Wall</FaceType>
</Attribut>
</TexturedSurface>
<TexturedSurface Id ="85280">
<Attribut>
<FaceType>Wall</FaceType>
</Attribut>
</TexturedSurface>
<TexturedSurface Id ="85283">
<Attribut>
<FaceType>Wall</FaceType>
<TextureRatio>11.2715</TextureRatio>
<ImageOrigine>1_6043.tif</ImageOrigine>
<CropImageOrigine>2580 823 2563 798
</CropImageOrigine>
</Attribut>
</TexturedSurface>
<TexturedSurface Id ="85286">
<Attribut>
<FaceType>Wall</FaceType>
<TextureRatio>4.08792</TextureRatio>
<ImageOrigine>1_6042.tif</ImageOrigine>
<CropImageOrigine>3393 485 3382 478
</CropImageOrigine>
</Attribut>
</TexturedSurface>
<TexturedSurface Id ="85289">
<Attribut>
<FaceType>Wall</FaceType>
</Attribut>
</TexturedSurface>
<TexturedSurface Id ="85292">
<Attribut>
<FaceType>Wall</FaceType>
</Attribut>
</TexturedSurface>
<TexturedSurface Id ="85295">
<Attribut>
<FaceType>Wall</FaceType>
<TextureRatio>11.2715</TextureRatio>
<ImageOrigine>1_6043.tif</ImageOrigine>
<CropImageOrigine>2618 772 2601 746
</CropImageOrigine>
</Attribut>
</TexturedSurface>
<TexturedSurface Id ="85298">
<Attribut>
<FaceType>Wall</FaceType>
<TextureRatio>3.92208</TextureRatio>
<ImageOrigine>1_6042.tif</ImageOrigine>
<CropImageOrigine>3433 432 3421 424
</CropImageOrigine>
</Attribut>
</TexturedSurface>
<TexturedSurface Id ="85301">
<Attribut>
<FaceType>Wall</FaceType>
</Attribut>
</TexturedSurface>
<TexturedSurface Id ="85304">
<Attribut>
<FaceType>Wall</FaceType>
</Attribut>
</TexturedSurface>
<TexturedSurface Id ="85307">
<Attribut>
<FaceType>Wall</FaceType>
<TextureRatio>3.95429</TextureRatio>
<ImageOrigine>1_6046.tif</ImageOrigine>
<CropImageOrigine>492 856 454 848
</CropImageOrigine>
</Attribut>
</TexturedSurface>
<TexturedSurface Id ="85310">
<Attribut>
<FaceType>Wall</FaceType>
<TextureRatio>2.99754</TextureRatio>
<ImageOrigine>2_6082.tif</ImageOrigine>
<CropImageOrigine>608 2535 596 2500
</CropImageOrigine>
</Attribut>
</TexturedSurface>
<TexturedSurface Id ="85313">
<Attribut>
<FaceType>Wall</FaceType>
</Attribut>
</TexturedSurface>
<TexturedSurface Id ="85316">
<Attribut>
<FaceType>Wall</FaceType>
<TextureRatio>3.13175</TextureRatio>
<ImageOrigine>2_6076.tif</ImageOrigine>
<CropImageOrigine>4028 1799 4012 1791
</CropImageOrigine>
</Attribut>
</TexturedSurface>
<TexturedSurface Id ="85319">
<Attribut>
<FaceType>Wall</FaceType>
<TextureRatio>1.99517</TextureRatio>
<ImageOrigine>2_6076.tif</ImageOrigine>
<CropImageOrigine>4023 1873 4012 1797
</CropImageOrigine>
</Attribut>
</TexturedSurface>
<TexturedSurface Id ="85322">
<Attribut>
<FaceType>Wall</FaceType>
<TextureRatio>2.34306</TextureRatio>
<ImageOrigine>1_6046.tif</ImageOrigine>
<CropImageOrigine>499 810 487 799
</CropImageOrigine>
</Attribut>
</TexturedSurface>
</WallSurface >
</BuildingPart >
</Building >
</CityModel>
</Chantier_Bati3D>
