<Chantier_Bati3D>
<Bbox>
<Xmin>532893.170</Xmin>
<Xmax>532938.050</Xmax>
<Ymin>152316.800</Ymin>
<Ymax>152324.000</Ymax>
<Zmin>396.429</Zmin>
<Zmax>403.500</Zmax>
</Bbox>
<CityModel Id ="80592">
<Building  Id ="80912">
<Attribut>
<centre>532915.610 147412.825</centre>
</Attribut>
<BuildingPart  Id ="80913">
<RoofSurface  Id ="80919">
<TexturedSurface Id ="80920">
<Attribut>
<FaceType>Roof</FaceType>
<TextureRatio>0.999997</TextureRatio>
<ImageOrigine>2_6078.tif</ImageOrigine>
<CropImageOrigine>3495 1592 3190 1527
</CropImageOrigine>
</Attribut>
</TexturedSurface>
</RoofSurface >
<WallSurface  Id ="85328">
<TexturedSurface Id ="85329">
<Attribut>
<FaceType>Wall</FaceType>
</Attribut>
</TexturedSurface>
<TexturedSurface Id ="85332">
<Attribut>
<FaceType>Wall</FaceType>
<TextureRatio>13.0667</TextureRatio>
<ImageOrigine>2_6079.tif</ImageOrigine>
<CropImageOrigine>2368 1766 2357 1761
</CropImageOrigine>
</Attribut>
</TexturedSurface>
<TexturedSurface Id ="85335">
<Attribut>
<FaceType>Wall</FaceType>
<TextureRatio>3.89673</TextureRatio>
<ImageOrigine>2_6078.tif</ImageOrigine>
<CropImageOrigine>3194 1580 3181 1565
</CropImageOrigine>
</Attribut>
</TexturedSurface>
<TexturedSurface Id ="85338">
<Attribut>
<FaceType>Wall</FaceType>
<TextureRatio>8.44137</TextureRatio>
<ImageOrigine>2_6078.tif</ImageOrigine>
<CropImageOrigine>3489 1597 3181 1575
</CropImageOrigine>
</Attribut>
</TexturedSurface>
<TexturedSurface Id ="85341">
<Attribut>
<FaceType>Wall</FaceType>
<TextureRatio>3.89396</TextureRatio>
<ImageOrigine>2_6082.tif</ImageOrigine>
<CropImageOrigine>857 1883 844 1872
</CropImageOrigine>
</Attribut>
</TexturedSurface>
<TexturedSurface Id ="85344">
<Attribut>
<FaceType>Wall</FaceType>
<TextureRatio>26.7863</TextureRatio>
<ImageOrigine>2_6081.tif</ImageOrigine>
<CropImageOrigine>1695 2174 1687 2172
</CropImageOrigine>
</Attribut>
</TexturedSurface>
<TexturedSurface Id ="85347">
<Attribut>
<FaceType>Wall</FaceType>
</Attribut>
</TexturedSurface>
<TexturedSurface Id ="85350">
<Attribut>
<FaceType>Wall</FaceType>
</Attribut>
</TexturedSurface>
<TexturedSurface Id ="85353">
<Attribut>
<FaceType>Wall</FaceType>
</Attribut>
</TexturedSurface>
<TexturedSurface Id ="85356">
<Attribut>
<FaceType>Wall</FaceType>
</Attribut>
</TexturedSurface>
<TexturedSurface Id ="85359">
<Attribut>
<FaceType>Wall</FaceType>
</Attribut>
</TexturedSurface>
<TexturedSurface Id ="85362">
<Attribut>
<FaceType>Wall</FaceType>
</Attribut>
</TexturedSurface>
<TexturedSurface Id ="85365">
<Attribut>
<FaceType>Wall</FaceType>
</Attribut>
</TexturedSurface>
<TexturedSurface Id ="85368">
<Attribut>
<FaceType>Wall</FaceType>
</Attribut>
</TexturedSurface>
<TexturedSurface Id ="85371">
<Attribut>
<FaceType>Wall</FaceType>
</Attribut>
</TexturedSurface>
</WallSurface >
</BuildingPart >
</Building >
</CityModel>
</Chantier_Bati3D>
