<Chantier_Bati3D>
<Bbox>
<Xmin>532938.158</Xmin>
<Xmax>532944.030</Xmax>
<Ymin>152304.115</Ymin>
<Ymax>152312.659</Ymax>
<Zmin>396.258</Zmin>
<Zmax>403.500</Zmax>
</Bbox>
<CityModel Id ="80592">
<Building  Id ="80923">
<Attribut>
<centre>532941.094 147407.155</centre>
</Attribut>
<BuildingPart  Id ="80924">
<RoofSurface  Id ="80930">
<TexturedSurface Id ="80931">
<Attribut>
<FaceType>Roof</FaceType>
<TextureRatio>0.999839</TextureRatio>
<ImageOrigine>2_6079.tif</ImageOrigine>
<CropImageOrigine>2369 1694 2327 1637
</CropImageOrigine>
</Attribut>
</TexturedSurface>
</RoofSurface >
<WallSurface  Id ="85377">
<TexturedSurface Id ="85378">
<Attribut>
<FaceType>Wall</FaceType>
</Attribut>
</TexturedSurface>
<TexturedSurface Id ="85381">
<Attribut>
<FaceType>Wall</FaceType>
</Attribut>
</TexturedSurface>
<TexturedSurface Id ="85384">
<Attribut>
<FaceType>Wall</FaceType>
<TextureRatio>6.684</TextureRatio>
<ImageOrigine>1_6043.tif</ImageOrigine>
<CropImageOrigine>2758 1436 2733 1417
</CropImageOrigine>
</Attribut>
</TexturedSurface>
<TexturedSurface Id ="85387">
<Attribut>
<FaceType>Wall</FaceType>
<TextureRatio>3.21199</TextureRatio>
<ImageOrigine>1_6046.tif</ImageOrigine>
<CropImageOrigine>579 1541 546 1516
</CropImageOrigine>
</Attribut>
</TexturedSurface>
</WallSurface >
</BuildingPart >
</Building >
</CityModel>
</Chantier_Bati3D>
