<Chantier_Bati3D>
<Bbox>
<Xmin>532962.400</Xmin>
<Xmax>532980.400</Xmax>
<Ymin>152324.000</Ymin>
<Ymax>152345.600</Ymax>
<Zmin>395.639</Zmin>
<Zmax>399.600</Zmax>
</Bbox>
<CityModel Id ="80592">
<Building  Id ="80934">
<Attribut>
<centre>532971.400 147423.625</centre>
</Attribut>
<BuildingPart  Id ="80935">
<RoofSurface  Id ="80941">
<TexturedSurface Id ="80942">
<Attribut>
<FaceType>Roof</FaceType>
<TextureRatio>0.999958</TextureRatio>
<ImageOrigine>2_6081.tif</ImageOrigine>
<CropImageOrigine>1262 2416 1121 2255
</CropImageOrigine>
</Attribut>
</TexturedSurface>
</RoofSurface >
<WallSurface  Id ="85393">
<TexturedSurface Id ="85394">
<Attribut>
<FaceType>Wall</FaceType>
</Attribut>
</TexturedSurface>
<TexturedSurface Id ="85397">
<Attribut>
<FaceType>Wall</FaceType>
<TextureRatio>2.76215</TextureRatio>
<ImageOrigine>2_6082.tif</ImageOrigine>
<CropImageOrigine>426 2082 398 1939
</CropImageOrigine>
</Attribut>
</TexturedSurface>
<TexturedSurface Id ="85400">
<Attribut>
<FaceType>Wall</FaceType>
</Attribut>
</TexturedSurface>
<TexturedSurface Id ="85403">
<Attribut>
<FaceType>Wall</FaceType>
<TextureRatio>2.24114</TextureRatio>
<ImageOrigine>2_6076.tif</ImageOrigine>
<CropImageOrigine>3799 1364 3787 1218
</CropImageOrigine>
</Attribut>
</TexturedSurface>
</WallSurface >
</BuildingPart >
</Building >
</CityModel>
</Chantier_Bati3D>
