<Chantier_Bati3D>
<Bbox>
<Xmin>532881.259</Xmin>
<Xmax>532893.170</Xmax>
<Ymin>152319.549</Ymin>
<Ymax>152365.542</Ymax>
<Zmin>397.288</Zmin>
<Zmax>403.500</Zmax>
</Bbox>
<CityModel Id ="80592">
<Building  Id ="80945">
<Attribut>
<centre>532887.214 147433.596</centre>
</Attribut>
<BuildingPart  Id ="80946">
<RoofSurface  Id ="80952">
<TexturedSurface Id ="80953">
<Attribut>
<FaceType>Roof</FaceType>
<TextureRatio>0.999288</TextureRatio>
<ImageOrigine>2_6081.tif</ImageOrigine>
<CropImageOrigine>1805 2454 1687 2152
</CropImageOrigine>
</Attribut>
</TexturedSurface>
</RoofSurface >
<WallSurface  Id ="85409">
<TexturedSurface Id ="85410">
<Attribut>
<FaceType>Wall</FaceType>
<TextureRatio>2.40449</TextureRatio>
<ImageOrigine>1_6046.tif</ImageOrigine>
<CropImageOrigine>262 1460 223 1290
</CropImageOrigine>
</Attribut>
</TexturedSurface>
<TexturedSurface Id ="85413">
<Attribut>
<FaceType>Wall</FaceType>
</Attribut>
</TexturedSurface>
<TexturedSurface Id ="85416">
<Attribut>
<FaceType>Wall</FaceType>
</Attribut>
</TexturedSurface>
<TexturedSurface Id ="85419">
<Attribut>
<FaceType>Wall</FaceType>
<TextureRatio>6.77335</TextureRatio>
<ImageOrigine>2_6079.tif</ImageOrigine>
<CropImageOrigine>2666 2066 2641 2046
</CropImageOrigine>
</Attribut>
</TexturedSurface>
<TexturedSurface Id ="85422">
<Attribut>
<FaceType>Wall</FaceType>
<TextureRatio>5.61172</TextureRatio>
<ImageOrigine>2_6082.tif</ImageOrigine>
<CropImageOrigine>966 2152 903 2084
</CropImageOrigine>
</Attribut>
</TexturedSurface>
<TexturedSurface Id ="85425">
<Attribut>
<FaceType>Wall</FaceType>
<TextureRatio>3.51776</TextureRatio>
<ImageOrigine>1_6042.tif</ImageOrigine>
<CropImageOrigine>3215 915 3141 858
</CropImageOrigine>
</Attribut>
</TexturedSurface>
<TexturedSurface Id ="85428">
<Attribut>
<FaceType>Wall</FaceType>
<TextureRatio>3.97618</TextureRatio>
<ImageOrigine>2_6082.tif</ImageOrigine>
<CropImageOrigine>899 2033 866 1866
</CropImageOrigine>
</Attribut>
</TexturedSurface>
<TexturedSurface Id ="85431">
<Attribut>
<FaceType>Wall</FaceType>
</Attribut>
</TexturedSurface>
<TexturedSurface Id ="85434">
<Attribut>
<FaceType>Wall</FaceType>
</Attribut>
</TexturedSurface>
<TexturedSurface Id ="85437">
<Attribut>
<FaceType>Wall</FaceType>
</Attribut>
</TexturedSurface>
</WallSurface >
</BuildingPart >
</Building >
</CityModel>
</Chantier_Bati3D>
