<Chantier_Bati3D>
<Bbox>
<Xmin>532937.630</Xmin>
<Xmax>532944.030</Xmax>
<Ymin>152313.736</Ymin>
<Ymax>152349.930</Ymax>
<Zmin>396.288</Zmin>
<Zmax>403.500</Zmax>
</Bbox>
<CityModel Id ="80592">
<Building  Id ="80956">
<Attribut>
<centre>532940.830 147425.790</centre>
</Attribut>
<BuildingPart  Id ="80957">
<RoofSurface  Id ="80963">
<TexturedSurface Id ="80964">
<Attribut>
<FaceType>Roof</FaceType>
<TextureRatio>0.999956</TextureRatio>
<ImageOrigine>2_6078.tif</ImageOrigine>
<CropImageOrigine>3192 1750 3151 1503
</CropImageOrigine>
</Attribut>
</TexturedSurface>
</RoofSurface >
<WallSurface  Id ="85443">
<TexturedSurface Id ="85444">
<Attribut>
<FaceType>Wall</FaceType>
<TextureRatio>3.0725</TextureRatio>
<ImageOrigine>2_6082.tif</ImageOrigine>
<CropImageOrigine>585 2062 546 1888
</CropImageOrigine>
</Attribut>
</TexturedSurface>
<TexturedSurface Id ="85447">
<Attribut>
<FaceType>Wall</FaceType>
</Attribut>
</TexturedSurface>
<TexturedSurface Id ="85450">
<Attribut>
<FaceType>Wall</FaceType>
</Attribut>
</TexturedSurface>
<TexturedSurface Id ="85453">
<Attribut>
<FaceType>Wall</FaceType>
</Attribut>
</TexturedSurface>
<TexturedSurface Id ="85456">
<Attribut>
<FaceType>Wall</FaceType>
<TextureRatio>3.80357</TextureRatio>
<ImageOrigine>2_6078.tif</ImageOrigine>
<CropImageOrigine>3172 1567 3138 1539
</CropImageOrigine>
</Attribut>
</TexturedSurface>
<TexturedSurface Id ="85459">
<Attribut>
<FaceType>Wall</FaceType>
<TextureRatio>1.96308</TextureRatio>
<ImageOrigine>2_6076.tif</ImageOrigine>
<CropImageOrigine>4066 1376 4042 1203
</CropImageOrigine>
</Attribut>
</TexturedSurface>
<TexturedSurface Id ="85462">
<Attribut>
<FaceType>Wall</FaceType>
</Attribut>
</TexturedSurface>
<TexturedSurface Id ="85465">
<Attribut>
<FaceType>Wall</FaceType>
</Attribut>
</TexturedSurface>
<TexturedSurface Id ="85468">
<Attribut>
<FaceType>Wall</FaceType>
</Attribut>
</TexturedSurface>
<TexturedSurface Id ="85471">
<Attribut>
<FaceType>Wall</FaceType>
<TextureRatio>3.18779</TextureRatio>
<ImageOrigine>1_6042.tif</ImageOrigine>
<CropImageOrigine>3518 877 3503 858
</CropImageOrigine>
</Attribut>
</TexturedSurface>
<TexturedSurface Id ="85474">
<Attribut>
<FaceType>Wall</FaceType>
<TextureRatio>6.50685</TextureRatio>
<ImageOrigine>1_6042.tif</ImageOrigine>
<CropImageOrigine>3521 877 3504 866
</CropImageOrigine>
</Attribut>
</TexturedSurface>
</WallSurface >
</BuildingPart >
</Building >
</CityModel>
</Chantier_Bati3D>
