<Chantier_Bati3D>
<Bbox>
<Xmin>532886.642</Xmin>
<Xmax>532944.569</Xmax>
<Ymin>152345.622</Ymin>
<Ymax>152362.898</Ymax>
<Zmin>396.474</Zmin>
<Zmax>411.300</Zmax>
</Bbox>
<CityModel Id ="80592">
<Building  Id ="80967">
<Attribut>
<centre>532915.605 147432.274</centre>
</Attribut>
<BuildingPart  Id ="80968">
<RoofSurface  Id ="80974">
<TexturedSurface Id ="80975">
<Attribut>
<FaceType>Roof</FaceType>
<TextureRatio>0.999958</TextureRatio>
<ImageOrigine>2_6078.tif</ImageOrigine>
<CropImageOrigine>3542 1853 3145 1717
</CropImageOrigine>
</Attribut>
</TexturedSurface>
</RoofSurface >
<WallSurface  Id ="85480">
<TexturedSurface Id ="85481">
<Attribut>
<FaceType>Wall</FaceType>
<TextureRatio>4.49262</TextureRatio>
<ImageOrigine>2_6078.tif</ImageOrigine>
<CropImageOrigine>3188 1839 3120 1787
</CropImageOrigine>
</Attribut>
</TexturedSurface>
<TexturedSurface Id ="85484">
<Attribut>
<FaceType>Wall</FaceType>
<TextureRatio>4.26077</TextureRatio>
<ImageOrigine>2_6082.tif</ImageOrigine>
<CropImageOrigine>615 2177 566 2153
</CropImageOrigine>
</Attribut>
</TexturedSurface>
<TexturedSurface Id ="85487">
<Attribut>
<FaceType>Wall</FaceType>
<TextureRatio>16.1282</TextureRatio>
<ImageOrigine>2_6078.tif</ImageOrigine>
<CropImageOrigine>3246 1824 3181 1816
</CropImageOrigine>
</Attribut>
</TexturedSurface>
<TexturedSurface Id ="85490">
<Attribut>
<FaceType>Wall</FaceType>
<TextureRatio>4.25303</TextureRatio>
<ImageOrigine>2_6078.tif</ImageOrigine>
<CropImageOrigine>3252 1830 3218 1818
</CropImageOrigine>
</Attribut>
</TexturedSurface>
<TexturedSurface Id ="85493">
<Attribut>
<FaceType>Wall</FaceType>
<TextureRatio>16.5281</TextureRatio>
<ImageOrigine>2_6078.tif</ImageOrigine>
<CropImageOrigine>3335 1835 3224 1825
</CropImageOrigine>
</Attribut>
</TexturedSurface>
<TexturedSurface Id ="85496">
<Attribut>
<FaceType>Wall</FaceType>
<TextureRatio>4.80496</TextureRatio>
<ImageOrigine>2_6082.tif</ImageOrigine>
<CropImageOrigine>743 2146 709 2136
</CropImageOrigine>
</Attribut>
</TexturedSurface>
<TexturedSurface Id ="85499">
<Attribut>
<FaceType>Wall</FaceType>
<TextureRatio>16.122</TextureRatio>
<ImageOrigine>2_6078.tif</ImageOrigine>
<CropImageOrigine>3477 1836 3312 1824
</CropImageOrigine>
</Attribut>
</TexturedSurface>
<TexturedSurface Id ="85502">
<Attribut>
<FaceType>Wall</FaceType>
<TextureRatio>3.66009</TextureRatio>
<ImageOrigine>2_6078.tif</ImageOrigine>
<CropImageOrigine>3495 1857 3445 1831
</CropImageOrigine>
</Attribut>
</TexturedSurface>
<TexturedSurface Id ="85505">
<Attribut>
<FaceType>Wall</FaceType>
<TextureRatio>5.38938</TextureRatio>
<ImageOrigine>2_6082.tif</ImageOrigine>
<CropImageOrigine>930 2139 869 2088
</CropImageOrigine>
</Attribut>
</TexturedSurface>
<TexturedSurface Id ="85508">
<Attribut>
<FaceType>Wall</FaceType>
<TextureRatio>3.43159</TextureRatio>
<ImageOrigine>1_6042.tif</ImageOrigine>
<CropImageOrigine>3243 896 3175 842
</CropImageOrigine>
</Attribut>
</TexturedSurface>
<TexturedSurface Id ="85511">
<Attribut>
<FaceType>Wall</FaceType>
<TextureRatio>3.88231</TextureRatio>
<ImageOrigine>2_6082.tif</ImageOrigine>
<CropImageOrigine>882 2052 855 2032
</CropImageOrigine>
</Attribut>
</TexturedSurface>
<TexturedSurface Id ="85514">
<Attribut>
<FaceType>Wall</FaceType>
<TextureRatio>6.85731</TextureRatio>
<ImageOrigine>1_6043.tif</ImageOrigine>
<CropImageOrigine>2432 1216 2425 1202
</CropImageOrigine>
</Attribut>
</TexturedSurface>
<TexturedSurface Id ="85517">
<Attribut>
<FaceType>Wall</FaceType>
<TextureRatio>3.87156</TextureRatio>
<ImageOrigine>2_6082.tif</ImageOrigine>
<CropImageOrigine>877 2034 850 2023
</CropImageOrigine>
</Attribut>
</TexturedSurface>
<TexturedSurface Id ="85520">
<Attribut>
<FaceType>Wall</FaceType>
<TextureRatio>6.46633</TextureRatio>
<ImageOrigine>1_6042.tif</ImageOrigine>
<CropImageOrigine>3533 922 3228 856
</CropImageOrigine>
</Attribut>
</TexturedSurface>
<TexturedSurface Id ="85523">
<Attribut>
<FaceType>Wall</FaceType>
<TextureRatio>2.81932</TextureRatio>
<ImageOrigine>1_6046.tif</ImageOrigine>
<CropImageOrigine>511 1293 475 1273
</CropImageOrigine>
</Attribut>
</TexturedSurface>
<TexturedSurface Id ="85526">
<Attribut>
<FaceType>Wall</FaceType>
<TextureRatio>6.87793</TextureRatio>
<ImageOrigine>1_6044.tif</ImageOrigine>
<CropImageOrigine>1778 1099 1766 1085
</CropImageOrigine>
</Attribut>
</TexturedSurface>
<TexturedSurface Id ="85529">
<Attribut>
<FaceType>Wall</FaceType>
<TextureRatio>2.82534</TextureRatio>
<ImageOrigine>1_6046.tif</ImageOrigine>
<CropImageOrigine>513 1284 476 1254
</CropImageOrigine>
</Attribut>
</TexturedSurface>
<TexturedSurface Id ="85532">
<Attribut>
<FaceType>Wall</FaceType>
<TextureRatio>2.75504</TextureRatio>
<ImageOrigine>1_6046.tif</ImageOrigine>
<CropImageOrigine>544 1266 476 1210
</CropImageOrigine>
</Attribut>
</TexturedSurface>
</WallSurface >
</BuildingPart >
</Building >
</CityModel>
</Chantier_Bati3D>
