<Chantier_Bati3D>
<Bbox>
<Xmin>532943.500</Xmin>
<Xmax>532988.548</Xmax>
<Ymin>152360.000</Ymin>
<Ymax>152367.200</Ymax>
<Zmin>395.758</Zmin>
<Zmax>403.500</Zmax>
</Bbox>
<CityModel Id ="80592">
<Building  Id ="80978">
<Attribut>
<centre>532966.024 147434.425</centre>
</Attribut>
<BuildingPart  Id ="80979">
<RoofSurface  Id ="80985">
<TexturedSurface Id ="80986">
<Attribut>
<FaceType>Roof</FaceType>
<TextureRatio>1.00001</TextureRatio>
<ImageOrigine>2_6078.tif</ImageOrigine>
<CropImageOrigine>3136 1864 2832 1799
</CropImageOrigine>
</Attribut>
</TexturedSurface>
</RoofSurface >
<WallSurface  Id ="85538">
<TexturedSurface Id ="85539">
<Attribut>
<FaceType>Wall</FaceType>
<TextureRatio>5.89375</TextureRatio>
<ImageOrigine>1_6044.tif</ImageOrigine>
<CropImageOrigine>1796 985 1790 977
</CropImageOrigine>
</Attribut>
</TexturedSurface>
<TexturedSurface Id ="85542">
<Attribut>
<FaceType>Wall</FaceType>
<TextureRatio>6.31113</TextureRatio>
<ImageOrigine>2_6081.tif</ImageOrigine>
<CropImageOrigine>1406 2504 1396 2487
</CropImageOrigine>
</Attribut>
</TexturedSurface>
<TexturedSurface Id ="85545">
<Attribut>
<FaceType>Wall</FaceType>
</Attribut>
</TexturedSurface>
<TexturedSurface Id ="85548">
<Attribut>
<FaceType>Wall</FaceType>
</Attribut>
</TexturedSurface>
<TexturedSurface Id ="85551">
<Attribut>
<FaceType>Wall</FaceType>
</Attribut>
</TexturedSurface>
<TexturedSurface Id ="85554">
<Attribut>
<FaceType>Wall</FaceType>
</Attribut>
</TexturedSurface>
<TexturedSurface Id ="85557">
<Attribut>
<FaceType>Wall</FaceType>
</Attribut>
</TexturedSurface>
<TexturedSurface Id ="85560">
<Attribut>
<FaceType>Wall</FaceType>
</Attribut>
</TexturedSurface>
<TexturedSurface Id ="85563">
<Attribut>
<FaceType>Wall</FaceType>
<TextureRatio>3.09443</TextureRatio>
<ImageOrigine>1_6046.tif</ImageOrigine>
<CropImageOrigine>803 1175 773 1148
</CropImageOrigine>
</Attribut>
</TexturedSurface>
<TexturedSurface Id ="85566">
<Attribut>
<FaceType>Wall</FaceType>
<TextureRatio>2.28867</TextureRatio>
<ImageOrigine>2_6076.tif</ImageOrigine>
<CropImageOrigine>3757 1495 3734 1469
</CropImageOrigine>
</Attribut>
</TexturedSurface>
<TexturedSurface Id ="85569">
<Attribut>
<FaceType>Wall</FaceType>
<TextureRatio>8.1847</TextureRatio>
<ImageOrigine>2_6076.tif</ImageOrigine>
<CropImageOrigine>3760 1495 3734 1488
</CropImageOrigine>
</Attribut>
</TexturedSurface>
<TexturedSurface Id ="85572">
<Attribut>
<FaceType>Wall</FaceType>
<TextureRatio>2.29453</TextureRatio>
<ImageOrigine>2_6076.tif</ImageOrigine>
<CropImageOrigine>3760 1504 3737 1488
</CropImageOrigine>
</Attribut>
</TexturedSurface>
<TexturedSurface Id ="85575">
<Attribut>
<FaceType>Wall</FaceType>
<TextureRatio>8.32938</TextureRatio>
<ImageOrigine>2_6076.tif</ImageOrigine>
<CropImageOrigine>4045 1505 3737 1497
</CropImageOrigine>
</Attribut>
</TexturedSurface>
<TexturedSurface Id ="85578">
<Attribut>
<FaceType>Wall</FaceType>
<TextureRatio>6.30395</TextureRatio>
<ImageOrigine>2_6081.tif</ImageOrigine>
<CropImageOrigine>1408 2521 1398 2510
</CropImageOrigine>
</Attribut>
</TexturedSurface>
<TexturedSurface Id ="85581">
<Attribut>
<FaceType>Wall</FaceType>
<TextureRatio>8.184</TextureRatio>
<ImageOrigine>2_6076.tif</ImageOrigine>
<CropImageOrigine>4048 1496 4022 1489
</CropImageOrigine>
</Attribut>
</TexturedSurface>
<TexturedSurface Id ="85584">
<Attribut>
<FaceType>Wall</FaceType>
</Attribut>
</TexturedSurface>
</WallSurface >
</BuildingPart >
</Building >
</CityModel>
</Chantier_Bati3D>
