<Chantier_Bati3D>
<Bbox>
<Xmin>532938.155</Xmin>
<Xmax>532994.546</Xmax>
<Ymin>152345.600</Ymin>
<Ymax>152365.485</Ymax>
<Zmin>395.679</Zmin>
<Zmax>407.400</Zmax>
</Bbox>
<CityModel Id ="80592">
<Building  Id ="80989">
<Attribut>
<centre>532966.351 147433.567</centre>
</Attribut>
<BuildingPart  Id ="80990">
<RoofSurface  Id ="80996">
<TexturedSurface Id ="80997">
<Attribut>
<FaceType>Roof</FaceType>
<TextureRatio>0.99989</TextureRatio>
<ImageOrigine>2_6078.tif</ImageOrigine>
<CropImageOrigine>3186 1853 2799 1699
</CropImageOrigine>
</Attribut>
</TexturedSurface>
</RoofSurface >
<WallSurface  Id ="85590">
<TexturedSurface Id ="85591">
<Attribut>
<FaceType>Wall</FaceType>
</Attribut>
</TexturedSurface>
<TexturedSurface Id ="85594">
<Attribut>
<FaceType>Wall</FaceType>
</Attribut>
</TexturedSurface>
<TexturedSurface Id ="85597">
<Attribut>
<FaceType>Wall</FaceType>
<TextureRatio>5.14761</TextureRatio>
<ImageOrigine>1_6043.tif</ImageOrigine>
<CropImageOrigine>2724 1171 2697 1145
</CropImageOrigine>
</Attribut>
</TexturedSurface>
<TexturedSurface Id ="85600">
<Attribut>
<FaceType>Wall</FaceType>
<TextureRatio>3.96125</TextureRatio>
<ImageOrigine>1_6045.tif</ImageOrigine>
<CropImageOrigine>1179 1328 1149 1301
</CropImageOrigine>
</Attribut>
</TexturedSurface>
<TexturedSurface Id ="85603">
<Attribut>
<FaceType>Wall</FaceType>
<TextureRatio>3.09614</TextureRatio>
<ImageOrigine>1_6042.tif</ImageOrigine>
<CropImageOrigine>3562 862 3537 828
</CropImageOrigine>
</Attribut>
</TexturedSurface>
<TexturedSurface Id ="85606">
<Attribut>
<FaceType>Wall</FaceType>
<TextureRatio>6.40742</TextureRatio>
<ImageOrigine>1_6042.tif</ImageOrigine>
<CropImageOrigine>3565 862 3540 846
</CropImageOrigine>
</Attribut>
</TexturedSurface>
<TexturedSurface Id ="85609">
<Attribut>
<FaceType>Wall</FaceType>
<TextureRatio>2.97892</TextureRatio>
<ImageOrigine>2_6082.tif</ImageOrigine>
<CropImageOrigine>548 2075 521 2065
</CropImageOrigine>
</Attribut>
</TexturedSurface>
<TexturedSurface Id ="85612">
<Attribut>
<FaceType>Wall</FaceType>
<TextureRatio>6.49021</TextureRatio>
<ImageOrigine>1_6042.tif</ImageOrigine>
<CropImageOrigine>3851 870 3544 807
</CropImageOrigine>
</Attribut>
</TexturedSurface>
<TexturedSurface Id ="85615">
<Attribut>
<FaceType>Wall</FaceType>
<TextureRatio>2.28747</TextureRatio>
<ImageOrigine>2_6076.tif</ImageOrigine>
<CropImageOrigine>3772 1373 3738 1351
</CropImageOrigine>
</Attribut>
</TexturedSurface>
<TexturedSurface Id ="85618">
<Attribut>
<FaceType>Wall</FaceType>
<TextureRatio>6.7612</TextureRatio>
<ImageOrigine>1_6045.tif</ImageOrigine>
<CropImageOrigine>1450 1298 1434 1288
</CropImageOrigine>
</Attribut>
</TexturedSurface>
<TexturedSurface Id ="85621">
<Attribut>
<FaceType>Wall</FaceType>
<TextureRatio>2.29183</TextureRatio>
<ImageOrigine>2_6076.tif</ImageOrigine>
<CropImageOrigine>3768 1395 3734 1360
</CropImageOrigine>
</Attribut>
</TexturedSurface>
<TexturedSurface Id ="85624">
<Attribut>
<FaceType>Wall</FaceType>
<TextureRatio>3.2098</TextureRatio>
<ImageOrigine>1_6046.tif</ImageOrigine>
<CropImageOrigine>844 1232 790 1180
</CropImageOrigine>
</Attribut>
</TexturedSurface>
<TexturedSurface Id ="85627">
<Attribut>
<FaceType>Wall</FaceType>
<TextureRatio>2.50685</TextureRatio>
<ImageOrigine>2_6076.tif</ImageOrigine>
<CropImageOrigine>3769 1475 3695 1422
</CropImageOrigine>
</Attribut>
</TexturedSurface>
<TexturedSurface Id ="85630">
<Attribut>
<FaceType>Wall</FaceType>
<TextureRatio>3.45504</TextureRatio>
<ImageOrigine>2_6082.tif</ImageOrigine>
<CropImageOrigine>286 2218 239 2195
</CropImageOrigine>
</Attribut>
</TexturedSurface>
<TexturedSurface Id ="85633">
<Attribut>
<FaceType>Wall</FaceType>
<TextureRatio>7.59608</TextureRatio>
<ImageOrigine>2_6076.tif</ImageOrigine>
<CropImageOrigine>3916 1458 3752 1447
</CropImageOrigine>
</Attribut>
</TexturedSurface>
<TexturedSurface Id ="85636">
<Attribut>
<FaceType>Wall</FaceType>
<TextureRatio>2.34361</TextureRatio>
<ImageOrigine>2_6076.tif</ImageOrigine>
<CropImageOrigine>3922 1464 3881 1447
</CropImageOrigine>
</Attribut>
</TexturedSurface>
<TexturedSurface Id ="85639">
<Attribut>
<FaceType>Wall</FaceType>
<TextureRatio>7.68082</TextureRatio>
<ImageOrigine>2_6076.tif</ImageOrigine>
<CropImageOrigine>4001 1464 3887 1453
</CropImageOrigine>
</Attribut>
</TexturedSurface>
<TexturedSurface Id ="85642">
<Attribut>
<FaceType>Wall</FaceType>
<TextureRatio>3.96527</TextureRatio>
<ImageOrigine>2_6082.tif</ImageOrigine>
<CropImageOrigine>508 2176 476 2166
</CropImageOrigine>
</Attribut>
</TexturedSurface>
<TexturedSurface Id ="85645">
<Attribut>
<FaceType>Wall</FaceType>
<TextureRatio>7.59334</TextureRatio>
<ImageOrigine>2_6076.tif</ImageOrigine>
<CropImageOrigine>4043 1458 3971 1447
</CropImageOrigine>
</Attribut>
</TexturedSurface>
<TexturedSurface Id ="85648">
<Attribut>
<FaceType>Wall</FaceType>
<TextureRatio>4.64725</TextureRatio>
<ImageOrigine>2_6078.tif</ImageOrigine>
<CropImageOrigine>3161 1856 3107 1813
</CropImageOrigine>
</Attribut>
</TexturedSurface>
<TexturedSurface Id ="85651">
<Attribut>
<FaceType>Wall</FaceType>
<TextureRatio>4.24505</TextureRatio>
<ImageOrigine>2_6082.tif</ImageOrigine>
<CropImageOrigine>599 2196 559 2173
</CropImageOrigine>
</Attribut>
</TexturedSurface>
</WallSurface >
</BuildingPart >
</Building >
</CityModel>
</Chantier_Bati3D>
