<Chantier_Bati3D>
<Bbox>
<Xmin>532887.700</Xmin>
<Xmax>532944.569</Xmax>
<Ymin>152302.400</Ymin>
<Ymax>152322.319</Ymax>
<Zmin>396.275</Zmin>
<Zmax>407.400</Zmax>
</Bbox>
<CityModel Id ="80592">
<Building  Id ="81000">
<Attribut>
<centre>532916.135 147411.984</centre>
</Attribut>
<BuildingPart  Id ="81001">
<RoofSurface  Id ="81007">
<TexturedSurface Id ="81008">
<Attribut>
<FaceType>Roof</FaceType>
<TextureRatio>0.999897</TextureRatio>
<ImageOrigine>2_6078.tif</ImageOrigine>
<CropImageOrigine>3546 1580 3156 1425
</CropImageOrigine>
</Attribut>
</TexturedSurface>
</RoofSurface >
<WallSurface  Id ="85657">
<TexturedSurface Id ="85658">
<Attribut>
<FaceType>Wall</FaceType>
<TextureRatio>3.13737</TextureRatio>
<ImageOrigine>1_6046.tif</ImageOrigine>
<CropImageOrigine>578 1487 550 1478
</CropImageOrigine>
</Attribut>
</TexturedSurface>
<TexturedSurface Id ="85661">
<Attribut>
<FaceType>Wall</FaceType>
<TextureRatio>3.7036</TextureRatio>
<ImageOrigine>2_6078.tif</ImageOrigine>
<CropImageOrigine>3198 1551 3137 1496
</CropImageOrigine>
</Attribut>
</TexturedSurface>
<TexturedSurface Id ="85664">
<Attribut>
<FaceType>Wall</FaceType>
<TextureRatio>3.55178</TextureRatio>
<ImageOrigine>2_6082.tif</ImageOrigine>
<CropImageOrigine>578 1891 537 1867
</CropImageOrigine>
</Attribut>
</TexturedSurface>
<TexturedSurface Id ="85667">
<Attribut>
<FaceType>Wall</FaceType>
<TextureRatio>7.68009</TextureRatio>
<ImageOrigine>2_6078.tif</ImageOrigine>
<CropImageOrigine>3256 1535 3198 1524
</CropImageOrigine>
</Attribut>
</TexturedSurface>
<TexturedSurface Id ="85670">
<Attribut>
<FaceType>Wall</FaceType>
<TextureRatio>3.53778</TextureRatio>
<ImageOrigine>2_6078.tif</ImageOrigine>
<CropImageOrigine>3262 1542 3235 1526
</CropImageOrigine>
</Attribut>
</TexturedSurface>
<TexturedSurface Id ="85673">
<Attribut>
<FaceType>Wall</FaceType>
<TextureRatio>7.76863</TextureRatio>
<ImageOrigine>2_6078.tif</ImageOrigine>
<CropImageOrigine>3345 1546 3241 1533
</CropImageOrigine>
</Attribut>
</TexturedSurface>
<TexturedSurface Id ="85676">
<Attribut>
<FaceType>Wall</FaceType>
<TextureRatio>3.90359</TextureRatio>
<ImageOrigine>2_6082.tif</ImageOrigine>
<CropImageOrigine>707 1861 679 1851
</CropImageOrigine>
</Attribut>
</TexturedSurface>
<TexturedSurface Id ="85679">
<Attribut>
<FaceType>Wall</FaceType>
<TextureRatio>7.67709</TextureRatio>
<ImageOrigine>2_6078.tif</ImageOrigine>
<CropImageOrigine>3486 1548 3329 1531
</CropImageOrigine>
</Attribut>
</TexturedSurface>
<TexturedSurface Id ="85682">
<Attribut>
<FaceType>Wall</FaceType>
<TextureRatio>3.12934</TextureRatio>
<ImageOrigine>2_6078.tif</ImageOrigine>
<CropImageOrigine>3522 1587 3462 1539
</CropImageOrigine>
</Attribut>
</TexturedSurface>
<TexturedSurface Id ="85685">
<Attribut>
<FaceType>Wall</FaceType>
<TextureRatio>4.41781</TextureRatio>
<ImageOrigine>2_6082.tif</ImageOrigine>
<CropImageOrigine>892 1869 859 1846
</CropImageOrigine>
</Attribut>
</TexturedSurface>
<TexturedSurface Id ="85688">
<Attribut>
<FaceType>Wall</FaceType>
<TextureRatio>8.92724</TextureRatio>
<ImageOrigine>1_6043.tif</ImageOrigine>
<CropImageOrigine>2463 1422 2415 1381
</CropImageOrigine>
</Attribut>
</TexturedSurface>
<TexturedSurface Id ="85691">
<Attribut>
<FaceType>Wall</FaceType>
</Attribut>
</TexturedSurface>
<TexturedSurface Id ="85694">
<Attribut>
<FaceType>Wall</FaceType>
<TextureRatio>4.15055</TextureRatio>
<ImageOrigine>1_6042.tif</ImageOrigine>
<CropImageOrigine>3259 1185 3224 1162
</CropImageOrigine>
</Attribut>
</TexturedSurface>
<TexturedSurface Id ="85697">
<Attribut>
<FaceType>Wall</FaceType>
<TextureRatio>3.84629</TextureRatio>
<ImageOrigine>1_6045.tif</ImageOrigine>
<CropImageOrigine>911 1621 878 1598
</CropImageOrigine>
</Attribut>
</TexturedSurface>
<TexturedSurface Id ="85700">
<Attribut>
<FaceType>Wall</FaceType>
<TextureRatio>3.99218</TextureRatio>
<ImageOrigine>1_6042.tif</ImageOrigine>
<CropImageOrigine>3277 1184 3258 1155
</CropImageOrigine>
</Attribut>
</TexturedSurface>
<TexturedSurface Id ="85703">
<Attribut>
<FaceType>Wall</FaceType>
<TextureRatio>10.6619</TextureRatio>
<ImageOrigine>1_6042.tif</ImageOrigine>
<CropImageOrigine>3280 1184 3261 1174
</CropImageOrigine>
</Attribut>
</TexturedSurface>
<TexturedSurface Id ="85706">
<Attribut>
<FaceType>Wall</FaceType>
<TextureRatio>3.88435</TextureRatio>
<ImageOrigine>2_6082.tif</ImageOrigine>
<CropImageOrigine>840 1751 820 1736
</CropImageOrigine>
</Attribut>
</TexturedSurface>
<TexturedSurface Id ="85709">
<Attribut>
<FaceType>Wall</FaceType>
<TextureRatio>10.8979</TextureRatio>
<ImageOrigine>1_6042.tif</ImageOrigine>
<CropImageOrigine>3562 1193 3265 1137
</CropImageOrigine>
</Attribut>
</TexturedSurface>
<TexturedSurface Id ="85712">
<Attribut>
<FaceType>Wall</FaceType>
<TextureRatio>2.82802</TextureRatio>
<ImageOrigine>1_6046.tif</ImageOrigine>
<CropImageOrigine>544 1553 518 1540
</CropImageOrigine>
</Attribut>
</TexturedSurface>
<TexturedSurface Id ="85715">
<Attribut>
<FaceType>Wall</FaceType>
<TextureRatio>10.7245</TextureRatio>
<ImageOrigine>1_6046.tif</ImageOrigine>
<CropImageOrigine>547 1545 518 1540
</CropImageOrigine>
</Attribut>
</TexturedSurface>
<TexturedSurface Id ="85718">
<Attribut>
<FaceType>Wall</FaceType>
<TextureRatio>2.83396</TextureRatio>
<ImageOrigine>1_6046.tif</ImageOrigine>
<CropImageOrigine>547 1545 519 1522
</CropImageOrigine>
</Attribut>
</TexturedSurface>
<TexturedSurface Id ="85721">
<Attribut>
<FaceType>Wall</FaceType>
<TextureRatio>3.1363</TextureRatio>
<ImageOrigine>1_6046.tif</ImageOrigine>
<CropImageOrigine>575 1527 519 1482
</CropImageOrigine>
</Attribut>
</TexturedSurface>
</WallSurface >
</BuildingPart >
</Building >
</CityModel>
</Chantier_Bati3D>
