<Chantier_Bati3D>
<Bbox>
<Xmin>533271.240</Xmin>
<Xmax>533275.603</Xmax>
<Ymin>152767.220</Ymin>
<Ymax>152770.660</Ymax>
<Zmin>2.440</Zmin>
<Zmax>2.440</Zmax>
</Bbox>
<CityModel Id ="80592">
<Building  Id ="81011">
<Attribut>
<centre>533273.421 147636.155</centre>
</Attribut>
<BuildingPart  Id ="81012">
<RoofSurface  Id ="81018">
<TexturedSurface Id ="81019">
<Attribut>
<FaceType>Roof</FaceType>
<TextureRatio>1.00003</TextureRatio>
<ImageOrigine>3_6097.tif</ImageOrigine>
<CropImageOrigine>1666 1665 1646 1650
</CropImageOrigine>
</Attribut>
</TexturedSurface>
</RoofSurface >
</BuildingPart >
</Building >
</CityModel>
</Chantier_Bati3D>
