<Chantier_Bati3D>
<Bbox>
<Xmin>532920.156</Xmin>
<Xmax>532928.595</Xmax>
<Ymin>152511.010</Ymin>
<Ymax>152583.255</Ymax>
<Zmin>398.091</Zmin>
<Zmax>401.520</Zmax>
</Bbox>
<CityModel Id ="80592">
<Building  Id ="81022">
<Attribut>
<centre>532924.375 147542.453</centre>
</Attribut>
<BuildingPart  Id ="81023">
<RoofSurface  Id ="81029">
<TexturedSurface Id ="81030">
<Attribut>
<FaceType>Roof</FaceType>
<TextureRatio>0.99987</TextureRatio>
<ImageOrigine>2_6078.tif</ImageOrigine>
<CropImageOrigine>3230 3320 3144 2834
</CropImageOrigine>
</Attribut>
</TexturedSurface>
</RoofSurface >
<WallSurface  Id ="85732">
<TexturedSurface Id ="85733">
<Attribut>
<FaceType>Wall</FaceType>
<TextureRatio>3.12425</TextureRatio>
<ImageOrigine>3_6091.tif</ImageOrigine>
<CropImageOrigine>3111 3177 3079 3167
</CropImageOrigine>
</Attribut>
</TexturedSurface>
<TexturedSurface Id ="85736">
<Attribut>
<FaceType>Wall</FaceType>
</Attribut>
</TexturedSurface>
<TexturedSurface Id ="85739">
<Attribut>
<FaceType>Wall</FaceType>
</Attribut>
</TexturedSurface>
<TexturedSurface Id ="85742">
<Attribut>
<FaceType>Wall</FaceType>
<TextureRatio>3.35966</TextureRatio>
<ImageOrigine>2_6082.tif</ImageOrigine>
<CropImageOrigine>853 3224 838 3152
</CropImageOrigine>
</Attribut>
</TexturedSurface>
<TexturedSurface Id ="85745">
<Attribut>
<FaceType>Wall</FaceType>
<TextureRatio>3.79431</TextureRatio>
<ImageOrigine>2_6081.tif</ImageOrigine>
<CropImageOrigine>1715 3490 1698 3480
</CropImageOrigine>
</Attribut>
</TexturedSurface>
<TexturedSurface Id ="85748">
<Attribut>
<FaceType>Wall</FaceType>
<TextureRatio>3.32423</TextureRatio>
<ImageOrigine>2_6082.tif</ImageOrigine>
<CropImageOrigine>831 3160 823 3142
</CropImageOrigine>
</Attribut>
</TexturedSurface>
<TexturedSurface Id ="85751">
<Attribut>
<FaceType>Wall</FaceType>
<TextureRatio>5.55946</TextureRatio>
<ImageOrigine>2_6078.tif</ImageOrigine>
<CropImageOrigine>3216 2851 3201 2846
</CropImageOrigine>
</Attribut>
</TexturedSurface>
<TexturedSurface Id ="85754">
<Attribut>
<FaceType>Wall</FaceType>
<TextureRatio>5.45538</TextureRatio>
<ImageOrigine>3_6091.tif</ImageOrigine>
<CropImageOrigine>3149 3649 3141 3626
</CropImageOrigine>
</Attribut>
</TexturedSurface>
<TexturedSurface Id ="85757">
<Attribut>
<FaceType>Wall</FaceType>
</Attribut>
</TexturedSurface>
<TexturedSurface Id ="85760">
<Attribut>
<FaceType>Wall</FaceType>
<TextureRatio>2.56908</TextureRatio>
<ImageOrigine>3_6095.tif</ImageOrigine>
<CropImageOrigine>592 3870 511 3386
</CropImageOrigine>
</Attribut>
</TexturedSurface>
</WallSurface >
</BuildingPart >
</Building >
</CityModel>
</Chantier_Bati3D>
