<Chantier_Bati3D>
<Bbox>
<Xmin>532874.025</Xmin>
<Xmax>532928.575</Xmax>
<Ymin>152524.975</Ymin>
<Ymax>152583.265</Ymax>
<Zmin>398.236</Zmin>
<Zmax>410.330</Zmax>
</Bbox>
<CityModel Id ="80592">
<Building  Id ="81033">
<Attribut>
<centre>532901.300 147542.458</centre>
</Attribut>
<BuildingPart  Id ="81034">
<RoofSurface  Id ="81040">
<TexturedSurface Id ="81041">
<Attribut>
<FaceType>Roof</FaceType>
<TextureRatio>0.999945</TextureRatio>
<ImageOrigine>2_6081.tif</ImageOrigine>
<CropImageOrigine>2095 3989 1661 3523
</CropImageOrigine>
</Attribut>
</TexturedSurface>
</RoofSurface >
<WallSurface  Id ="85766">
<TexturedSurface Id ="85767">
<Attribut>
<FaceType>Wall</FaceType>
<TextureRatio>4.38845</TextureRatio>
<ImageOrigine>2_6082.tif</ImageOrigine>
<CropImageOrigine>1203 3587 1139 3180
</CropImageOrigine>
</Attribut>
</TexturedSurface>
<TexturedSurface Id ="85770">
<Attribut>
<FaceType>Wall</FaceType>
<TextureRatio>2.48069</TextureRatio>
<ImageOrigine>1_6043.tif</ImageOrigine>
<CropImageOrigine>2496 132 2153 46
</CropImageOrigine>
</Attribut>
</TexturedSurface>
<TexturedSurface Id ="85773">
<Attribut>
<FaceType>Wall</FaceType>
<TextureRatio>2.54956</TextureRatio>
<ImageOrigine>3_6095.tif</ImageOrigine>
<CropImageOrigine>578 3805 490 3386
</CropImageOrigine>
</Attribut>
</TexturedSurface>
<TexturedSurface Id ="85776">
<Attribut>
<FaceType>Wall</FaceType>
<TextureRatio>3.101</TextureRatio>
<ImageOrigine>3_6091.tif</ImageOrigine>
<CropImageOrigine>3125 3245 2749 3167
</CropImageOrigine>
</Attribut>
</TexturedSurface>
</WallSurface >
</BuildingPart >
</Building >
</CityModel>
</Chantier_Bati3D>
