<Chantier_Bati3D>
<Bbox>
<Xmin>532874.025</Xmin>
<Xmax>532887.430</Xmax>
<Ymin>152524.975</Ymin>
<Ymax>152583.265</Ymax>
<Zmin>399.131</Zmin>
<Zmax>414.130</Zmax>
</Bbox>
<CityModel Id ="80592">
<Building  Id ="81044">
<Attribut>
<centre>532880.728 147542.458</centre>
</Attribut>
<BuildingPart  Id ="81045">
<RoofSurface  Id ="81051">
<TexturedSurface Id ="81052">
<Attribut>
<FaceType>Roof</FaceType>
<TextureRatio>0.999905</TextureRatio>
<ImageOrigine>2_6081.tif</ImageOrigine>
<CropImageOrigine>2096 3953 1939 3530
</CropImageOrigine>
</Attribut>
</TexturedSurface>
</RoofSurface >
<WallSurface  Id ="85782">
<TexturedSurface Id ="85783">
<Attribut>
<FaceType>Wall</FaceType>
<TextureRatio>2.17242</TextureRatio>
<ImageOrigine>3_6095.tif</ImageOrigine>
<CropImageOrigine>300 3857 198 3428
</CropImageOrigine>
</Attribut>
</TexturedSurface>
<TexturedSurface Id ="85786">
<Attribut>
<FaceType>Wall</FaceType>
<TextureRatio>3.09018</TextureRatio>
<ImageOrigine>3_6091.tif</ImageOrigine>
<CropImageOrigine>2854 3253 2749 3210
</CropImageOrigine>
</Attribut>
</TexturedSurface>
<TexturedSurface Id ="85789">
<Attribut>
<FaceType>Wall</FaceType>
<TextureRatio>4.3749</TextureRatio>
<ImageOrigine>2_6082.tif</ImageOrigine>
<CropImageOrigine>1203 3596 1134 3180
</CropImageOrigine>
</Attribut>
</TexturedSurface>
<TexturedSurface Id ="85792">
<Attribut>
<FaceType>Wall</FaceType>
<TextureRatio>2.47298</TextureRatio>
<ImageOrigine>1_6043.tif</ImageOrigine>
<CropImageOrigine>2238 132 2153 79
</CropImageOrigine>
</Attribut>
</TexturedSurface>
</WallSurface >
</BuildingPart >
</Building >
</CityModel>
</Chantier_Bati3D>
