<Chantier_Bati3D>
<Bbox>
<Xmin>534071.792</Xmin>
<Xmax>534093.818</Xmax>
<Ymin>152226.600</Ymin>
<Ymax>152237.986</Ymax>
<Zmin>376.800</Zmin>
<Zmax>376.800</Zmax>
</Bbox>
<CityModel Id ="80592">
<Building  Id ="81055">
<Attribut>
<centre>534082.805 147369.818</centre>
</Attribut>
<BuildingPart  Id ="81056">
<RoofSurface  Id ="81062">
<TexturedSurface Id ="81063">
<Attribut>
<FaceType>Roof</FaceType>
<TextureRatio>1.00004</TextureRatio>
<ImageOrigine>1_6057.tif</ImageOrigine>
<CropImageOrigine>682 2107 540 2019
</CropImageOrigine>
</Attribut>
</TexturedSurface>
</RoofSurface >
</BuildingPart >
</Building >
</CityModel>
</Chantier_Bati3D>
