<Chantier_Bati3D>
<Bbox>
<Xmin>533398.150</Xmin>
<Xmax>533419.950</Xmax>
<Ymin>152453.240</Ymin>
<Ymax>152468.360</Ymax>
<Zmin>394.645</Zmin>
<Zmax>404.900</Zmax>
</Bbox>
<CityModel Id ="80592">
<Building  Id ="81066">
<Attribut>
<centre>533409.050 147485.005</centre>
</Attribut>
<BuildingPart  Id ="81067">
<RoofSurface  Id ="81073">
<TexturedSurface Id ="81074">
<Attribut>
<FaceType>Roof</FaceType>
<TextureRatio>0.999863</TextureRatio>
<ImageOrigine>3_6098.tif</ImageOrigine>
<CropImageOrigine>1809 4021 1658 3916
</CropImageOrigine>
</Attribut>
</TexturedSurface>
</RoofSurface >
<WallSurface  Id ="85803">
<TexturedSurface Id ="85804">
<Attribut>
<FaceType>Wall</FaceType>
<TextureRatio>1.93292</TextureRatio>
<ImageOrigine>3_6099.tif</ImageOrigine>
<CropImageOrigine>1074 3989 912 3953
</CropImageOrigine>
</Attribut>
</TexturedSurface>
<TexturedSurface Id ="85807">
<Attribut>
<FaceType>Wall</FaceType>
<TextureRatio>2.75382</TextureRatio>
<ImageOrigine>3_6095.tif</ImageOrigine>
<CropImageOrigine>3766 3811 3725 3683
</CropImageOrigine>
</Attribut>
</TexturedSurface>
<TexturedSurface Id ="85810">
<Attribut>
<FaceType>Wall</FaceType>
<TextureRatio>2.92986</TextureRatio>
<ImageOrigine>1_6049.tif</ImageOrigine>
<CropImageOrigine>1594 397 1447 361
</CropImageOrigine>
</Attribut>
</TexturedSurface>
<TexturedSurface Id ="85813">
<Attribut>
<FaceType>Wall</FaceType>
<TextureRatio>2.06286</TextureRatio>
<ImageOrigine>2_6071.tif</ImageOrigine>
<CropImageOrigine>4036 1342 4003 1236
</CropImageOrigine>
</Attribut>
</TexturedSurface>
</WallSurface >
</BuildingPart >
</Building >
</CityModel>
</Chantier_Bati3D>
