<Chantier_Bati3D>
<Bbox>
<Xmin>532946.240</Xmin>
<Xmax>532974.960</Xmax>
<Ymin>152168.619</Ymin>
<Ymax>152216.586</Ymax>
<Zmin>394.469</Zmin>
<Zmax>411.900</Zmax>
</Bbox>
<CityModel Id ="80592">
<Building  Id ="81077">
<Attribut>
<centre>532960.600 147359.118</centre>
</Attribut>
<BuildingPart  Id ="81078">
<RoofSurface  Id ="81084">
<TexturedSurface Id ="81085">
<Attribut>
<FaceType>Roof</FaceType>
<TextureRatio>0.999997</TextureRatio>
<ImageOrigine>2_6078.tif</ImageOrigine>
<CropImageOrigine>3212 830 2996 489
</CropImageOrigine>
</Attribut>
</TexturedSurface>
</RoofSurface >
<WallSurface  Id ="85819">
<TexturedSurface Id ="85820">
<Attribut>
<FaceType>Wall</FaceType>
</Attribut>
</TexturedSurface>
<TexturedSurface Id ="85823">
<Attribut>
<FaceType>Wall</FaceType>
<TextureRatio>2.1792</TextureRatio>
<ImageOrigine>2_6076.tif</ImageOrigine>
<CropImageOrigine>3876 524 3824 162
</CropImageOrigine>
</Attribut>
</TexturedSurface>
<TexturedSurface Id ="85826">
<Attribut>
<FaceType>Wall</FaceType>
<TextureRatio>2.80325</TextureRatio>
<ImageOrigine>2_6076.tif</ImageOrigine>
<CropImageOrigine>4064 525 3824 484
</CropImageOrigine>
</Attribut>
</TexturedSurface>
<TexturedSurface Id ="85829">
<Attribut>
<FaceType>Wall</FaceType>
<TextureRatio>2.93936</TextureRatio>
<ImageOrigine>2_6082.tif</ImageOrigine>
<CropImageOrigine>422 1223 338 879
</CropImageOrigine>
</Attribut>
</TexturedSurface>
</WallSurface >
</BuildingPart >
</Building >
</CityModel>
</Chantier_Bati3D>
