<Chantier_Bati3D>
<Bbox>
<Xmin>532986.979</Xmin>
<Xmax>532995.420</Xmax>
<Ymin>152179.687</Ymin>
<Ymax>152219.000</Ymax>
<Zmin>394.565</Zmin>
<Zmax>403.500</Zmax>
</Bbox>
<CityModel Id ="80592">
<Building  Id ="81088">
<Attribut>
<centre>532991.200 147360.325</centre>
</Attribut>
<BuildingPart  Id ="81089">
<RoofSurface  Id ="81095">
<TexturedSurface Id ="81096">
<Attribut>
<FaceType>Roof</FaceType>
<TextureRatio>0.999995</TextureRatio>
<ImageOrigine>2_6078.tif</ImageOrigine>
<CropImageOrigine>2918 847 2844 577
</CropImageOrigine>
</Attribut>
</TexturedSurface>
</RoofSurface >
<WallSurface  Id ="85835">
<TexturedSurface Id ="85836">
<Attribut>
<FaceType>Wall</FaceType>
<TextureRatio>2.85379</TextureRatio>
<ImageOrigine>2_6076.tif</ImageOrigine>
<CropImageOrigine>3771 539 3692 518
</CropImageOrigine>
</Attribut>
</TexturedSurface>
<TexturedSurface Id ="85839">
<Attribut>
<FaceType>Wall</FaceType>
<TextureRatio>2.49403</TextureRatio>
<ImageOrigine>2_6082.tif</ImageOrigine>
<CropImageOrigine>157 1273 98 1001
</CropImageOrigine>
</Attribut>
</TexturedSurface>
<TexturedSurface Id ="85842">
<Attribut>
<FaceType>Wall</FaceType>
</Attribut>
</TexturedSurface>
<TexturedSurface Id ="85845">
<Attribut>
<FaceType>Wall</FaceType>
<TextureRatio>1.98126</TextureRatio>
<ImageOrigine>1_6048.tif</ImageOrigine>
<CropImageOrigine>59 2350 5 2109
</CropImageOrigine>
</Attribut>
</TexturedSurface>
</WallSurface >
</BuildingPart >
</Building >
</CityModel>
</Chantier_Bati3D>
