<Chantier_Bati3D>
<Bbox>
<Xmin>532943.940</Xmin>
<Xmax>532980.600</Xmax>
<Ymin>152166.000</Ymin>
<Ymax>152219.125</Ymax>
<Zmin>394.274</Zmin>
<Zmax>403.500</Zmax>
</Bbox>
<CityModel Id ="80592">
<Building  Id ="81099">
<Attribut>
<centre>532962.270 147360.388</centre>
</Attribut>
<BuildingPart  Id ="81100">
<RoofSurface  Id ="81106">
<TexturedSurface Id ="81107">
<Attribut>
<FaceType>Roof</FaceType>
<TextureRatio>0.999832</TextureRatio>
<ImageOrigine>2_6079.tif</ImageOrigine>
<CropImageOrigine>2377 1066 2114 694
</CropImageOrigine>
</Attribut>
</TexturedSurface>
</RoofSurface >
<WallSurface  Id ="85851">
<TexturedSurface Id ="85852">
<Attribut>
<FaceType>Wall</FaceType>
<TextureRatio>4.1005</TextureRatio>
<ImageOrigine>2_6079.tif</ImageOrigine>
<CropImageOrigine>2333 1061 2309 1046
</CropImageOrigine>
</Attribut>
</TexturedSurface>
<TexturedSurface Id ="85855">
<Attribut>
<FaceType>Wall</FaceType>
<TextureRatio>2.0085</TextureRatio>
<ImageOrigine>2_6076.tif</ImageOrigine>
<CropImageOrigine>4024 540 3998 506
</CropImageOrigine>
</Attribut>
</TexturedSurface>
<TexturedSurface Id ="85858">
<Attribut>
<FaceType>Wall</FaceType>
<TextureRatio>2.85076</TextureRatio>
<ImageOrigine>2_6076.tif</ImageOrigine>
<CropImageOrigine>4051 540 3998 521
</CropImageOrigine>
</Attribut>
</TexturedSurface>
<TexturedSurface Id ="85861">
<Attribut>
<FaceType>Wall</FaceType>
<TextureRatio>2.99087</TextureRatio>
<ImageOrigine>2_6082.tif</ImageOrigine>
<CropImageOrigine>439 1237 374 885
</CropImageOrigine>
</Attribut>
</TexturedSurface>
<TexturedSurface Id ="85864">
<Attribut>
<FaceType>Wall</FaceType>
</Attribut>
</TexturedSurface>
<TexturedSurface Id ="85867">
<Attribut>
<FaceType>Wall</FaceType>
<TextureRatio>2.94048</TextureRatio>
<ImageOrigine>1_6046.tif</ImageOrigine>
<CropImageOrigine>700 2352 682 2339
</CropImageOrigine>
</Attribut>
</TexturedSurface>
<TexturedSurface Id ="85870">
<Attribut>
<FaceType>Wall</FaceType>
</Attribut>
</TexturedSurface>
<TexturedSurface Id ="85873">
<Attribut>
<FaceType>Wall</FaceType>
</Attribut>
</TexturedSurface>
<TexturedSurface Id ="85876">
<Attribut>
<FaceType>Wall</FaceType>
</Attribut>
</TexturedSurface>
<TexturedSurface Id ="85879">
<Attribut>
<FaceType>Wall</FaceType>
</Attribut>
</TexturedSurface>
<TexturedSurface Id ="85882">
<Attribut>
<FaceType>Wall</FaceType>
</Attribut>
</TexturedSurface>
<TexturedSurface Id ="85885">
<Attribut>
<FaceType>Wall</FaceType>
</Attribut>
</TexturedSurface>
<TexturedSurface Id ="85888">
<Attribut>
<FaceType>Wall</FaceType>
</Attribut>
</TexturedSurface>
<TexturedSurface Id ="85891">
<Attribut>
<FaceType>Wall</FaceType>
<TextureRatio>2.73265</TextureRatio>
<ImageOrigine>1_6042.tif</ImageOrigine>
<CropImageOrigine>3900 1957 3876 1938
</CropImageOrigine>
</Attribut>
</TexturedSurface>
<TexturedSurface Id ="85894">
<Attribut>
<FaceType>Wall</FaceType>
</Attribut>
</TexturedSurface>
<TexturedSurface Id ="85897">
<Attribut>
<FaceType>Wall</FaceType>
<TextureRatio>2.2374</TextureRatio>
<ImageOrigine>2_6076.tif</ImageOrigine>
<CropImageOrigine>3814 537 3787 169
</CropImageOrigine>
</Attribut>
</TexturedSurface>
<TexturedSurface Id ="85900">
<Attribut>
<FaceType>Wall</FaceType>
<TextureRatio>2.84854</TextureRatio>
<ImageOrigine>2_6076.tif</ImageOrigine>
<CropImageOrigine>3860 537 3788 517
</CropImageOrigine>
</Attribut>
</TexturedSurface>
<TexturedSurface Id ="85903">
<Attribut>
<FaceType>Wall</FaceType>
<TextureRatio>2.63205</TextureRatio>
<ImageOrigine>2_6082.tif</ImageOrigine>
<CropImageOrigine>246 1260 221 1235
</CropImageOrigine>
</Attribut>
</TexturedSurface>
<TexturedSurface Id ="85906">
<Attribut>
<FaceType>Wall</FaceType>
<TextureRatio>2.82321</TextureRatio>
<ImageOrigine>2_6076.tif</ImageOrigine>
<CropImageOrigine>3988 524 3835 504
</CropImageOrigine>
</Attribut>
</TexturedSurface>
<TexturedSurface Id ="85909">
<Attribut>
<FaceType>Wall</FaceType>
<TextureRatio>1.93229</TextureRatio>
<ImageOrigine>2_6076.tif</ImageOrigine>
<CropImageOrigine>3988 528 3962 505
</CropImageOrigine>
</Attribut>
</TexturedSurface>
<TexturedSurface Id ="85912">
<Attribut>
<FaceType>Wall</FaceType>
<TextureRatio>1.70631</TextureRatio>
<ImageOrigine>2_6076.tif</ImageOrigine>
<CropImageOrigine>3993 541 3962 509
</CropImageOrigine>
</Attribut>
</TexturedSurface>
<TexturedSurface Id ="85915">
<Attribut>
<FaceType>Wall</FaceType>
<TextureRatio>2.85389</TextureRatio>
<ImageOrigine>2_6076.tif</ImageOrigine>
<CropImageOrigine>4007 541 3967 522
</CropImageOrigine>
</Attribut>
</TexturedSurface>
<TexturedSurface Id ="85918">
<Attribut>
<FaceType>Wall</FaceType>
<TextureRatio>2.90002</TextureRatio>
<ImageOrigine>2_6082.tif</ImageOrigine>
<CropImageOrigine>395 1244 373 1216
</CropImageOrigine>
</Attribut>
</TexturedSurface>
</WallSurface >
</BuildingPart >
</Building >
</CityModel>
</Chantier_Bati3D>
