<Chantier_Bati3D>
<Bbox>
<Xmin>532965.630</Xmin>
<Xmax>532987.970</Xmax>
<Ymin>152259.200</Ymin>
<Ymax>152280.800</Ymax>
<Zmin>395.270</Zmin>
<Zmax>404.210</Zmax>
</Bbox>
<CityModel Id ="80592">
<Building  Id ="81110">
<Attribut>
<centre>532976.800 147391.225</centre>
</Attribut>
<BuildingPart  Id ="81111">
<RoofSurface  Id ="81117">
<TexturedSurface Id ="81118">
<Attribut>
<FaceType>Roof</FaceType>
<TextureRatio>0.999996</TextureRatio>
<ImageOrigine>2_6078.tif</ImageOrigine>
<CropImageOrigine>3031 1272 2870 1116
</CropImageOrigine>
</Attribut>
</TexturedSurface>
</RoofSurface >
<WallSurface  Id ="85924">
<TexturedSurface Id ="85925">
<Attribut>
<FaceType>Wall</FaceType>
<TextureRatio>3.9285</TextureRatio>
<ImageOrigine>2_6076.tif</ImageOrigine>
<CropImageOrigine>3910 942 3739 926
</CropImageOrigine>
</Attribut>
</TexturedSurface>
<TexturedSurface Id ="85928">
<Attribut>
<FaceType>Wall</FaceType>
<TextureRatio>2.71539</TextureRatio>
<ImageOrigine>2_6082.tif</ImageOrigine>
<CropImageOrigine>350 1660 308 1511
</CropImageOrigine>
</Attribut>
</TexturedSurface>
<TexturedSurface Id ="85931">
<Attribut>
<FaceType>Wall</FaceType>
<TextureRatio>34.1521</TextureRatio>
<ImageOrigine>1_6042.tif</ImageOrigine>
<CropImageOrigine>3914 1389 3751 1361
</CropImageOrigine>
</Attribut>
</TexturedSurface>
<TexturedSurface Id ="85934">
<Attribut>
<FaceType>Wall</FaceType>
<TextureRatio>2.29395</TextureRatio>
<ImageOrigine>2_6076.tif</ImageOrigine>
<CropImageOrigine>3765 942 3739 784
</CropImageOrigine>
</Attribut>
</TexturedSurface>
</WallSurface >
</BuildingPart >
</Building >
</CityModel>
</Chantier_Bati3D>
