<Chantier_Bati3D>
<Bbox>
<Xmin>532922.800</Xmin>
<Xmax>532938.050</Xmax>
<Ymin>152324.000</Ymin>
<Ymax>152345.600</Ymax>
<Zmin>396.450</Zmin>
<Zmax>399.600</Zmax>
</Bbox>
<CityModel Id ="80592">
<Building  Id ="81121">
<Attribut>
<centre>532930.425 147423.625</centre>
</Attribut>
<BuildingPart  Id ="81122">
<RoofSurface  Id ="81128">
<TexturedSurface Id ="81129">
<Attribut>
<FaceType>Roof</FaceType>
<TextureRatio>0.999984</TextureRatio>
<ImageOrigine>2_6081.tif</ImageOrigine>
<CropImageOrigine>1522 2371 1399 2213
</CropImageOrigine>
</Attribut>
</TexturedSurface>
</RoofSurface >
<WallSurface  Id ="85940">
<TexturedSurface Id ="85941">
<Attribut>
<FaceType>Wall</FaceType>
</Attribut>
</TexturedSurface>
<TexturedSurface Id ="85944">
<Attribut>
<FaceType>Wall</FaceType>
<TextureRatio>3.32296</TextureRatio>
<ImageOrigine>2_6082.tif</ImageOrigine>
<CropImageOrigine>685 2049 660 1906
</CropImageOrigine>
</Attribut>
</TexturedSurface>
<TexturedSurface Id ="85947">
<Attribut>
<FaceType>Wall</FaceType>
<TextureRatio>8.96646</TextureRatio>
<ImageOrigine>1_6044.tif</ImageOrigine>
<CropImageOrigine>1798 1253 1703 1237
</CropImageOrigine>
</Attribut>
</TexturedSurface>
<TexturedSurface Id ="85950">
<Attribut>
<FaceType>Wall</FaceType>
</Attribut>
</TexturedSurface>
</WallSurface >
</BuildingPart >
</Building >
</CityModel>
</Chantier_Bati3D>
