<Chantier_Bati3D>
<Bbox>
<Xmin>532914.349</Xmin>
<Xmax>532946.615</Xmax>
<Ymin>152362.812</Ymin>
<Ymax>152418.721</Ymax>
<Zmin>396.524</Zmin>
<Zmax>405.200</Zmax>
</Bbox>
<CityModel Id ="80592">
<Building  Id ="81132">
<Attribut>
<centre>532930.482 147460.185</centre>
</Attribut>
<BuildingPart  Id ="81133">
<RoofSurface  Id ="81139">
<TexturedSurface Id ="81140">
<Attribut>
<FaceType>Roof</FaceType>
<TextureRatio>0.99915</TextureRatio>
<ImageOrigine>2_6081.tif</ImageOrigine>
<CropImageOrigine>1626 2861 1397 2492
</CropImageOrigine>
</Attribut>
</TexturedSurface>
</RoofSurface >
<WallSurface  Id ="85956">
<TexturedSurface Id ="85957">
<Attribut>
<FaceType>Wall</FaceType>
<TextureRatio>2.63422</TextureRatio>
<ImageOrigine>1_6042.tif</ImageOrigine>
<CropImageOrigine>3503 589 3467 559
</CropImageOrigine>
</Attribut>
</TexturedSurface>
<TexturedSurface Id ="85960">
<Attribut>
<FaceType>Wall</FaceType>
<TextureRatio>3.02822</TextureRatio>
<ImageOrigine>2_6082.tif</ImageOrigine>
<CropImageOrigine>606 2361 564 2193
</CropImageOrigine>
</Attribut>
</TexturedSurface>
<TexturedSurface Id ="85963">
<Attribut>
<FaceType>Wall</FaceType>
</Attribut>
</TexturedSurface>
<TexturedSurface Id ="85966">
<Attribut>
<FaceType>Wall</FaceType>
<TextureRatio>1.97623</TextureRatio>
<ImageOrigine>2_6076.tif</ImageOrigine>
<CropImageOrigine>4053 1672 4024 1468
</CropImageOrigine>
</Attribut>
</TexturedSurface>
<TexturedSurface Id ="85969">
<Attribut>
<FaceType>Wall</FaceType>
</Attribut>
</TexturedSurface>
<TexturedSurface Id ="85972">
<Attribut>
<FaceType>Wall</FaceType>
</Attribut>
</TexturedSurface>
<TexturedSurface Id ="85975">
<Attribut>
<FaceType>Wall</FaceType>
</Attribut>
</TexturedSurface>
<TexturedSurface Id ="85978">
<Attribut>
<FaceType>Wall</FaceType>
</Attribut>
</TexturedSurface>
<TexturedSurface Id ="85981">
<Attribut>
<FaceType>Wall</FaceType>
</Attribut>
</TexturedSurface>
<TexturedSurface Id ="85984">
<Attribut>
<FaceType>Wall</FaceType>
</Attribut>
</TexturedSurface>
<TexturedSurface Id ="85987">
<Attribut>
<FaceType>Wall</FaceType>
</Attribut>
</TexturedSurface>
<TexturedSurface Id ="85990">
<Attribut>
<FaceType>Wall</FaceType>
</Attribut>
</TexturedSurface>
<TexturedSurface Id ="85993">
<Attribut>
<FaceType>Wall</FaceType>
</Attribut>
</TexturedSurface>
<TexturedSurface Id ="85996">
<Attribut>
<FaceType>Wall</FaceType>
</Attribut>
</TexturedSurface>
<TexturedSurface Id ="85999">
<Attribut>
<FaceType>Wall</FaceType>
</Attribut>
</TexturedSurface>
<TexturedSurface Id ="86002">
<Attribut>
<FaceType>Wall</FaceType>
</Attribut>
</TexturedSurface>
<TexturedSurface Id ="86005">
<Attribut>
<FaceType>Wall</FaceType>
</Attribut>
</TexturedSurface>
<TexturedSurface Id ="86008">
<Attribut>
<FaceType>Wall</FaceType>
<TextureRatio>6.24602</TextureRatio>
<ImageOrigine>2_6078.tif</ImageOrigine>
<CropImageOrigine>3160 2215 3093 2152
</CropImageOrigine>
</Attribut>
</TexturedSurface>
<TexturedSurface Id ="86011">
<Attribut>
<FaceType>Wall</FaceType>
<TextureRatio>5.83583</TextureRatio>
<ImageOrigine>2_6082.tif</ImageOrigine>
<CropImageOrigine>783 2545 635 2369
</CropImageOrigine>
</Attribut>
</TexturedSurface>
<TexturedSurface Id ="86014">
<Attribut>
<FaceType>Wall</FaceType>
<TextureRatio>2.7886</TextureRatio>
<ImageOrigine>1_6042.tif</ImageOrigine>
<CropImageOrigine>3335 588 3315 568
</CropImageOrigine>
</Attribut>
</TexturedSurface>
<TexturedSurface Id ="86017">
<Attribut>
<FaceType>Wall</FaceType>
<TextureRatio>3.44135</TextureRatio>
<ImageOrigine>2_6082.tif</ImageOrigine>
<CropImageOrigine>776 2369 749 2277
</CropImageOrigine>
</Attribut>
</TexturedSurface>
<TexturedSurface Id ="86020">
<Attribut>
<FaceType>Wall</FaceType>
<TextureRatio>4.85829</TextureRatio>
<ImageOrigine>1_6042.tif</ImageOrigine>
<CropImageOrigine>3490 673 3333 634
</CropImageOrigine>
</Attribut>
</TexturedSurface>
<TexturedSurface Id ="86023">
<Attribut>
<FaceType>Wall</FaceType>
<TextureRatio>2.83094</TextureRatio>
<ImageOrigine>1_6046.tif</ImageOrigine>
<CropImageOrigine>482 1074 460 1056
</CropImageOrigine>
</Attribut>
</TexturedSurface>
<TexturedSurface Id ="86026">
<Attribut>
<FaceType>Wall</FaceType>
<TextureRatio>4.86705</TextureRatio>
<ImageOrigine>1_6046.tif</ImageOrigine>
<CropImageOrigine>484 1066 460 1056
</CropImageOrigine>
</Attribut>
</TexturedSurface>
<TexturedSurface Id ="86029">
<Attribut>
<FaceType>Wall</FaceType>
<TextureRatio>2.83708</TextureRatio>
<ImageOrigine>1_6046.tif</ImageOrigine>
<CropImageOrigine>484 1065 456 992
</CropImageOrigine>
</Attribut>
</TexturedSurface>
</WallSurface >
</BuildingPart >
</Building >
</CityModel>
</Chantier_Bati3D>
