<Chantier_Bati3D>
<Bbox>
<Xmin>532931.851</Xmin>
<Xmax>532943.418</Xmax>
<Ymin>152390.516</Ymin>
<Ymax>152408.592</Ymax>
<Zmin>396.666</Zmin>
<Zmax>409.100</Zmax>
</Bbox>
<CityModel Id ="80592">
<Building  Id ="81143">
<Attribut>
<centre>532937.635 147455.121</centre>
</Attribut>
<BuildingPart  Id ="81144">
<RoofSurface  Id ="81150">
<TexturedSurface Id ="81151">
<Attribut>
<FaceType>Roof</FaceType>
<TextureRatio>1.0001</TextureRatio>
<ImageOrigine>2_6081.tif</ImageOrigine>
<CropImageOrigine>1509 2800 1425 2677
</CropImageOrigine>
</Attribut>
</TexturedSurface>
</RoofSurface >
<WallSurface  Id ="86035">
<TexturedSurface Id ="86036">
<Attribut>
<FaceType>Wall</FaceType>
<TextureRatio>5.95611</TextureRatio>
<ImageOrigine>2_6078.tif</ImageOrigine>
<CropImageOrigine>3145 2146 3108 2125
</CropImageOrigine>
</Attribut>
</TexturedSurface>
<TexturedSurface Id ="86039">
<Attribut>
<FaceType>Wall</FaceType>
<TextureRatio>5.34036</TextureRatio>
<ImageOrigine>2_6082.tif</ImageOrigine>
<CropImageOrigine>671 2484 592 2407
</CropImageOrigine>
</Attribut>
</TexturedSurface>
<TexturedSurface Id ="86042">
<Attribut>
<FaceType>Wall</FaceType>
<TextureRatio>2.6264</TextureRatio>
<ImageOrigine>1_6042.tif</ImageOrigine>
<CropImageOrigine>3510 589 3422 519
</CropImageOrigine>
</Attribut>
</TexturedSurface>
<TexturedSurface Id ="86045">
<Attribut>
<FaceType>Wall</FaceType>
<TextureRatio>3.37289</TextureRatio>
<ImageOrigine>1_6045.tif</ImageOrigine>
<CropImageOrigine>1147 1068 1115 1035
</CropImageOrigine>
</Attribut>
</TexturedSurface>
<TexturedSurface Id ="86048">
<Attribut>
<FaceType>Wall</FaceType>
</Attribut>
</TexturedSurface>
<TexturedSurface Id ="86051">
<Attribut>
<FaceType>Wall</FaceType>
<TextureRatio>2.41691</TextureRatio>
<ImageOrigine>1_6046.tif</ImageOrigine>
<CropImageOrigine>498 965 433 903
</CropImageOrigine>
</Attribut>
</TexturedSurface>
</WallSurface >
</BuildingPart >
</Building >
</CityModel>
</Chantier_Bati3D>
