<Chantier_Bati3D>
<Bbox>
<Xmin>532944.030</Xmin>
<Xmax>532987.970</Xmax>
<Ymin>152298.800</Ymin>
<Ymax>152324.000</Ymax>
<Zmin>395.457</Zmin>
<Zmax>404.200</Zmax>
</Bbox>
<CityModel Id ="80592">
<Building  Id ="81154">
<Attribut>
<centre>532966.000 147412.825</centre>
</Attribut>
<BuildingPart  Id ="81155">
<RoofSurface  Id ="81161">
<TexturedSurface Id ="81162">
<Attribut>
<FaceType>Roof</FaceType>
<TextureRatio>1</TextureRatio>
<ImageOrigine>2_6078.tif</ImageOrigine>
<CropImageOrigine>3161 1573 2853 1384
</CropImageOrigine>
</Attribut>
</TexturedSurface>
</RoofSurface >
<WallSurface  Id ="86057">
<TexturedSurface Id ="86058">
<Attribut>
<FaceType>Wall</FaceType>
</Attribut>
</TexturedSurface>
<TexturedSurface Id ="86061">
<Attribut>
<FaceType>Wall</FaceType>
<TextureRatio>2.98615</TextureRatio>
<ImageOrigine>2_6082.tif</ImageOrigine>
<CropImageOrigine>518 1851 487 1756
</CropImageOrigine>
</Attribut>
</TexturedSurface>
<TexturedSurface Id ="86064">
<Attribut>
<FaceType>Wall</FaceType>
<TextureRatio>11.5866</TextureRatio>
<ImageOrigine>1_6042.tif</ImageOrigine>
<CropImageOrigine>3881 1164 3583 1110
</CropImageOrigine>
</Attribut>
</TexturedSurface>
<TexturedSurface Id ="86067">
<Attribut>
<FaceType>Wall</FaceType>
<TextureRatio>2.29366</TextureRatio>
<ImageOrigine>2_6076.tif</ImageOrigine>
<CropImageOrigine>3764 1223 3738 1045
</CropImageOrigine>
</Attribut>
</TexturedSurface>
<TexturedSurface Id ="86070">
<Attribut>
<FaceType>Wall</FaceType>
<TextureRatio>5.33705</TextureRatio>
<ImageOrigine>2_6076.tif</ImageOrigine>
<CropImageOrigine>4049 1224 3738 1212
</CropImageOrigine>
</Attribut>
</TexturedSurface>
<TexturedSurface Id ="86073">
<Attribut>
<FaceType>Wall</FaceType>
<TextureRatio>2.98599</TextureRatio>
<ImageOrigine>2_6082.tif</ImageOrigine>
<CropImageOrigine>528 1925 500 1855
</CropImageOrigine>
</Attribut>
</TexturedSurface>
<TexturedSurface Id ="86076">
<Attribut>
<FaceType>Wall</FaceType>
</Attribut>
</TexturedSurface>
</WallSurface >
</BuildingPart >
</Building >
</CityModel>
</Chantier_Bati3D>
