<Chantier_Bati3D>
<Bbox>
<Xmin>532893.146</Xmin>
<Xmax>532938.158</Xmax>
<Ymin>152360.022</Ymin>
<Ymax>152367.200</Ymax>
<Zmin>396.626</Zmin>
<Zmax>407.400</Zmax>
</Bbox>
<CityModel Id ="80592">
<Building  Id ="81165">
<Attribut>
<centre>532915.652 147434.425</centre>
</Attribut>
<BuildingPart  Id ="81166">
<RoofSurface  Id ="81172">
<TexturedSurface Id ="81173">
<Attribut>
<FaceType>Roof</FaceType>
<TextureRatio>0.999995</TextureRatio>
<ImageOrigine>2_6078.tif</ImageOrigine>
<CropImageOrigine>3486 1883 3178 1817
</CropImageOrigine>
</Attribut>
</TexturedSurface>
</RoofSurface >
<WallSurface  Id ="86082">
<TexturedSurface Id ="86083">
<Attribut>
<FaceType>Wall</FaceType>
<TextureRatio>3.90025</TextureRatio>
<ImageOrigine>2_6078.tif</ImageOrigine>
<CropImageOrigine>3179 1859 3159 1835
</CropImageOrigine>
</Attribut>
</TexturedSurface>
<TexturedSurface Id ="86086">
<Attribut>
<FaceType>Wall</FaceType>
<TextureRatio>19.0206</TextureRatio>
<ImageOrigine>2_6078.tif</ImageOrigine>
<CropImageOrigine>3183 1860 3159 1856
</CropImageOrigine>
</Attribut>
</TexturedSurface>
<TexturedSurface Id ="86089">
<Attribut>
<FaceType>Wall</FaceType>
<TextureRatio>3.88752</TextureRatio>
<ImageOrigine>2_6078.tif</ImageOrigine>
<CropImageOrigine>3182 1869 3162 1856
</CropImageOrigine>
</Attribut>
</TexturedSurface>
<TexturedSurface Id ="86092">
<Attribut>
<FaceType>Wall</FaceType>
<TextureRatio>19.8206</TextureRatio>
<ImageOrigine>2_6078.tif</ImageOrigine>
<CropImageOrigine>3481 1885 3162 1865
</CropImageOrigine>
</Attribut>
</TexturedSurface>
<TexturedSurface Id ="86095">
<Attribut>
<FaceType>Wall</FaceType>
<TextureRatio>3.88132</TextureRatio>
<ImageOrigine>2_6082.tif</ImageOrigine>
<CropImageOrigine>893 2167 874 2156
</CropImageOrigine>
</Attribut>
</TexturedSurface>
<TexturedSurface Id ="86098">
<Attribut>
<FaceType>Wall</FaceType>
<TextureRatio>18.9854</TextureRatio>
<ImageOrigine>2_6078.tif</ImageOrigine>
<CropImageOrigine>3485 1876 3458 1873
</CropImageOrigine>
</Attribut>
</TexturedSurface>
<TexturedSurface Id ="86101">
<Attribut>
<FaceType>Wall</FaceType>
<TextureRatio>3.8945</TextureRatio>
<ImageOrigine>2_6082.tif</ImageOrigine>
<CropImageOrigine>896 2157 876 2136
</CropImageOrigine>
</Attribut>
</TexturedSurface>
<TexturedSurface Id ="86104">
<Attribut>
<FaceType>Wall</FaceType>
</Attribut>
</TexturedSurface>
<TexturedSurface Id ="86107">
<Attribut>
<FaceType>Wall</FaceType>
</Attribut>
</TexturedSurface>
<TexturedSurface Id ="86110">
<Attribut>
<FaceType>Wall</FaceType>
</Attribut>
</TexturedSurface>
<TexturedSurface Id ="86113">
<Attribut>
<FaceType>Wall</FaceType>
</Attribut>
</TexturedSurface>
<TexturedSurface Id ="86116">
<Attribut>
<FaceType>Wall</FaceType>
</Attribut>
</TexturedSurface>
<TexturedSurface Id ="86119">
<Attribut>
<FaceType>Wall</FaceType>
</Attribut>
</TexturedSurface>
<TexturedSurface Id ="86122">
<Attribut>
<FaceType>Wall</FaceType>
</Attribut>
</TexturedSurface>
</WallSurface >
</BuildingPart >
</Building >
</CityModel>
</Chantier_Bati3D>
