<Chantier_Bati3D>
<Bbox>
<Xmin>532943.530</Xmin>
<Xmax>532988.500</Xmax>
<Ymin>152402.628</Ymin>
<Ymax>152410.400</Ymax>
<Zmin>395.963</Zmin>
<Zmax>407.400</Zmax>
</Bbox>
<CityModel Id ="80592">
<Building  Id ="81176">
<Attribut>
<centre>532966.015 147456.025</centre>
</Attribut>
<BuildingPart  Id ="81177">
<RoofSurface  Id ="81183">
<TexturedSurface Id ="81184">
<Attribut>
<FaceType>Roof</FaceType>
<TextureRatio>1</TextureRatio>
<ImageOrigine>2_6078.tif</ImageOrigine>
<CropImageOrigine>3126 2156 2819 2090
</CropImageOrigine>
</Attribut>
</TexturedSurface>
</RoofSurface >
<WallSurface  Id ="86128">
<TexturedSurface Id ="86129">
<Attribut>
<FaceType>Wall</FaceType>
</Attribut>
</TexturedSurface>
<TexturedSurface Id ="86132">
<Attribut>
<FaceType>Wall</FaceType>
</Attribut>
</TexturedSurface>
<TexturedSurface Id ="86135">
<Attribut>
<FaceType>Wall</FaceType>
</Attribut>
</TexturedSurface>
<TexturedSurface Id ="86138">
<Attribut>
<FaceType>Wall</FaceType>
</Attribut>
</TexturedSurface>
<TexturedSurface Id ="86141">
<Attribut>
<FaceType>Wall</FaceType>
</Attribut>
</TexturedSurface>
<TexturedSurface Id ="86144">
<Attribut>
<FaceType>Wall</FaceType>
</Attribut>
</TexturedSurface>
<TexturedSurface Id ="86147">
<Attribut>
<FaceType>Wall</FaceType>
</Attribut>
</TexturedSurface>
<TexturedSurface Id ="86150">
<Attribut>
<FaceType>Wall</FaceType>
</Attribut>
</TexturedSurface>
<TexturedSurface Id ="86153">
<Attribut>
<FaceType>Wall</FaceType>
<TextureRatio>2.72099</TextureRatio>
<ImageOrigine>1_6046.tif</ImageOrigine>
<CropImageOrigine>770 911 732 877
</CropImageOrigine>
</Attribut>
</TexturedSurface>
<TexturedSurface Id ="86156">
<Attribut>
<FaceType>Wall</FaceType>
<TextureRatio>2.29133</TextureRatio>
<ImageOrigine>2_6076.tif</ImageOrigine>
<CropImageOrigine>3767 1776 3733 1751
</CropImageOrigine>
</Attribut>
</TexturedSurface>
<TexturedSurface Id ="86159">
<Attribut>
<FaceType>Wall</FaceType>
<TextureRatio>18.1542</TextureRatio>
<ImageOrigine>2_6076.tif</ImageOrigine>
<CropImageOrigine>3770 1776 3733 1771
</CropImageOrigine>
</Attribut>
</TexturedSurface>
<TexturedSurface Id ="86162">
<Attribut>
<FaceType>Wall</FaceType>
<TextureRatio>2.28696</TextureRatio>
<ImageOrigine>2_6076.tif</ImageOrigine>
<CropImageOrigine>3770 1785 3737 1771
</CropImageOrigine>
</Attribut>
</TexturedSurface>
<TexturedSurface Id ="86165">
<Attribut>
<FaceType>Wall</FaceType>
<TextureRatio>18.87</TextureRatio>
<ImageOrigine>2_6076.tif</ImageOrigine>
<CropImageOrigine>4056 1785 3737 1780
</CropImageOrigine>
</Attribut>
</TexturedSurface>
<TexturedSurface Id ="86168">
<Attribut>
<FaceType>Wall</FaceType>
<TextureRatio>2.97703</TextureRatio>
<ImageOrigine>2_6082.tif</ImageOrigine>
<CropImageOrigine>601 2497 576 2480
</CropImageOrigine>
</Attribut>
</TexturedSurface>
<TexturedSurface Id ="86171">
<Attribut>
<FaceType>Wall</FaceType>
<TextureRatio>18.1436</TextureRatio>
<ImageOrigine>2_6076.tif</ImageOrigine>
<CropImageOrigine>4059 1776 4020 1772
</CropImageOrigine>
</Attribut>
</TexturedSurface>
<TexturedSurface Id ="86174">
<Attribut>
<FaceType>Wall</FaceType>
<TextureRatio>2.98436</TextureRatio>
<ImageOrigine>2_6082.tif</ImageOrigine>
<CropImageOrigine>603 2488 576 2458
</CropImageOrigine>
</Attribut>
</TexturedSurface>
</WallSurface >
</BuildingPart >
</Building >
</CityModel>
</Chantier_Bati3D>
