<Chantier_Bati3D>
<Bbox>
<Xmin>532936.779</Xmin>
<Xmax>532994.800</Xmax>
<Ymin>152388.800</Ymin>
<Ymax>152406.042</Ymax>
<Zmin>395.884</Zmin>
<Zmax>411.300</Zmax>
</Bbox>
<CityModel Id ="80592">
<Building  Id ="81187">
<Attribut>
<centre>532965.789 147453.846</centre>
</Attribut>
<BuildingPart  Id ="81188">
<RoofSurface  Id ="81194">
<TexturedSurface Id ="81195">
<Attribut>
<FaceType>Roof</FaceType>
<TextureRatio>1.00018</TextureRatio>
<ImageOrigine>2_6081.tif</ImageOrigine>
<CropImageOrigine>1474 2836 1082 2670
</CropImageOrigine>
</Attribut>
</TexturedSurface>
</RoofSurface >
<WallSurface  Id ="86180">
<TexturedSurface Id ="86181">
<Attribut>
<FaceType>Wall</FaceType>
<TextureRatio>2.83994</TextureRatio>
<ImageOrigine>2_6076.tif</ImageOrigine>
<CropImageOrigine>3778 1756 3693 1707
</CropImageOrigine>
</Attribut>
</TexturedSurface>
<TexturedSurface Id ="86184">
<Attribut>
<FaceType>Wall</FaceType>
<TextureRatio>4.12033</TextureRatio>
<ImageOrigine>2_6082.tif</ImageOrigine>
<CropImageOrigine>323 2509 266 2477
</CropImageOrigine>
</Attribut>
</TexturedSurface>
<TexturedSurface Id ="86187">
<Attribut>
<FaceType>Wall</FaceType>
<TextureRatio>15.5212</TextureRatio>
<ImageOrigine>2_6076.tif</ImageOrigine>
<CropImageOrigine>3926 1738 3752 1731
</CropImageOrigine>
</Attribut>
</TexturedSurface>
<TexturedSurface Id ="86190">
<Attribut>
<FaceType>Wall</FaceType>
<TextureRatio>2.62973</TextureRatio>
<ImageOrigine>2_6076.tif</ImageOrigine>
<CropImageOrigine>3933 1745 3879 1731
</CropImageOrigine>
</Attribut>
</TexturedSurface>
<TexturedSurface Id ="86193">
<Attribut>
<FaceType>Wall</FaceType>
<TextureRatio>15.9363</TextureRatio>
<ImageOrigine>2_6076.tif</ImageOrigine>
<CropImageOrigine>4012 1745 3886 1738
</CropImageOrigine>
</Attribut>
</TexturedSurface>
<TexturedSurface Id ="86196">
<Attribut>
<FaceType>Wall</FaceType>
<TextureRatio>4.87025</TextureRatio>
<ImageOrigine>2_6082.tif</ImageOrigine>
<CropImageOrigine>545 2467 504 2449
</CropImageOrigine>
</Attribut>
</TexturedSurface>
<TexturedSurface Id ="86199">
<Attribut>
<FaceType>Wall</FaceType>
<TextureRatio>15.5157</TextureRatio>
<ImageOrigine>2_6076.tif</ImageOrigine>
<CropImageOrigine>4056 1739 3971 1731
</CropImageOrigine>
</Attribut>
</TexturedSurface>
<TexturedSurface Id ="86202">
<Attribut>
<FaceType>Wall</FaceType>
<TextureRatio>5.93892</TextureRatio>
<ImageOrigine>2_6078.tif</ImageOrigine>
<CropImageOrigine>3135 2128 3092 2104
</CropImageOrigine>
</Attribut>
</TexturedSurface>
<TexturedSurface Id ="86205">
<Attribut>
<FaceType>Wall</FaceType>
<TextureRatio>5.18601</TextureRatio>
<ImageOrigine>2_6082.tif</ImageOrigine>
<CropImageOrigine>639 2470 570 2413
</CropImageOrigine>
</Attribut>
</TexturedSurface>
<TexturedSurface Id ="86208">
<Attribut>
<FaceType>Wall</FaceType>
<TextureRatio>2.58453</TextureRatio>
<ImageOrigine>1_6042.tif</ImageOrigine>
<CropImageOrigine>3530 571 3453 508
</CropImageOrigine>
</Attribut>
</TexturedSurface>
<TexturedSurface Id ="86211">
<Attribut>
<FaceType>Wall</FaceType>
<TextureRatio>2.9755</TextureRatio>
<ImageOrigine>2_6082.tif</ImageOrigine>
<CropImageOrigine>590 2383 554 2356
</CropImageOrigine>
</Attribut>
</TexturedSurface>
<TexturedSurface Id ="86214">
<Attribut>
<FaceType>Wall</FaceType>
<TextureRatio>4.80672</TextureRatio>
<ImageOrigine>1_6043.tif</ImageOrigine>
<CropImageOrigine>2711 905 2697 883
</CropImageOrigine>
</Attribut>
</TexturedSurface>
<TexturedSurface Id ="86217">
<Attribut>
<FaceType>Wall</FaceType>
<TextureRatio>2.96784</TextureRatio>
<ImageOrigine>2_6082.tif</ImageOrigine>
<CropImageOrigine>584 2365 549 2348
</CropImageOrigine>
</Attribut>
</TexturedSurface>
<TexturedSurface Id ="86220">
<Attribut>
<FaceType>Wall</FaceType>
<TextureRatio>4.60583</TextureRatio>
<ImageOrigine>1_6042.tif</ImageOrigine>
<CropImageOrigine>3824 597 3508 521
</CropImageOrigine>
</Attribut>
</TexturedSurface>
<TexturedSurface Id ="86223">
<Attribut>
<FaceType>Wall</FaceType>
<TextureRatio>2.2799</TextureRatio>
<ImageOrigine>2_6076.tif</ImageOrigine>
<CropImageOrigine>3782 1653 3737 1635
</CropImageOrigine>
</Attribut>
</TexturedSurface>
<TexturedSurface Id ="86226">
<Attribut>
<FaceType>Wall</FaceType>
<TextureRatio>4.61881</TextureRatio>
<ImageOrigine>1_6046.tif</ImageOrigine>
<CropImageOrigine>782 990 749 971
</CropImageOrigine>
</Attribut>
</TexturedSurface>
<TexturedSurface Id ="86229">
<Attribut>
<FaceType>Wall</FaceType>
<TextureRatio>2.28418</TextureRatio>
<ImageOrigine>2_6076.tif</ImageOrigine>
<CropImageOrigine>3778 1674 3734 1644
</CropImageOrigine>
</Attribut>
</TexturedSurface>
<TexturedSurface Id ="86232">
<Attribut>
<FaceType>Wall</FaceType>
<TextureRatio>2.81118</TextureRatio>
<ImageOrigine>1_6046.tif</ImageOrigine>
<CropImageOrigine>813 970 750 907
</CropImageOrigine>
</Attribut>
</TexturedSurface>
</WallSurface >
</BuildingPart >
</Building >
</CityModel>
</Chantier_Bati3D>
