<Chantier_Bati3D>
<Bbox>
<Xmin>533013.097</Xmin>
<Xmax>533107.543</Xmax>
<Ymin>152525.960</Ymin>
<Ymax>152594.193</Ymax>
<Zmin>395.868</Zmin>
<Zmax>411.300</Zmax>
</Bbox>
<CityModel Id ="80592">
<Building  Id ="81198">
<Attribut>
<centre>533060.320 147547.921</centre>
</Attribut>
<BuildingPart  Id ="81199">
<RoofSurface  Id ="81205">
<TexturedSurface Id ="81206">
<Attribut>
<FaceType>Roof</FaceType>
<TextureRatio>0.997205</TextureRatio>
<ImageOrigine>2_6079.tif</ImageOrigine>
<CropImageOrigine>1787 3578 1130 3097
</CropImageOrigine>
</Attribut>
</TexturedSurface>
</RoofSurface >
<WallSurface  Id ="86238">
<TexturedSurface Id ="86239">
<Attribut>
<FaceType>Wall</FaceType>
<TextureRatio>2.10495</TextureRatio>
<ImageOrigine>3_6097.tif</ImageOrigine>
<CropImageOrigine>128 3150 66 2844
</CropImageOrigine>
</Attribut>
</TexturedSurface>
<TexturedSurface Id ="86242">
<Attribut>
<FaceType>Wall</FaceType>
<TextureRatio>3.66939</TextureRatio>
<ImageOrigine>3_6097.tif</ImageOrigine>
<CropImageOrigine>113 2872 53 2844
</CropImageOrigine>
</Attribut>
</TexturedSurface>
<TexturedSurface Id ="86245">
<Attribut>
<FaceType>Wall</FaceType>
<TextureRatio>2.65429</TextureRatio>
<ImageOrigine>2_6076.tif</ImageOrigine>
<CropImageOrigine>3219 2985 3184 2957
</CropImageOrigine>
</Attribut>
</TexturedSurface>
<TexturedSurface Id ="86248">
<Attribut>
<FaceType>Wall</FaceType>
<TextureRatio>2.5615</TextureRatio>
<ImageOrigine>3_6097.tif</ImageOrigine>
<CropImageOrigine>108 2866 59 2832
</CropImageOrigine>
</Attribut>
</TexturedSurface>
<TexturedSurface Id ="86251">
<Attribut>
<FaceType>Wall</FaceType>
<TextureRatio>1.8479</TextureRatio>
<ImageOrigine>3_6097.tif</ImageOrigine>
<CropImageOrigine>108 2859 57 2825
</CropImageOrigine>
</Attribut>
</TexturedSurface>
<TexturedSurface Id ="86254">
<Attribut>
<FaceType>Wall</FaceType>
<TextureRatio>2.06164</TextureRatio>
<ImageOrigine>3_6097.tif</ImageOrigine>
<CropImageOrigine>104 2852 52 2822
</CropImageOrigine>
</Attribut>
</TexturedSurface>
<TexturedSurface Id ="86257">
<Attribut>
<FaceType>Wall</FaceType>
<TextureRatio>3.39414</TextureRatio>
<ImageOrigine>3_6093.tif</ImageOrigine>
<CropImageOrigine>2951 2891 2860 2852
</CropImageOrigine>
</Attribut>
</TexturedSurface>
<TexturedSurface Id ="86260">
<Attribut>
<FaceType>Wall</FaceType>
<TextureRatio>2.14412</TextureRatio>
<ImageOrigine>3_6091.tif</ImageOrigine>
<CropImageOrigine>4009 2990 3959 2960
</CropImageOrigine>
</Attribut>
</TexturedSurface>
<TexturedSurface Id ="86263">
<Attribut>
<FaceType>Wall</FaceType>
<TextureRatio>2.06858</TextureRatio>
<ImageOrigine>3_6091.tif</ImageOrigine>
<CropImageOrigine>4003 2997 3958 2965
</CropImageOrigine>
</Attribut>
</TexturedSurface>
<TexturedSurface Id ="86266">
<Attribut>
<FaceType>Wall</FaceType>
<TextureRatio>3.25814</TextureRatio>
<ImageOrigine>3_6091.tif</ImageOrigine>
<CropImageOrigine>4005 3003 3958 2972
</CropImageOrigine>
</Attribut>
</TexturedSurface>
<TexturedSurface Id ="86269">
<Attribut>
<FaceType>Wall</FaceType>
<TextureRatio>3.29592</TextureRatio>
<ImageOrigine>2_6079.tif</ImageOrigine>
<CropImageOrigine>1453 3559 1438 3519
</CropImageOrigine>
</Attribut>
</TexturedSurface>
<TexturedSurface Id ="86272">
<Attribut>
<FaceType>Wall</FaceType>
<TextureRatio>3.22333</TextureRatio>
<ImageOrigine>3_6091.tif</ImageOrigine>
<CropImageOrigine>4010 3010 3955 2983
</CropImageOrigine>
</Attribut>
</TexturedSurface>
<TexturedSurface Id ="86275">
<Attribut>
<FaceType>Wall</FaceType>
<TextureRatio>2.50742</TextureRatio>
<ImageOrigine>3_6091.tif</ImageOrigine>
<CropImageOrigine>4040 3290 3955 2985
</CropImageOrigine>
</Attribut>
</TexturedSurface>
<TexturedSurface Id ="86278">
<Attribut>
<FaceType>Wall</FaceType>
<TextureRatio>2.79512</TextureRatio>
<ImageOrigine>3_6094.tif</ImageOrigine>
<CropImageOrigine>2017 3270 2009 3233
</CropImageOrigine>
</Attribut>
</TexturedSurface>
<TexturedSurface Id ="86281">
<Attribut>
<FaceType>Wall</FaceType>
<TextureRatio>2.87504</TextureRatio>
<ImageOrigine>3_6096.tif</ImageOrigine>
<CropImageOrigine>820 3443 783 3362
</CropImageOrigine>
</Attribut>
</TexturedSurface>
<TexturedSurface Id ="86284">
<Attribut>
<FaceType>Wall</FaceType>
<TextureRatio>2.79915</TextureRatio>
<ImageOrigine>3_6093.tif</ImageOrigine>
<CropImageOrigine>2897 3199 2586 3116
</CropImageOrigine>
</Attribut>
</TexturedSurface>
<TexturedSurface Id ="86287">
<Attribut>
<FaceType>Wall</FaceType>
<TextureRatio>2.24751</TextureRatio>
<ImageOrigine>2_6082.tif</ImageOrigine>
<CropImageOrigine>272 3528 218 3388
</CropImageOrigine>
</Attribut>
</TexturedSurface>
<TexturedSurface Id ="86290">
<Attribut>
<FaceType>Wall</FaceType>
<TextureRatio>2.36883</TextureRatio>
<ImageOrigine>1_6045.tif</ImageOrigine>
<CropImageOrigine>1729 108 1444 36
</CropImageOrigine>
</Attribut>
</TexturedSurface>
<TexturedSurface Id ="86293">
<Attribut>
<FaceType>Wall</FaceType>
<TextureRatio>2.95235</TextureRatio>
<ImageOrigine>2_6081.tif</ImageOrigine>
<CropImageOrigine>825 3826 789 3753
</CropImageOrigine>
</Attribut>
</TexturedSurface>
<TexturedSurface Id ="86296">
<Attribut>
<FaceType>Wall</FaceType>
<TextureRatio>2.37568</TextureRatio>
<ImageOrigine>1_6046.tif</ImageOrigine>
<CropImageOrigine>1196 54 1070 3
</CropImageOrigine>
</Attribut>
</TexturedSurface>
<TexturedSurface Id ="86299">
<Attribut>
<FaceType>Wall</FaceType>
<TextureRatio>2.54138</TextureRatio>
<ImageOrigine>1_6048.tif</ImageOrigine>
<CropImageOrigine>295 140 249 66
</CropImageOrigine>
</Attribut>
</TexturedSurface>
<TexturedSurface Id ="86302">
<Attribut>
<FaceType>Wall</FaceType>
<TextureRatio>2.36969</TextureRatio>
<ImageOrigine>1_6045.tif</ImageOrigine>
<CropImageOrigine>1913 64 1824 13
</CropImageOrigine>
</Attribut>
</TexturedSurface>
<TexturedSurface Id ="86305">
<Attribut>
<FaceType>Wall</FaceType>
<TextureRatio>2.58701</TextureRatio>
<ImageOrigine>2_6081.tif</ImageOrigine>
<CropImageOrigine>623 3860 574 3733
</CropImageOrigine>
</Attribut>
</TexturedSurface>
<TexturedSurface Id ="86308">
<Attribut>
<FaceType>Wall</FaceType>
<TextureRatio>2.335</TextureRatio>
<ImageOrigine>1_6048.tif</ImageOrigine>
<CropImageOrigine>479 180 342 132
</CropImageOrigine>
</Attribut>
</TexturedSurface>
<TexturedSurface Id ="86311">
<Attribut>
<FaceType>Wall</FaceType>
<TextureRatio>1.98495</TextureRatio>
<ImageOrigine>2_6074.tif</ImageOrigine>
<CropImageOrigine>3897 2354 3846 2257
</CropImageOrigine>
</Attribut>
</TexturedSurface>
<TexturedSurface Id ="86314">
<Attribut>
<FaceType>Wall</FaceType>
<TextureRatio>2.23125</TextureRatio>
<ImageOrigine>1_6048.tif</ImageOrigine>
<CropImageOrigine>492 85 431 42
</CropImageOrigine>
</Attribut>
</TexturedSurface>
<TexturedSurface Id ="86317">
<Attribut>
<FaceType>Wall</FaceType>
<TextureRatio>2.00757</TextureRatio>
<ImageOrigine>2_6074.tif</ImageOrigine>
<CropImageOrigine>3871 2421 3822 2343
</CropImageOrigine>
</Attribut>
</TexturedSurface>
<TexturedSurface Id ="86320">
<Attribut>
<FaceType>Wall</FaceType>
<TextureRatio>2.84026</TextureRatio>
<ImageOrigine>3_6095.tif</ImageOrigine>
<CropImageOrigine>1748 3470 1711 3428
</CropImageOrigine>
</Attribut>
</TexturedSurface>
<TexturedSurface Id ="86323">
<Attribut>
<FaceType>Wall</FaceType>
<TextureRatio>1.98031</TextureRatio>
<ImageOrigine>2_6074.tif</ImageOrigine>
<CropImageOrigine>3897 2682 3842 2409
</CropImageOrigine>
</Attribut>
</TexturedSurface>
<TexturedSurface Id ="86326">
<Attribut>
<FaceType>Wall</FaceType>
<TextureRatio>3.62918</TextureRatio>
<ImageOrigine>3_6096.tif</ImageOrigine>
<CropImageOrigine>1069 3121 1032 3086
</CropImageOrigine>
</Attribut>
</TexturedSurface>
<TexturedSurface Id ="86329">
<Attribut>
<FaceType>Wall</FaceType>
<TextureRatio>2.12871</TextureRatio>
<ImageOrigine>2_6074.tif</ImageOrigine>
<CropImageOrigine>3901 2688 3848 2665
</CropImageOrigine>
</Attribut>
</TexturedSurface>
<TexturedSurface Id ="86332">
<Attribut>
<FaceType>Wall</FaceType>
<TextureRatio>1.87531</TextureRatio>
<ImageOrigine>2_6074.tif</ImageOrigine>
<CropImageOrigine>3895 2694 3846 2670
</CropImageOrigine>
</Attribut>
</TexturedSurface>
<TexturedSurface Id ="86335">
<Attribut>
<FaceType>Wall</FaceType>
<TextureRatio>2.01048</TextureRatio>
<ImageOrigine>3_6097.tif</ImageOrigine>
<CropImageOrigine>300 2857 254 2822
</CropImageOrigine>
</Attribut>
</TexturedSurface>
<TexturedSurface Id ="86338">
<Attribut>
<FaceType>Wall</FaceType>
<TextureRatio>2.17684</TextureRatio>
<ImageOrigine>3_6097.tif</ImageOrigine>
<CropImageOrigine>297 2850 248 2819
</CropImageOrigine>
</Attribut>
</TexturedSurface>
<TexturedSurface Id ="86341">
<Attribut>
<FaceType>Wall</FaceType>
<TextureRatio>3.39692</TextureRatio>
<ImageOrigine>3_6093.tif</ImageOrigine>
<CropImageOrigine>3145 2859 3048 2820
</CropImageOrigine>
</Attribut>
</TexturedSurface>
<TexturedSurface Id ="86344">
<Attribut>
<FaceType>Wall</FaceType>
<TextureRatio>2.90888</TextureRatio>
<ImageOrigine>3_6093.tif</ImageOrigine>
<CropImageOrigine>3070 2864 3042 2832
</CropImageOrigine>
</Attribut>
</TexturedSurface>
<TexturedSurface Id ="86347">
<Attribut>
<FaceType>Wall</FaceType>
<TextureRatio>3.71638</TextureRatio>
<ImageOrigine>3_6093.tif</ImageOrigine>
<CropImageOrigine>3064 2872 3041 2837
</CropImageOrigine>
</Attribut>
</TexturedSurface>
<TexturedSurface Id ="86350">
<Attribut>
<FaceType>Wall</FaceType>
<TextureRatio>4.96703</TextureRatio>
<ImageOrigine>2_6079.tif</ImageOrigine>
<CropImageOrigine>1260 3560 1244 3518
</CropImageOrigine>
</Attribut>
</TexturedSurface>
<TexturedSurface Id ="86353">
<Attribut>
<FaceType>Wall</FaceType>
<TextureRatio>2.98906</TextureRatio>
<ImageOrigine>2_6079.tif</ImageOrigine>
<CropImageOrigine>1259 3553 1238 3512
</CropImageOrigine>
</Attribut>
</TexturedSurface>
<TexturedSurface Id ="86356">
<Attribut>
<FaceType>Wall</FaceType>
<TextureRatio>3.32745</TextureRatio>
<ImageOrigine>3_6093.tif</ImageOrigine>
<CropImageOrigine>3072 2884 3038 2855
</CropImageOrigine>
</Attribut>
</TexturedSurface>
<TexturedSurface Id ="86359">
<Attribut>
<FaceType>Wall</FaceType>
<TextureRatio>5.7779</TextureRatio>
<ImageOrigine>3_6093.tif</ImageOrigine>
<CropImageOrigine>3105 3159 3038 2857
</CropImageOrigine>
</Attribut>
</TexturedSurface>
<TexturedSurface Id ="86362">
<Attribut>
<FaceType>Wall</FaceType>
<TextureRatio>2.79587</TextureRatio>
<ImageOrigine>3_6094.tif</ImageOrigine>
<CropImageOrigine>2209 3246 2201 3209
</CropImageOrigine>
</Attribut>
</TexturedSurface>
<TexturedSurface Id ="86365">
<Attribut>
<FaceType>Wall</FaceType>
<TextureRatio>7.36209</TextureRatio>
<ImageOrigine>3_6095.tif</ImageOrigine>
<CropImageOrigine>1617 3494 1607 3451
</CropImageOrigine>
</Attribut>
</TexturedSurface>
<TexturedSurface Id ="86368">
<Attribut>
<FaceType>Wall</FaceType>
<TextureRatio>2.72967</TextureRatio>
<ImageOrigine>3_6093.tif</ImageOrigine>
<CropImageOrigine>3101 3168 2993 3120
</CropImageOrigine>
</Attribut>
</TexturedSurface>
<TexturedSurface Id ="86371">
<Attribut>
<FaceType>Wall</FaceType>
<TextureRatio>2.73501</TextureRatio>
<ImageOrigine>2_6081.tif</ImageOrigine>
<CropImageOrigine>722 3918 687 3874
</CropImageOrigine>
</Attribut>
</TexturedSurface>
<TexturedSurface Id ="86374">
<Attribut>
<FaceType>Wall</FaceType>
<TextureRatio>2.79553</TextureRatio>
<ImageOrigine>3_6094.tif</ImageOrigine>
<CropImageOrigine>2120 3257 2115 3220
</CropImageOrigine>
</Attribut>
</TexturedSurface>
</WallSurface >
</BuildingPart >
</Building >
</CityModel>
</Chantier_Bati3D>
