<Chantier_Bati3D>
<Bbox>
<Xmin>533425.910</Xmin>
<Xmax>533474.157</Xmax>
<Ymin>152446.090</Ymin>
<Ymax>152561.910</Ymax>
<Zmin>394.199</Zmin>
<Zmax>403.500</Zmax>
</Bbox>
<CityModel Id ="80592">
<Building  Id ="81209">
<Attribut>
<centre>533450.033 147531.780</centre>
</Attribut>
<BuildingPart  Id ="81210">
<RoofSurface  Id ="81216">
<TexturedSurface Id ="81217">
<Attribut>
<FaceType>Roof</FaceType>
</Attribut>
<subnode Id ="81215-0">
<Attribut>
<Part>0</Part>
<TextureRatio>0.999424</TextureRatio>
<ImageOrigine>2_6074.tif</ImageOrigine>
<CropImageOrigine>1816 2415 1497 1701
</CropImageOrigine>
</Attribut>
</subnode>
<subnode Id ="81215-1">
<Attribut>
<Part>1</Part>
<TextureRatio>0.999927</TextureRatio>
<ImageOrigine>2_6074.tif</ImageOrigine>
<CropImageOrigine>1713 2467 1517 2412
</CropImageOrigine>
</Attribut>
</subnode>
</TexturedSurface>
</RoofSurface >
<WallSurface  Id ="86380">
<TexturedSurface Id ="86381">
<Attribut>
<FaceType>Wall</FaceType>
</Attribut>
</TexturedSurface>
<TexturedSurface Id ="86384">
<Attribut>
<FaceType>Wall</FaceType>
</Attribut>
</TexturedSurface>
<TexturedSurface Id ="86387">
<Attribut>
<FaceType>Wall</FaceType>
<TextureRatio>2.32965</TextureRatio>
<ImageOrigine>3_6095.tif</ImageOrigine>
<CropImageOrigine>4044 3766 3979 3461
</CropImageOrigine>
</Attribut>
</TexturedSurface>
<TexturedSurface Id ="86390">
<Attribut>
<FaceType>Wall</FaceType>
<TextureRatio>2.9327</TextureRatio>
<ImageOrigine>1_6049.tif</ImageOrigine>
<CropImageOrigine>1770 371 1719 346
</CropImageOrigine>
</Attribut>
</TexturedSurface>
<TexturedSurface Id ="86393">
<Attribut>
<FaceType>Wall</FaceType>
<TextureRatio>2.70352</TextureRatio>
<ImageOrigine>1_6046.tif</ImageOrigine>
<CropImageOrigine>3549 340 3525 275
</CropImageOrigine>
</Attribut>
</TexturedSurface>
<TexturedSurface Id ="86396">
<Attribut>
<FaceType>Wall</FaceType>
<TextureRatio>2.76512</TextureRatio>
<ImageOrigine>1_6051.tif</ImageOrigine>
<CropImageOrigine>381 335 260 306
</CropImageOrigine>
</Attribut>
</TexturedSurface>
<TexturedSurface Id ="86399">
<Attribut>
<FaceType>Wall</FaceType>
<TextureRatio>2.38218</TextureRatio>
<ImageOrigine>2_6071.tif</ImageOrigine>
<CropImageOrigine>3757 1254 3732 1199
</CropImageOrigine>
</Attribut>
</TexturedSurface>
<TexturedSurface Id ="86402">
<Attribut>
<FaceType>Wall</FaceType>
<TextureRatio>2.68557</TextureRatio>
<ImageOrigine>1_6051.tif</ImageOrigine>
<CropImageOrigine>423 280 353 254
</CropImageOrigine>
</Attribut>
</TexturedSurface>
<TexturedSurface Id ="86405">
<Attribut>
<FaceType>Wall</FaceType>
<TextureRatio>2.44493</TextureRatio>
<ImageOrigine>2_6071.tif</ImageOrigine>
<CropImageOrigine>3712 1350 3687 1246
</CropImageOrigine>
</Attribut>
</TexturedSurface>
<TexturedSurface Id ="86408">
<Attribut>
<FaceType>Wall</FaceType>
<TextureRatio>1.93529</TextureRatio>
<ImageOrigine>3_6099.tif</ImageOrigine>
<CropImageOrigine>1405 3981 1346 3950
</CropImageOrigine>
</Attribut>
</TexturedSurface>
<TexturedSurface Id ="86411">
<Attribut>
<FaceType>Wall</FaceType>
</Attribut>
</TexturedSurface>
<TexturedSurface Id ="86414">
<Attribut>
<FaceType>Wall</FaceType>
</Attribut>
</TexturedSurface>
<TexturedSurface Id ="86417">
<Attribut>
<FaceType>Wall</FaceType>
</Attribut>
</TexturedSurface>
<TexturedSurface Id ="86420">
<Attribut>
<FaceType>Wall</FaceType>
</Attribut>
</TexturedSurface>
<TexturedSurface Id ="86423">
<Attribut>
<FaceType>Wall</FaceType>
</Attribut>
</TexturedSurface>
<TexturedSurface Id ="86426">
<Attribut>
<FaceType>Wall</FaceType>
</Attribut>
</TexturedSurface>
<TexturedSurface Id ="86429">
<Attribut>
<FaceType>Wall</FaceType>
</Attribut>
</TexturedSurface>
<TexturedSurface Id ="86432">
<Attribut>
<FaceType>Wall</FaceType>
</Attribut>
</TexturedSurface>
<TexturedSurface Id ="86435">
<Attribut>
<FaceType>Wall</FaceType>
</Attribut>
</TexturedSurface>
<TexturedSurface Id ="86438">
<Attribut>
<FaceType>Wall</FaceType>
</Attribut>
</TexturedSurface>
<TexturedSurface Id ="86441">
<Attribut>
<FaceType>Wall</FaceType>
</Attribut>
</TexturedSurface>
<TexturedSurface Id ="86444">
<Attribut>
<FaceType>Wall</FaceType>
</Attribut>
</TexturedSurface>
<TexturedSurface Id ="86447">
<Attribut>
<FaceType>Wall</FaceType>
</Attribut>
</TexturedSurface>
<TexturedSurface Id ="86450">
<Attribut>
<FaceType>Wall</FaceType>
<TextureRatio>6.7477</TextureRatio>
<ImageOrigine>2_6076.tif</ImageOrigine>
<CropImageOrigine>629 2644 561 2633
</CropImageOrigine>
</Attribut>
</TexturedSurface>
<TexturedSurface Id ="86453">
<Attribut>
<FaceType>Wall</FaceType>
<TextureRatio>2.44522</TextureRatio>
<ImageOrigine>2_6071.tif</ImageOrigine>
<CropImageOrigine>3716 1896 3691 1800
</CropImageOrigine>
</Attribut>
</TexturedSurface>
<TexturedSurface Id ="86456">
<Attribut>
<FaceType>Wall</FaceType>
<TextureRatio>2.44723</TextureRatio>
<ImageOrigine>3_6100.tif</ImageOrigine>
<CropImageOrigine>796 3681 728 3652
</CropImageOrigine>
</Attribut>
</TexturedSurface>
<TexturedSurface Id ="86459">
<Attribut>
<FaceType>Wall</FaceType>
<TextureRatio>2.3828</TextureRatio>
<ImageOrigine>2_6071.tif</ImageOrigine>
<CropImageOrigine>3762 1940 3736 1892
</CropImageOrigine>
</Attribut>
</TexturedSurface>
<TexturedSurface Id ="86462">
<Attribut>
<FaceType>Wall</FaceType>
<TextureRatio>2.51849</TextureRatio>
<ImageOrigine>3_6100.tif</ImageOrigine>
<CropImageOrigine>746 3637 624 3607
</CropImageOrigine>
</Attribut>
</TexturedSurface>
<TexturedSurface Id ="86465">
<Attribut>
<FaceType>Wall</FaceType>
<TextureRatio>2.26954</TextureRatio>
<ImageOrigine>3_6095.tif</ImageOrigine>
<CropImageOrigine>4009 3094 3973 3029
</CropImageOrigine>
</Attribut>
</TexturedSurface>
<TexturedSurface Id ="86468">
<Attribut>
<FaceType>Wall</FaceType>
<TextureRatio>2.92356</TextureRatio>
<ImageOrigine>3_6095.tif</ImageOrigine>
<CropImageOrigine>4008 3101 3932 3076
</CropImageOrigine>
</Attribut>
</TexturedSurface>
<TexturedSurface Id ="86471">
<Attribut>
<FaceType>Wall</FaceType>
<TextureRatio>2.33011</TextureRatio>
<ImageOrigine>3_6095.tif</ImageOrigine>
<CropImageOrigine>3991 3338 3932 3083
</CropImageOrigine>
</Attribut>
</TexturedSurface>
<TexturedSurface Id ="86474">
<Attribut>
<FaceType>Wall</FaceType>
</Attribut>
</TexturedSurface>
<TexturedSurface Id ="86477">
<Attribut>
<FaceType>Wall</FaceType>
</Attribut>
</TexturedSurface>
<TexturedSurface Id ="86480">
<Attribut>
<FaceType>Wall</FaceType>
</Attribut>
</TexturedSurface>
<TexturedSurface Id ="86483">
<Attribut>
<FaceType>Wall</FaceType>
</Attribut>
</TexturedSurface>
<TexturedSurface Id ="86486">
<Attribut>
<FaceType>Wall</FaceType>
</Attribut>
</TexturedSurface>
<TexturedSurface Id ="86489">
<Attribut>
<FaceType>Wall</FaceType>
</Attribut>
</TexturedSurface>
<TexturedSurface Id ="86492">
<Attribut>
<FaceType>Wall</FaceType>
</Attribut>
</TexturedSurface>
<TexturedSurface Id ="86495">
<Attribut>
<FaceType>Wall</FaceType>
</Attribut>
</TexturedSurface>
<TexturedSurface Id ="86498">
<Attribut>
<FaceType>Wall</FaceType>
</Attribut>
</TexturedSurface>
<TexturedSurface Id ="86501">
<Attribut>
<FaceType>Wall</FaceType>
</Attribut>
</TexturedSurface>
<TexturedSurface Id ="86504">
<Attribut>
<FaceType>Wall</FaceType>
</Attribut>
</TexturedSurface>
<TexturedSurface Id ="86507">
<Attribut>
<FaceType>Wall</FaceType>
</Attribut>
</TexturedSurface>
<TexturedSurface Id ="86510">
<Attribut>
<FaceType>Wall</FaceType>
</Attribut>
</TexturedSurface>
<TexturedSurface Id ="86513">
<Attribut>
<FaceType>Wall</FaceType>
</Attribut>
</TexturedSurface>
<TexturedSurface Id ="86516">
<Attribut>
<FaceType>Wall</FaceType>
</Attribut>
</TexturedSurface>
<TexturedSurface Id ="86519">
<Attribut>
<FaceType>Wall</FaceType>
</Attribut>
</TexturedSurface>
<TexturedSurface Id ="86522">
<Attribut>
<FaceType>Wall</FaceType>
</Attribut>
</TexturedSurface>
<TexturedSurface Id ="86525">
<Attribut>
<FaceType>Wall</FaceType>
</Attribut>
</TexturedSurface>
<TexturedSurface Id ="86528">
<Attribut>
<FaceType>Wall</FaceType>
</Attribut>
</TexturedSurface>
<TexturedSurface Id ="86531">
<Attribut>
<FaceType>Wall</FaceType>
</Attribut>
</TexturedSurface>
</WallSurface >
</BuildingPart >
</Building >
</CityModel>
</Chantier_Bati3D>
