<Chantier_Bati3D>
<Bbox>
<Xmin>533412.130</Xmin>
<Xmax>533480.700</Xmax>
<Ymin>152449.050</Ymin>
<Ymax>152558.950</Ymax>
<Zmin>394.207</Zmin>
<Zmax>407.480</Zmax>
</Bbox>
<CityModel Id ="80592">
<Building  Id ="81220">
<Attribut>
<centre>533446.415 147530.300</centre>
</Attribut>
<BuildingPart  Id ="81221">
<RoofSurface  Id ="81227">
<TexturedSurface Id ="81228">
<Attribut>
<FaceType>Roof</FaceType>
</Attribut>
<subnode Id ="81226-0">
<Attribut>
<Part>0</Part>
<TextureRatio>0.999335</TextureRatio>
<ImageOrigine>2_6076.tif</ImageOrigine>
<CropImageOrigine>948 2763 480 2035
</CropImageOrigine>
</Attribut>
</subnode>
<subnode Id ="81226-1">
<Attribut>
<Part>1</Part>
<TextureRatio>0.999971</TextureRatio>
<ImageOrigine>2_6076.tif</ImageOrigine>
<CropImageOrigine>709 2777 597 2762
</CropImageOrigine>
</Attribut>
</subnode>
</TexturedSurface>
</RoofSurface >
<WallSurface  Id ="86537">
<TexturedSurface Id ="86538">
<Attribut>
<FaceType>Wall</FaceType>
<TextureRatio>4.4521</TextureRatio>
<ImageOrigine>2_6076.tif</ImageOrigine>
<CropImageOrigine>968 2508 947 2344
</CropImageOrigine>
</Attribut>
</TexturedSurface>
<TexturedSurface Id ="86541">
<Attribut>
<FaceType>Wall</FaceType>
<TextureRatio>2.47253</TextureRatio>
<ImageOrigine>1_6049.tif</ImageOrigine>
<CropImageOrigine>1741 116 1507 59
</CropImageOrigine>
</Attribut>
</TexturedSurface>
<TexturedSurface Id ="86544">
<Attribut>
<FaceType>Wall</FaceType>
<TextureRatio>3.57526</TextureRatio>
<ImageOrigine>2_6076.tif</ImageOrigine>
<CropImageOrigine>732 2351 706 2035
</CropImageOrigine>
</Attribut>
</TexturedSurface>
<TexturedSurface Id ="86547">
<Attribut>
<FaceType>Wall</FaceType>
<TextureRatio>2.72346</TextureRatio>
<ImageOrigine>1_6051.tif</ImageOrigine>
<CropImageOrigine>383 316 243 277
</CropImageOrigine>
</Attribut>
</TexturedSurface>
<TexturedSurface Id ="86550">
<Attribut>
<FaceType>Wall</FaceType>
<TextureRatio>2.38055</TextureRatio>
<ImageOrigine>2_6071.tif</ImageOrigine>
<CropImageOrigine>3765 1478 3728 1214
</CropImageOrigine>
</Attribut>
</TexturedSurface>
<TexturedSurface Id ="86553">
<Attribut>
<FaceType>Wall</FaceType>
<TextureRatio>2.34598</TextureRatio>
<ImageOrigine>1_6051.tif</ImageOrigine>
<CropImageOrigine>465 45 321 0
</CropImageOrigine>
</Attribut>
</TexturedSurface>
<TexturedSurface Id ="86556">
<Attribut>
<FaceType>Wall</FaceType>
<TextureRatio>2.53383</TextureRatio>
<ImageOrigine>2_6071.tif</ImageOrigine>
<CropImageOrigine>3659 1675 3624 1474
</CropImageOrigine>
</Attribut>
</TexturedSurface>
<TexturedSurface Id ="86559">
<Attribut>
<FaceType>Wall</FaceType>
<TextureRatio>2.14129</TextureRatio>
<ImageOrigine>3_6100.tif</ImageOrigine>
<CropImageOrigine>878 3928 738 3881
</CropImageOrigine>
</Attribut>
</TexturedSurface>
<TexturedSurface Id ="86562">
<Attribut>
<FaceType>Wall</FaceType>
<TextureRatio>2.38085</TextureRatio>
<ImageOrigine>2_6071.tif</ImageOrigine>
<CropImageOrigine>3768 1922 3731 1668
</CropImageOrigine>
</Attribut>
</TexturedSurface>
<TexturedSurface Id ="86565">
<Attribut>
<FaceType>Wall</FaceType>
<TextureRatio>2.48042</TextureRatio>
<ImageOrigine>3_6100.tif</ImageOrigine>
<CropImageOrigine>751 3668 612 3626
</CropImageOrigine>
</Attribut>
</TexturedSurface>
<TexturedSurface Id ="86568">
<Attribut>
<FaceType>Wall</FaceType>
<TextureRatio>2.26713</TextureRatio>
<ImageOrigine>3_6095.tif</ImageOrigine>
<CropImageOrigine>4047 3336 3971 3049
</CropImageOrigine>
</Attribut>
</TexturedSurface>
<TexturedSurface Id ="86571">
<Attribut>
<FaceType>Wall</FaceType>
<TextureRatio>2.14107</TextureRatio>
<ImageOrigine>3_6100.tif</ImageOrigine>
<CropImageOrigine>658 3943 389 3890
</CropImageOrigine>
</Attribut>
</TexturedSurface>
</WallSurface >
</BuildingPart >
</Building >
</CityModel>
</Chantier_Bati3D>
