<Chantier_Bati3D>
<Bbox>
<Xmin>533525.561</Xmin>
<Xmax>533557.961</Xmax>
<Ymin>152559.410</Ymin>
<Ymax>152591.810</Ymax>
<Zmin>394.036</Zmin>
<Zmax>422.340</Zmax>
</Bbox>
<CityModel Id ="80592">
<Building  Id ="81231">
<Attribut>
<centre>533541.761 147546.730</centre>
</Attribut>
<BuildingPart  Id ="81232">
<RoofSurface  Id ="81238">
<TexturedSurface Id ="81239">
<Attribut>
<FaceType>Roof</FaceType>
<TextureRatio>0.999923</TextureRatio>
<ImageOrigine>3_6098.tif</ImageOrigine>
<CropImageOrigine>2732 3333 2497 3101
</CropImageOrigine>
</Attribut>
</TexturedSurface>
</RoofSurface >
<WallSurface  Id ="86577">
<TexturedSurface Id ="86578">
<Attribut>
<FaceType>Wall</FaceType>
<TextureRatio>2.8195</TextureRatio>
<ImageOrigine>3_6100.tif</ImageOrigine>
<CropImageOrigine>1365 3458 1218 3383
</CropImageOrigine>
</Attribut>
</TexturedSurface>
<TexturedSurface Id ="86581">
<Attribut>
<FaceType>Wall</FaceType>
<TextureRatio>3.51432</TextureRatio>
<ImageOrigine>3_6097.tif</ImageOrigine>
<CropImageOrigine>3277 2883 3222 2794
</CropImageOrigine>
</Attribut>
</TexturedSurface>
<TexturedSurface Id ="86584">
<Attribut>
<FaceType>Wall</FaceType>
</Attribut>
</TexturedSurface>
<TexturedSurface Id ="86587">
<Attribut>
<FaceType>Wall</FaceType>
</Attribut>
</TexturedSurface>
<TexturedSurface Id ="86590">
<Attribut>
<FaceType>Wall</FaceType>
</Attribut>
</TexturedSurface>
<TexturedSurface Id ="86593">
<Attribut>
<FaceType>Wall</FaceType>
<TextureRatio>16.765</TextureRatio>
<ImageOrigine>3_6099.tif</ImageOrigine>
<CropImageOrigine>1863 3244 1851 3145
</CropImageOrigine>
</Attribut>
</TexturedSurface>
<TexturedSurface Id ="86596">
<Attribut>
<FaceType>Wall</FaceType>
<TextureRatio>2.81945</TextureRatio>
<ImageOrigine>3_6100.tif</ImageOrigine>
<CropImageOrigine>1257 3463 1106 3387
</CropImageOrigine>
</Attribut>
</TexturedSurface>
<TexturedSurface Id ="86599">
<Attribut>
<FaceType>Wall</FaceType>
<TextureRatio>2.42209</TextureRatio>
<ImageOrigine>3_6096.tif</ImageOrigine>
<CropImageOrigine>3972 2908 3857 2647
</CropImageOrigine>
</Attribut>
</TexturedSurface>
<TexturedSurface Id ="86602">
<Attribut>
<FaceType>Wall</FaceType>
<TextureRatio>8.26487</TextureRatio>
<ImageOrigine>2_6074.tif</ImageOrigine>
<CropImageOrigine>1159 2459 905 2434
</CropImageOrigine>
</Attribut>
</TexturedSurface>
<TexturedSurface Id ="86605">
<Attribut>
<FaceType>Wall</FaceType>
<TextureRatio>2.82961</TextureRatio>
<ImageOrigine>3_6101.tif</ImageOrigine>
<CropImageOrigine>130 3845 47 3534
</CropImageOrigine>
</Attribut>
</TexturedSurface>
</WallSurface >
</BuildingPart >
</Building >
</CityModel>
</Chantier_Bati3D>
