<Chantier_Bati3D>
<Bbox>
<Xmin>533508.040</Xmin>
<Xmax>533576.441</Xmax>
<Ymin>152551.480</Ymin>
<Ymax>152610.280</Ymax>
<Zmin>394.010</Zmin>
<Zmax>403.340</Zmax>
</Bbox>
<CityModel Id ="80592">
<Building  Id ="81242">
<Attribut>
<centre>533542.241 147555.965</centre>
</Attribut>
<BuildingPart  Id ="81243">
<RoofSurface  Id ="81249">
<TexturedSurface Id ="81250">
<Attribut>
<FaceType>Roof</FaceType>
<TextureRatio>0.999988</TextureRatio>
<ImageOrigine>2_6074.tif</ImageOrigine>
<CropImageOrigine>1268 2781 803 2387
</CropImageOrigine>
</Attribut>
</TexturedSurface>
</RoofSurface >
<WallSurface  Id ="86611">
<TexturedSurface Id ="86612">
<Attribut>
<FaceType>Wall</FaceType>
<TextureRatio>3.10535</TextureRatio>
<ImageOrigine>3_6098.tif</ImageOrigine>
<CropImageOrigine>2488 3209 2367 3184
</CropImageOrigine>
</Attribut>
</TexturedSurface>
<TexturedSurface Id ="86615">
<Attribut>
<FaceType>Wall</FaceType>
<TextureRatio>2.64538</TextureRatio>
<ImageOrigine>3_6096.tif</ImageOrigine>
<CropImageOrigine>3802 2945 3758 2795
</CropImageOrigine>
</Attribut>
</TexturedSurface>
<TexturedSurface Id ="86618">
<Attribut>
<FaceType>Wall</FaceType>
<TextureRatio>9.35013</TextureRatio>
<ImageOrigine>2_6074.tif</ImageOrigine>
<CropImageOrigine>1275 2393 808 2381
</CropImageOrigine>
</Attribut>
</TexturedSurface>
<TexturedSurface Id ="86621">
<Attribut>
<FaceType>Wall</FaceType>
<TextureRatio>2.41039</TextureRatio>
<ImageOrigine>2_6070.tif</ImageOrigine>
<CropImageOrigine>3760 1664 3734 1642
</CropImageOrigine>
</Attribut>
</TexturedSurface>
<TexturedSurface Id ="86624">
<Attribut>
<FaceType>Wall</FaceType>
<TextureRatio>2.3316</TextureRatio>
<ImageOrigine>3_6101.tif</ImageOrigine>
<CropImageOrigine>264 3807 239 3776
</CropImageOrigine>
</Attribut>
</TexturedSurface>
<TexturedSurface Id ="86627">
<Attribut>
<FaceType>Wall</FaceType>
<TextureRatio>2.40636</TextureRatio>
<ImageOrigine>2_6070.tif</ImageOrigine>
<CropImageOrigine>3764 1687 3738 1662
</CropImageOrigine>
</Attribut>
</TexturedSurface>
<TexturedSurface Id ="86630">
<Attribut>
<FaceType>Wall</FaceType>
<TextureRatio>17.8955</TextureRatio>
<ImageOrigine>2_6072.tif</ImageOrigine>
<CropImageOrigine>2531 2164 2521 2160
</CropImageOrigine>
</Attribut>
</TexturedSurface>
<TexturedSurface Id ="86633">
<Attribut>
<FaceType>Wall</FaceType>
<TextureRatio>2.41048</TextureRatio>
<ImageOrigine>2_6070.tif</ImageOrigine>
<CropImageOrigine>3765 1772 3736 1685
</CropImageOrigine>
</Attribut>
</TexturedSurface>
<TexturedSurface Id ="86636">
<Attribut>
<FaceType>Wall</FaceType>
<TextureRatio>2.49193</TextureRatio>
<ImageOrigine>3_6101.tif</ImageOrigine>
<CropImageOrigine>257 3698 104 3660
</CropImageOrigine>
</Attribut>
</TexturedSurface>
<TexturedSurface Id ="86639">
<Attribut>
<FaceType>Wall</FaceType>
<TextureRatio>2.26364</TextureRatio>
<ImageOrigine>2_6070.tif</ImageOrigine>
<CropImageOrigine>3884 1877 3852 1762
</CropImageOrigine>
</Attribut>
</TexturedSurface>
<TexturedSurface Id ="86642">
<Attribut>
<FaceType>Wall</FaceType>
<TextureRatio>6.02314</TextureRatio>
<ImageOrigine>2_6074.tif</ImageOrigine>
<CropImageOrigine>941 2643 805 2632
</CropImageOrigine>
</Attribut>
</TexturedSurface>
<TexturedSurface Id ="86645">
<Attribut>
<FaceType>Wall</FaceType>
<TextureRatio>2.41113</TextureRatio>
<ImageOrigine>2_6070.tif</ImageOrigine>
<CropImageOrigine>3776 2014 3745 1883
</CropImageOrigine>
</Attribut>
</TexturedSurface>
<TexturedSurface Id ="86648">
<Attribut>
<FaceType>Wall</FaceType>
<TextureRatio>3.13215</TextureRatio>
<ImageOrigine>3_6100.tif</ImageOrigine>
<CropImageOrigine>1482 3297 1010 3256
</CropImageOrigine>
</Attribut>
</TexturedSurface>
<TexturedSurface Id ="86651">
<Attribut>
<FaceType>Wall</FaceType>
<TextureRatio>2.64574</TextureRatio>
<ImageOrigine>3_6096.tif</ImageOrigine>
<CropImageOrigine>3769 2691 3725 2544
</CropImageOrigine>
</Attribut>
</TexturedSurface>
<TexturedSurface Id ="86654">
<Attribut>
<FaceType>Wall</FaceType>
<TextureRatio>4.42053</TextureRatio>
<ImageOrigine>2_6076.tif</ImageOrigine>
<CropImageOrigine>331 2982 190 2966
</CropImageOrigine>
</Attribut>
</TexturedSurface>
<TexturedSurface Id ="86657">
<Attribut>
<FaceType>Wall</FaceType>
<TextureRatio>2.50247</TextureRatio>
<ImageOrigine>2_6076.tif</ImageOrigine>
<CropImageOrigine>216 2981 189 2848
</CropImageOrigine>
</Attribut>
</TexturedSurface>
</WallSurface >
</BuildingPart >
</Building >
</CityModel>
</Chantier_Bati3D>
