<Chantier_Bati3D>
<Bbox>
<Xmin>533423.210</Xmin>
<Xmax>533480.410</Xmax>
<Ymin>152646.400</Ymin>
<Ymax>152672.050</Ymax>
<Zmin>393.610</Zmin>
<Zmax>402.700</Zmax>
</Bbox>
<CityModel Id ="80592">
<Building  Id ="81253">
<Attribut>
<centre>533451.810 147586.850</centre>
</Attribut>
<BuildingPart  Id ="81254">
<RoofSurface  Id ="81260">
<TexturedSurface Id ="81261">
<Attribut>
<FaceType>Roof</FaceType>
<TextureRatio>1.00025</TextureRatio>
<ImageOrigine>3_6098.tif</ImageOrigine>
<CropImageOrigine>2167 2723 1773 2541
</CropImageOrigine>
</Attribut>
</TexturedSurface>
</RoofSurface >
<WallSurface  Id ="86663">
<TexturedSurface Id ="86664">
<Attribut>
<FaceType>Wall</FaceType>
<TextureRatio>3.17576</TextureRatio>
<ImageOrigine>2_6076.tif</ImageOrigine>
<CropImageOrigine>898 3359 641 3337
</CropImageOrigine>
</Attribut>
</TexturedSurface>
<TexturedSurface Id ="86667">
<Attribut>
<FaceType>Wall</FaceType>
<TextureRatio>3.37166</TextureRatio>
<ImageOrigine>2_6076.tif</ImageOrigine>
<CropImageOrigine>659 3358 641 3335
</CropImageOrigine>
</Attribut>
</TexturedSurface>
<TexturedSurface Id ="86670">
<Attribut>
<FaceType>Wall</FaceType>
<TextureRatio>3.18755</TextureRatio>
<ImageOrigine>2_6076.tif</ImageOrigine>
<CropImageOrigine>659 3355 497 3335
</CropImageOrigine>
</Attribut>
</TexturedSurface>
<TexturedSurface Id ="86673">
<Attribut>
<FaceType>Wall</FaceType>
<TextureRatio>2.54132</TextureRatio>
<ImageOrigine>2_6071.tif</ImageOrigine>
<CropImageOrigine>3656 2549 3633 2464
</CropImageOrigine>
</Attribut>
</TexturedSurface>
<TexturedSurface Id ="86676">
<Attribut>
<FaceType>Wall</FaceType>
<TextureRatio>4.13652</TextureRatio>
<ImageOrigine>3_6100.tif</ImageOrigine>
<CropImageOrigine>825 2981 803 2964
</CropImageOrigine>
</Attribut>
</TexturedSurface>
<TexturedSurface Id ="86679">
<Attribut>
<FaceType>Wall</FaceType>
<TextureRatio>2.53717</TextureRatio>
<ImageOrigine>2_6071.tif</ImageOrigine>
<CropImageOrigine>3660 2633 3636 2538
</CropImageOrigine>
</Attribut>
</TexturedSurface>
<TexturedSurface Id ="86682">
<Attribut>
<FaceType>Wall</FaceType>
<TextureRatio>4.54738</TextureRatio>
<ImageOrigine>3_6100.tif</ImageOrigine>
<CropImageOrigine>817 2897 631 2874
</CropImageOrigine>
</Attribut>
</TexturedSurface>
<TexturedSurface Id ="86685">
<Attribut>
<FaceType>Wall</FaceType>
<TextureRatio>2.2141</TextureRatio>
<ImageOrigine>3_6095.tif</ImageOrigine>
<CropImageOrigine>3965 2361 3929 2301
</CropImageOrigine>
</Attribut>
</TexturedSurface>
<TexturedSurface Id ="86688">
<Attribut>
<FaceType>Wall</FaceType>
<TextureRatio>4.29616</TextureRatio>
<ImageOrigine>3_6100.tif</ImageOrigine>
<CropImageOrigine>656 2960 417 2935
</CropImageOrigine>
</Attribut>
</TexturedSurface>
<TexturedSurface Id ="86691">
<Attribut>
<FaceType>Wall</FaceType>
<TextureRatio>2.49687</TextureRatio>
<ImageOrigine>3_6095.tif</ImageOrigine>
<CropImageOrigine>3766 2503 3726 2383
</CropImageOrigine>
</Attribut>
</TexturedSurface>
</WallSurface >
</BuildingPart >
</Building >
</CityModel>
</Chantier_Bati3D>
