<Chantier_Bati3D>
<Bbox>
<Xmin>533458.220</Xmin>
<Xmax>533479.610</Xmax>
<Ymin>152647.925</Ymin>
<Ymax>152663.797</Ymax>
<Zmin>393.678</Zmin>
<Zmax>406.700</Zmax>
</Bbox>
<CityModel Id ="80592">
<Building  Id ="81264">
<Attribut>
<centre>533468.915 147582.724</centre>
</Attribut>
<BuildingPart  Id ="81265">
<RoofSurface  Id ="81271">
<TexturedSurface Id ="81272">
<Attribut>
<FaceType>Roof</FaceType>
<TextureRatio>1.00002</TextureRatio>
<ImageOrigine>3_6096.tif</ImageOrigine>
<CropImageOrigine>3529 2354 3378 2229
</CropImageOrigine>
</Attribut>
</TexturedSurface>
</RoofSurface >
<WallSurface  Id ="86697">
<TexturedSurface Id ="86698">
<Attribut>
<FaceType>Wall</FaceType>
<TextureRatio>2.57583</TextureRatio>
<ImageOrigine>2_6076.tif</ImageOrigine>
<CropImageOrigine>665 3383 638 3353
</CropImageOrigine>
</Attribut>
</TexturedSurface>
<TexturedSurface Id ="86701">
<Attribut>
<FaceType>Wall</FaceType>
<TextureRatio>2.37658</TextureRatio>
<ImageOrigine>2_6076.tif</ImageOrigine>
<CropImageOrigine>665 3381 636 3352
</CropImageOrigine>
</Attribut>
</TexturedSurface>
<TexturedSurface Id ="86704">
<Attribut>
<FaceType>Wall</FaceType>
<TextureRatio>3.1339</TextureRatio>
<ImageOrigine>2_6076.tif</ImageOrigine>
<CropImageOrigine>662 3381 609 3352
</CropImageOrigine>
</Attribut>
</TexturedSurface>
<TexturedSurface Id ="86707">
<Attribut>
<FaceType>Wall</FaceType>
<TextureRatio>3.30133</TextureRatio>
<ImageOrigine>2_6076.tif</ImageOrigine>
<CropImageOrigine>637 3380 609 3351
</CropImageOrigine>
</Attribut>
</TexturedSurface>
<TexturedSurface Id ="86710">
<Attribut>
<FaceType>Wall</FaceType>
<TextureRatio>2.27575</TextureRatio>
<ImageOrigine>2_6076.tif</ImageOrigine>
<CropImageOrigine>637 3378 603 3345
</CropImageOrigine>
</Attribut>
</TexturedSurface>
<TexturedSurface Id ="86713">
<Attribut>
<FaceType>Wall</FaceType>
<TextureRatio>2.39474</TextureRatio>
<ImageOrigine>2_6071.tif</ImageOrigine>
<CropImageOrigine>3771 2490 3732 2470
</CropImageOrigine>
</Attribut>
</TexturedSurface>
<TexturedSurface Id ="86716">
<Attribut>
<FaceType>Wall</FaceType>
<TextureRatio>2.38828</TextureRatio>
<ImageOrigine>2_6071.tif</ImageOrigine>
<CropImageOrigine>3766 2491 3732 2476
</CropImageOrigine>
</Attribut>
</TexturedSurface>
<TexturedSurface Id ="86719">
<Attribut>
<FaceType>Wall</FaceType>
<TextureRatio>3.1359</TextureRatio>
<ImageOrigine>2_6076.tif</ImageOrigine>
<CropImageOrigine>625 3381 555 3352
</CropImageOrigine>
</Attribut>
</TexturedSurface>
<TexturedSurface Id ="86722">
<Attribut>
<FaceType>Wall</FaceType>
<TextureRatio>3.17093</TextureRatio>
<ImageOrigine>2_6076.tif</ImageOrigine>
<CropImageOrigine>583 3380 555 3351
</CropImageOrigine>
</Attribut>
</TexturedSurface>
<TexturedSurface Id ="86725">
<Attribut>
<FaceType>Wall</FaceType>
<TextureRatio>2.23103</TextureRatio>
<ImageOrigine>2_6076.tif</ImageOrigine>
<CropImageOrigine>583 3379 549 3345
</CropImageOrigine>
</Attribut>
</TexturedSurface>
<TexturedSurface Id ="86728">
<Attribut>
<FaceType>Wall</FaceType>
<TextureRatio>2.44431</TextureRatio>
<ImageOrigine>2_6071.tif</ImageOrigine>
<CropImageOrigine>3721 2491 3683 2472
</CropImageOrigine>
</Attribut>
</TexturedSurface>
<TexturedSurface Id ="86731">
<Attribut>
<FaceType>Wall</FaceType>
<TextureRatio>2.45849</TextureRatio>
<ImageOrigine>2_6071.tif</ImageOrigine>
<CropImageOrigine>3716 2493 3683 2478
</CropImageOrigine>
</Attribut>
</TexturedSurface>
<TexturedSurface Id ="86734">
<Attribut>
<FaceType>Wall</FaceType>
<TextureRatio>3.20293</TextureRatio>
<ImageOrigine>2_6076.tif</ImageOrigine>
<CropImageOrigine>571 3382 515 3353
</CropImageOrigine>
</Attribut>
</TexturedSurface>
<TexturedSurface Id ="86737">
<Attribut>
<FaceType>Wall</FaceType>
<TextureRatio>2.30749</TextureRatio>
<ImageOrigine>2_6071.tif</ImageOrigine>
<CropImageOrigine>3689 2497 3656 2481
</CropImageOrigine>
</Attribut>
</TexturedSurface>
<TexturedSurface Id ="86740">
<Attribut>
<FaceType>Wall</FaceType>
<TextureRatio>2.49821</TextureRatio>
<ImageOrigine>2_6071.tif</ImageOrigine>
<CropImageOrigine>3689 2534 3656 2483
</CropImageOrigine>
</Attribut>
</TexturedSurface>
<TexturedSurface Id ="86743">
<Attribut>
<FaceType>Wall</FaceType>
<TextureRatio>3.04096</TextureRatio>
<ImageOrigine>2_6076.tif</ImageOrigine>
<CropImageOrigine>543 3425 494 3395
</CropImageOrigine>
</Attribut>
</TexturedSurface>
<TexturedSurface Id ="86746">
<Attribut>
<FaceType>Wall</FaceType>
<TextureRatio>2.52587</TextureRatio>
<ImageOrigine>2_6071.tif</ImageOrigine>
<CropImageOrigine>3672 2587 3638 2520
</CropImageOrigine>
</Attribut>
</TexturedSurface>
<TexturedSurface Id ="86749">
<Attribut>
<FaceType>Wall</FaceType>
<TextureRatio>4.27473</TextureRatio>
<ImageOrigine>3_6100.tif</ImageOrigine>
<CropImageOrigine>818 2954 749 2929
</CropImageOrigine>
</Attribut>
</TexturedSurface>
<TexturedSurface Id ="86752">
<Attribut>
<FaceType>Wall</FaceType>
<TextureRatio>3.09334</TextureRatio>
<ImageOrigine>3_6096.tif</ImageOrigine>
<CropImageOrigine>3482 2251 3449 2226
</CropImageOrigine>
</Attribut>
</TexturedSurface>
<TexturedSurface Id ="86755">
<Attribut>
<FaceType>Wall</FaceType>
<TextureRatio>5.59449</TextureRatio>
<ImageOrigine>3_6098.tif</ImageOrigine>
<CropImageOrigine>2116 2619 2107 2602
</CropImageOrigine>
</Attribut>
</TexturedSurface>
<TexturedSurface Id ="86758">
<Attribut>
<FaceType>Wall</FaceType>
<TextureRatio>3.06544</TextureRatio>
<ImageOrigine>3_6100.tif</ImageOrigine>
<CropImageOrigine>770 2968 742 2944
</CropImageOrigine>
</Attribut>
</TexturedSurface>
<TexturedSurface Id ="86761">
<Attribut>
<FaceType>Wall</FaceType>
<TextureRatio>2.51083</TextureRatio>
<ImageOrigine>3_6100.tif</ImageOrigine>
<CropImageOrigine>770 2966 735 2938
</CropImageOrigine>
</Attribut>
</TexturedSurface>
<TexturedSurface Id ="86764">
<Attribut>
<FaceType>Wall</FaceType>
<TextureRatio>2.95909</TextureRatio>
<ImageOrigine>3_6096.tif</ImageOrigine>
<CropImageOrigine>3466 2253 3431 2235
</CropImageOrigine>
</Attribut>
</TexturedSurface>
<TexturedSurface Id ="86767">
<Attribut>
<FaceType>Wall</FaceType>
<TextureRatio>3.13963</TextureRatio>
<ImageOrigine>3_6096.tif</ImageOrigine>
<CropImageOrigine>3462 2254 3431 2242
</CropImageOrigine>
</Attribut>
</TexturedSurface>
<TexturedSurface Id ="86770">
<Attribut>
<FaceType>Wall</FaceType>
<TextureRatio>4.21181</TextureRatio>
<ImageOrigine>3_6100.tif</ImageOrigine>
<CropImageOrigine>758 2971 687 2946
</CropImageOrigine>
</Attribut>
</TexturedSurface>
<TexturedSurface Id ="86773">
<Attribut>
<FaceType>Wall</FaceType>
<TextureRatio>2.94902</TextureRatio>
<ImageOrigine>3_6100.tif</ImageOrigine>
<CropImageOrigine>717 2970 687 2946
</CropImageOrigine>
</Attribut>
</TexturedSurface>
<TexturedSurface Id ="86776">
<Attribut>
<FaceType>Wall</FaceType>
<TextureRatio>2.45471</TextureRatio>
<ImageOrigine>3_6100.tif</ImageOrigine>
<CropImageOrigine>717 2968 681 2941
</CropImageOrigine>
</Attribut>
</TexturedSurface>
<TexturedSurface Id ="86779">
<Attribut>
<FaceType>Wall</FaceType>
<TextureRatio>2.22338</TextureRatio>
<ImageOrigine>3_6095.tif</ImageOrigine>
<CropImageOrigine>4032 2371 3985 2354
</CropImageOrigine>
</Attribut>
</TexturedSurface>
<TexturedSurface Id ="86782">
<Attribut>
<FaceType>Wall</FaceType>
<TextureRatio>2.15172</TextureRatio>
<ImageOrigine>3_6095.tif</ImageOrigine>
<CropImageOrigine>4028 2373 3985 2361
</CropImageOrigine>
</Attribut>
</TexturedSurface>
<TexturedSurface Id ="86785">
<Attribut>
<FaceType>Wall</FaceType>
<TextureRatio>4.34247</TextureRatio>
<ImageOrigine>3_6100.tif</ImageOrigine>
<CropImageOrigine>705 2973 647 2949
</CropImageOrigine>
</Attribut>
</TexturedSurface>
<TexturedSurface Id ="86788">
<Attribut>
<FaceType>Wall</FaceType>
<TextureRatio>2.0614</TextureRatio>
<ImageOrigine>3_6095.tif</ImageOrigine>
<CropImageOrigine>4000 2381 3958 2367
</CropImageOrigine>
</Attribut>
</TexturedSurface>
<TexturedSurface Id ="86791">
<Attribut>
<FaceType>Wall</FaceType>
<TextureRatio>2.1842</TextureRatio>
<ImageOrigine>3_6095.tif</ImageOrigine>
<CropImageOrigine>4009 2458 3958 2370
</CropImageOrigine>
</Attribut>
</TexturedSurface>
</WallSurface >
</BuildingPart >
</Building >
</CityModel>
</Chantier_Bati3D>
