<Chantier_Bati3D>
<Bbox>
<Xmin>533437.810</Xmin>
<Xmax>533440.660</Xmax>
<Ymin>152650.450</Ymin>
<Ymax>152658.950</Ymax>
<Zmin>393.777</Zmin>
<Zmax>406.700</Zmax>
</Bbox>
<CityModel Id ="80592">
<Building  Id ="81275">
<Attribut>
<centre>533439.235 147580.300</centre>
</Attribut>
<BuildingPart  Id ="81276">
<RoofSurface  Id ="81282">
<TexturedSurface Id ="81283">
<Attribut>
<FaceType>Roof</FaceType>
<TextureRatio>0.999909</TextureRatio>
<ImageOrigine>3_6096.tif</ImageOrigine>
<CropImageOrigine>3269 2363 3241 2303
</CropImageOrigine>
</Attribut>
</TexturedSurface>
</RoofSurface >
<WallSurface  Id ="86797">
<TexturedSurface Id ="86798">
<Attribut>
<FaceType>Wall</FaceType>
<TextureRatio>3.1149</TextureRatio>
<ImageOrigine>2_6076.tif</ImageOrigine>
<CropImageOrigine>801 3389 758 3360
</CropImageOrigine>
</Attribut>
</TexturedSurface>
<TexturedSurface Id ="86801">
<Attribut>
<FaceType>Wall</FaceType>
<TextureRatio>2.2019</TextureRatio>
<ImageOrigine>2_6071.tif</ImageOrigine>
<CropImageOrigine>3915 2548 3878 2481
</CropImageOrigine>
</Attribut>
</TexturedSurface>
<TexturedSurface Id ="86804">
<Attribut>
<FaceType>Wall</FaceType>
<TextureRatio>4.13634</TextureRatio>
<ImageOrigine>3_6100.tif</ImageOrigine>
<CropImageOrigine>560 2997 508 2973
</CropImageOrigine>
</Attribut>
</TexturedSurface>
<TexturedSurface Id ="86807">
<Attribut>
<FaceType>Wall</FaceType>
<TextureRatio>2.35192</TextureRatio>
<ImageOrigine>3_6095.tif</ImageOrigine>
<CropImageOrigine>3872 2471 3826 2403
</CropImageOrigine>
</Attribut>
</TexturedSurface>
</WallSurface >
</BuildingPart >
</Building >
</CityModel>
</Chantier_Bati3D>
