<Chantier_Bati3D>
<Bbox>
<Xmin>533445.810</Xmin>
<Xmax>533448.660</Xmax>
<Ymin>152650.450</Ymin>
<Ymax>152658.950</Ymax>
<Zmin>393.765</Zmin>
<Zmax>406.700</Zmax>
</Bbox>
<CityModel Id ="80592">
<Building  Id ="81286">
<Attribut>
<centre>533447.235 147580.300</centre>
</Attribut>
<BuildingPart  Id ="81287">
<RoofSurface  Id ="81293">
<TexturedSurface Id ="81294">
<Attribut>
<FaceType>Roof</FaceType>
<TextureRatio>0.999939</TextureRatio>
<ImageOrigine>2_6076.tif</ImageOrigine>
<CropImageOrigine>724 3446 704 3388
</CropImageOrigine>
</Attribut>
</TexturedSurface>
</RoofSurface >
<WallSurface  Id ="86813">
<TexturedSurface Id ="86814">
<Attribut>
<FaceType>Wall</FaceType>
<TextureRatio>3.11488</TextureRatio>
<ImageOrigine>2_6076.tif</ImageOrigine>
<CropImageOrigine>748 3389 704 3360
</CropImageOrigine>
</Attribut>
</TexturedSurface>
<TexturedSurface Id ="86817">
<Attribut>
<FaceType>Wall</FaceType>
<TextureRatio>2.26143</TextureRatio>
<ImageOrigine>2_6071.tif</ImageOrigine>
<CropImageOrigine>3865 2550 3829 2483
</CropImageOrigine>
</Attribut>
</TexturedSurface>
<TexturedSurface Id ="86820">
<Attribut>
<FaceType>Wall</FaceType>
<TextureRatio>4.13633</TextureRatio>
<ImageOrigine>3_6100.tif</ImageOrigine>
<CropImageOrigine>613 2995 562 2971
</CropImageOrigine>
</Attribut>
</TexturedSurface>
<TexturedSurface Id ="86823">
<Attribut>
<FaceType>Wall</FaceType>
<TextureRatio>2.28317</TextureRatio>
<ImageOrigine>3_6095.tif</ImageOrigine>
<CropImageOrigine>3926 2464 3878 2396
</CropImageOrigine>
</Attribut>
</TexturedSurface>
</WallSurface >
</BuildingPart >
</Building >
</CityModel>
</Chantier_Bati3D>
