<Chantier_Bati3D>
<Bbox>
<Xmin>533304.710</Xmin>
<Xmax>533318.490</Xmax>
<Ymin>152519.350</Ymin>
<Ymax>152539.650</Ymax>
<Zmin>394.625</Zmin>
<Zmax>399.600</Zmax>
</Bbox>
<CityModel Id ="80592">
<Building  Id ="81297">
<Attribut>
<centre>533311.600 147520.650</centre>
</Attribut>
<BuildingPart  Id ="81298">
<RoofSurface  Id ="81304">
<TexturedSurface Id ="81305">
<Attribut>
<FaceType>Roof</FaceType>
<TextureRatio>0.999999</TextureRatio>
<ImageOrigine>2_6076.tif</ImageOrigine>
<CropImageOrigine>1676 2635 1583 2500
</CropImageOrigine>
</Attribut>
</TexturedSurface>
</RoofSurface >
<WallSurface  Id ="86829">
<TexturedSurface Id ="86830">
<Attribut>
<FaceType>Wall</FaceType>
</Attribut>
</TexturedSurface>
<TexturedSurface Id ="86833">
<Attribut>
<FaceType>Wall</FaceType>
</Attribut>
</TexturedSurface>
<TexturedSurface Id ="86836">
<Attribut>
<FaceType>Wall</FaceType>
</Attribut>
</TexturedSurface>
<TexturedSurface Id ="86839">
<Attribut>
<FaceType>Wall</FaceType>
</Attribut>
</TexturedSurface>
<TexturedSurface Id ="86842">
<Attribut>
<FaceType>Wall</FaceType>
</Attribut>
</TexturedSurface>
</WallSurface >
</BuildingPart >
</Building >
</CityModel>
</Chantier_Bati3D>
