<Chantier_Bati3D>
<Bbox>
<Xmin>533221.600</Xmin>
<Xmax>533246.730</Xmax>
<Ymin>152431.420</Ymin>
<Ymax>152518.710</Ymax>
<Zmin>394.861</Zmin>
<Zmax>399.600</Zmax>
</Bbox>
<CityModel Id ="80592">
<Building  Id ="81308">
<Attribut>
<centre>533234.165 147510.180</centre>
</Attribut>
<BuildingPart  Id ="81309">
<RoofSurface  Id ="81315">
<TexturedSurface Id ="81316">
<Attribut>
<FaceType>Roof</FaceType>
<TextureRatio>0.999721</TextureRatio>
<ImageOrigine>2_6079.tif</ImageOrigine>
<CropImageOrigine>368 2995 192 2399
</CropImageOrigine>
</Attribut>
</TexturedSurface>
</RoofSurface >
<WallSurface  Id ="86848">
<TexturedSurface Id ="86849">
<Attribut>
<FaceType>Wall</FaceType>
</Attribut>
</TexturedSurface>
<TexturedSurface Id ="86852">
<Attribut>
<FaceType>Wall</FaceType>
</Attribut>
</TexturedSurface>
<TexturedSurface Id ="86855">
<Attribut>
<FaceType>Wall</FaceType>
</Attribut>
</TexturedSurface>
<TexturedSurface Id ="86858">
<Attribut>
<FaceType>Wall</FaceType>
</Attribut>
</TexturedSurface>
<TexturedSurface Id ="86861">
<Attribut>
<FaceType>Wall</FaceType>
</Attribut>
</TexturedSurface>
<TexturedSurface Id ="86864">
<Attribut>
<FaceType>Wall</FaceType>
</Attribut>
</TexturedSurface>
<TexturedSurface Id ="86867">
<Attribut>
<FaceType>Wall</FaceType>
</Attribut>
</TexturedSurface>
<TexturedSurface Id ="86870">
<Attribut>
<FaceType>Wall</FaceType>
</Attribut>
</TexturedSurface>
<TexturedSurface Id ="86873">
<Attribut>
<FaceType>Wall</FaceType>
</Attribut>
</TexturedSurface>
<TexturedSurface Id ="86876">
<Attribut>
<FaceType>Wall</FaceType>
<TextureRatio>2.9962</TextureRatio>
<ImageOrigine>2_6079.tif</ImageOrigine>
<CropImageOrigine>357 2819 324 2397
</CropImageOrigine>
</Attribut>
</TexturedSurface>
<TexturedSurface Id ="86879">
<Attribut>
<FaceType>Wall</FaceType>
<TextureRatio>3.24466</TextureRatio>
<ImageOrigine>1_6049.tif</ImageOrigine>
<CropImageOrigine>439 637 408 626
</CropImageOrigine>
</Attribut>
</TexturedSurface>
<TexturedSurface Id ="86882">
<Attribut>
<FaceType>Wall</FaceType>
<TextureRatio>2.20503</TextureRatio>
<ImageOrigine>2_6073.tif</ImageOrigine>
<CropImageOrigine>3739 1497 3725 1354
</CropImageOrigine>
</Attribut>
</TexturedSurface>
<TexturedSurface Id ="86885">
<Attribut>
<FaceType>Wall</FaceType>
<TextureRatio>3.29443</TextureRatio>
<ImageOrigine>1_6046.tif</ImageOrigine>
<CropImageOrigine>2214 441 2208 430
</CropImageOrigine>
</Attribut>
</TexturedSurface>
<TexturedSurface Id ="86888">
<Attribut>
<FaceType>Wall</FaceType>
<TextureRatio>2.94614</TextureRatio>
<ImageOrigine>2_6079.tif</ImageOrigine>
<CropImageOrigine>328 2548 313 2494
</CropImageOrigine>
</Attribut>
</TexturedSurface>
<TexturedSurface Id ="86891">
<Attribut>
<FaceType>Wall</FaceType>
<TextureRatio>3.03749</TextureRatio>
<ImageOrigine>1_6049.tif</ImageOrigine>
<CropImageOrigine>451 544 420 532
</CropImageOrigine>
</Attribut>
</TexturedSurface>
<TexturedSurface Id ="86894">
<Attribut>
<FaceType>Wall</FaceType>
<TextureRatio>2.23183</TextureRatio>
<ImageOrigine>2_6073.tif</ImageOrigine>
<CropImageOrigine>3717 1634 3703 1446
</CropImageOrigine>
</Attribut>
</TexturedSurface>
<TexturedSurface Id ="86897">
<Attribut>
<FaceType>Wall</FaceType>
<TextureRatio>2.99381</TextureRatio>
<ImageOrigine>1_6046.tif</ImageOrigine>
<CropImageOrigine>2240 304 2217 291
</CropImageOrigine>
</Attribut>
</TexturedSurface>
<TexturedSurface Id ="86900">
<Attribut>
<FaceType>Wall</FaceType>
</Attribut>
</TexturedSurface>
<TexturedSurface Id ="86903">
<Attribut>
<FaceType>Wall</FaceType>
</Attribut>
</TexturedSurface>
<TexturedSurface Id ="86906">
<Attribut>
<FaceType>Wall</FaceType>
</Attribut>
</TexturedSurface>
<TexturedSurface Id ="86909">
<Attribut>
<FaceType>Wall</FaceType>
</Attribut>
</TexturedSurface>
<TexturedSurface Id ="86912">
<Attribut>
<FaceType>Wall</FaceType>
</Attribut>
</TexturedSurface>
<TexturedSurface Id ="86915">
<Attribut>
<FaceType>Wall</FaceType>
</Attribut>
</TexturedSurface>
<TexturedSurface Id ="86918">
<Attribut>
<FaceType>Wall</FaceType>
</Attribut>
</TexturedSurface>
<TexturedSurface Id ="86921">
<Attribut>
<FaceType>Wall</FaceType>
</Attribut>
</TexturedSurface>
<TexturedSurface Id ="86924">
<Attribut>
<FaceType>Wall</FaceType>
</Attribut>
</TexturedSurface>
<TexturedSurface Id ="86927">
<Attribut>
<FaceType>Wall</FaceType>
</Attribut>
</TexturedSurface>
<TexturedSurface Id ="86930">
<Attribut>
<FaceType>Wall</FaceType>
</Attribut>
</TexturedSurface>
<TexturedSurface Id ="86933">
<Attribut>
<FaceType>Wall</FaceType>
</Attribut>
</TexturedSurface>
<TexturedSurface Id ="86936">
<Attribut>
<FaceType>Wall</FaceType>
</Attribut>
</TexturedSurface>
<TexturedSurface Id ="86939">
<Attribut>
<FaceType>Wall</FaceType>
</Attribut>
</TexturedSurface>
<TexturedSurface Id ="86942">
<Attribut>
<FaceType>Wall</FaceType>
</Attribut>
</TexturedSurface>
<TexturedSurface Id ="86945">
<Attribut>
<FaceType>Wall</FaceType>
</Attribut>
</TexturedSurface>
<TexturedSurface Id ="86948">
<Attribut>
<FaceType>Wall</FaceType>
</Attribut>
</TexturedSurface>
<TexturedSurface Id ="86951">
<Attribut>
<FaceType>Wall</FaceType>
</Attribut>
</TexturedSurface>
<TexturedSurface Id ="86954">
<Attribut>
<FaceType>Wall</FaceType>
</Attribut>
</TexturedSurface>
<TexturedSurface Id ="86957">
<Attribut>
<FaceType>Wall</FaceType>
</Attribut>
</TexturedSurface>
<TexturedSurface Id ="86960">
<Attribut>
<FaceType>Wall</FaceType>
</Attribut>
</TexturedSurface>
<TexturedSurface Id ="86963">
<Attribut>
<FaceType>Wall</FaceType>
</Attribut>
</TexturedSurface>
<TexturedSurface Id ="86966">
<Attribut>
<FaceType>Wall</FaceType>
</Attribut>
</TexturedSurface>
</WallSurface >
</BuildingPart >
</Building >
</CityModel>
</Chantier_Bati3D>
