<Chantier_Bati3D>
<Bbox>
<Xmin>533260.265</Xmin>
<Xmax>533276.535</Xmax>
<Ymin>152463.269</Ymin>
<Ymax>152533.665</Ymax>
<Zmin>394.759</Zmin>
<Zmax>411.300</Zmax>
</Bbox>
<CityModel Id ="80592">
<Building  Id ="81319">
<Attribut>
<centre>533268.400 147517.658</centre>
</Attribut>
<BuildingPart  Id ="81320">
<RoofSurface  Id ="81326">
<TexturedSurface Id ="81327">
<Attribut>
<FaceType>Roof</FaceType>
<TextureRatio>1</TextureRatio>
<ImageOrigine>2_6078.tif</ImageOrigine>
<CropImageOrigine>954 2868 816 2384
</CropImageOrigine>
</Attribut>
</TexturedSurface>
</RoofSurface >
<WallSurface  Id ="86972">
<TexturedSurface Id ="86973">
<Attribut>
<FaceType>Wall</FaceType>
<TextureRatio>2.58766</TextureRatio>
<ImageOrigine>2_6079.tif</ImageOrigine>
<CropImageOrigine>130 3110 58 2604
</CropImageOrigine>
</Attribut>
</TexturedSurface>
<TexturedSurface Id ="86976">
<Attribut>
<FaceType>Wall</FaceType>
<TextureRatio>2.79483</TextureRatio>
<ImageOrigine>1_6049.tif</ImageOrigine>
<CropImageOrigine>693 416 553 370
</CropImageOrigine>
</Attribut>
</TexturedSurface>
<TexturedSurface Id ="86979">
<Attribut>
<FaceType>Wall</FaceType>
<TextureRatio>2.0525</TextureRatio>
<ImageOrigine>3_6099.tif</ImageOrigine>
<CropImageOrigine>137 4049 68 3541
</CropImageOrigine>
</Attribut>
</TexturedSurface>
<TexturedSurface Id ="86982">
<Attribut>
<FaceType>Wall</FaceType>
</Attribut>
</TexturedSurface>
</WallSurface >
</BuildingPart >
</Building >
</CityModel>
</Chantier_Bati3D>
