<Chantier_Bati3D>
<Bbox>
<Xmin>533347.576</Xmin>
<Xmax>533362.315</Xmax>
<Ymin>152481.959</Ymin>
<Ymax>152519.293</Ymax>
<Zmin>394.574</Zmin>
<Zmax>411.300</Zmax>
</Bbox>
<CityModel Id ="80592">
<Building  Id ="81330">
<Attribut>
<centre>533354.946 147510.471</centre>
</Attribut>
<BuildingPart  Id ="81331">
<RoofSurface  Id ="81337">
<TexturedSurface Id ="81338">
<Attribut>
<FaceType>Roof</FaceType>
<TextureRatio>0.999992</TextureRatio>
<ImageOrigine>2_6078.tif</ImageOrigine>
<CropImageOrigine>354 2737 240 2477
</CropImageOrigine>
</Attribut>
</TexturedSurface>
</RoofSurface >
<WallSurface  Id ="86988">
<TexturedSurface Id ="86989">
<Attribut>
<FaceType>Wall</FaceType>
</Attribut>
</TexturedSurface>
<TexturedSurface Id ="86992">
<Attribut>
<FaceType>Wall</FaceType>
<TextureRatio>2.25906</TextureRatio>
<ImageOrigine>2_6072.tif</ImageOrigine>
<CropImageOrigine>3910 1862 3855 1616
</CropImageOrigine>
</Attribut>
</TexturedSurface>
<TexturedSurface Id ="86995">
<Attribut>
<FaceType>Wall</FaceType>
</Attribut>
</TexturedSurface>
<TexturedSurface Id ="86998">
<Attribut>
<FaceType>Wall</FaceType>
<TextureRatio>2.37378</TextureRatio>
<ImageOrigine>3_6094.tif</ImageOrigine>
<CropImageOrigine>3985 3470 3912 3189
</CropImageOrigine>
</Attribut>
</TexturedSurface>
</WallSurface >
</BuildingPart >
</Building >
</CityModel>
</Chantier_Bati3D>
