<Chantier_Bati3D>
<Bbox>
<Xmin>533275.910</Xmin>
<Xmax>533289.690</Xmax>
<Ymin>152485.700</Ymin>
<Ymax>152503.690</Ymax>
<Zmin>394.788</Zmin>
<Zmax>403.500</Zmax>
</Bbox>
<CityModel Id ="80592">
<Building  Id ="81341">
<Attribut>
<centre>533282.800 147502.670</centre>
</Attribut>
<BuildingPart  Id ="81342">
<RoofSurface  Id ="81348">
<TexturedSurface Id ="81349">
<Attribut>
<FaceType>Roof</FaceType>
<TextureRatio>1</TextureRatio>
<ImageOrigine>2_6076.tif</ImageOrigine>
<CropImageOrigine>1866 2400 1773 2279
</CropImageOrigine>
</Attribut>
</TexturedSurface>
</RoofSurface >
<WallSurface  Id ="87004">
<TexturedSurface Id ="87005">
<Attribut>
<FaceType>Wall</FaceType>
</Attribut>
</TexturedSurface>
<TexturedSurface Id ="87008">
<Attribut>
<FaceType>Wall</FaceType>
</Attribut>
</TexturedSurface>
<TexturedSurface Id ="87011">
<Attribut>
<FaceType>Wall</FaceType>
</Attribut>
</TexturedSurface>
<TexturedSurface Id ="87014">
<Attribut>
<FaceType>Wall</FaceType>
</Attribut>
</TexturedSurface>
</WallSurface >
</BuildingPart >
</Building >
</CityModel>
</Chantier_Bati3D>
