<Chantier_Bati3D>
<Bbox>
<Xmin>533333.510</Xmin>
<Xmax>533347.290</Xmax>
<Ymin>152485.700</Ymin>
<Ymax>152503.690</Ymax>
<Zmin>394.665</Zmin>
<Zmax>403.500</Zmax>
</Bbox>
<CityModel Id ="80592">
<Building  Id ="81352">
<Attribut>
<centre>533340.400 147502.670</centre>
</Attribut>
<BuildingPart  Id ="81353">
<RoofSurface  Id ="81359">
<TexturedSurface Id ="81360">
<Attribut>
<FaceType>Roof</FaceType>
<TextureRatio>0.999987</TextureRatio>
<ImageOrigine>2_6076.tif</ImageOrigine>
<CropImageOrigine>1482 2401 1388 2280
</CropImageOrigine>
</Attribut>
</TexturedSurface>
</RoofSurface >
<WallSurface  Id ="87020">
<TexturedSurface Id ="87021">
<Attribut>
<FaceType>Wall</FaceType>
</Attribut>
</TexturedSurface>
<TexturedSurface Id ="87024">
<Attribut>
<FaceType>Wall</FaceType>
</Attribut>
</TexturedSurface>
<TexturedSurface Id ="87027">
<Attribut>
<FaceType>Wall</FaceType>
</Attribut>
</TexturedSurface>
<TexturedSurface Id ="87030">
<Attribut>
<FaceType>Wall</FaceType>
</Attribut>
</TexturedSurface>
</WallSurface >
</BuildingPart >
</Building >
</CityModel>
</Chantier_Bati3D>
