<Chantier_Bati3D>
<Bbox>
<Xmin>533362.310</Xmin>
<Xmax>533376.090</Xmax>
<Ymin>152485.705</Ymin>
<Ymax>152496.490</Ymax>
<Zmin>394.633</Zmin>
<Zmax>403.500</Zmax>
</Bbox>
<CityModel Id ="80592">
<Building  Id ="81363">
<Attribut>
<centre>533369.200 147499.070</centre>
</Attribut>
<BuildingPart  Id ="81364">
<RoofSurface  Id ="81370">
<TexturedSurface Id ="81371">
<Attribut>
<FaceType>Roof</FaceType>
<TextureRatio>1.00005</TextureRatio>
<ImageOrigine>2_6074.tif</ImageOrigine>
<CropImageOrigine>2234 2046 2143 1973
</CropImageOrigine>
</Attribut>
</TexturedSurface>
</RoofSurface >
<WallSurface  Id ="87036">
<TexturedSurface Id ="87037">
<Attribut>
<FaceType>Wall</FaceType>
</Attribut>
</TexturedSurface>
<TexturedSurface Id ="87040">
<Attribut>
<FaceType>Wall</FaceType>
</Attribut>
</TexturedSurface>
<TexturedSurface Id ="87043">
<Attribut>
<FaceType>Wall</FaceType>
</Attribut>
</TexturedSurface>
<TexturedSurface Id ="87046">
<Attribut>
<FaceType>Wall</FaceType>
</Attribut>
</TexturedSurface>
</WallSurface >
</BuildingPart >
</Building >
</CityModel>
</Chantier_Bati3D>
