<Chantier_Bati3D>
<Bbox>
<Xmin>533319.670</Xmin>
<Xmax>533332.335</Xmax>
<Ymin>152525.822</Ymin>
<Ymax>152532.579</Ymax>
<Zmin>394.608</Zmin>
<Zmax>407.400</Zmax>
</Bbox>
<CityModel Id ="80592">
<Building  Id ="81385">
<Attribut>
<centre>533326.003 147517.115</centre>
</Attribut>
<BuildingPart  Id ="81386">
<RoofSurface  Id ="81392">
<TexturedSurface Id ="81393">
<Attribut>
<FaceType>Roof</FaceType>
<TextureRatio>0.999997</TextureRatio>
<ImageOrigine>2_6078.tif</ImageOrigine>
<CropImageOrigine>537 2832 449 2782
</CropImageOrigine>
</Attribut>
</TexturedSurface>
</RoofSurface >
<WallSurface  Id ="87551">
<TexturedSurface Id ="87552">
<Attribut>
<FaceType>Wall</FaceType>
<TextureRatio>1.91711</TextureRatio>
<ImageOrigine>3_6099.tif</ImageOrigine>
<CropImageOrigine>488 3585 452 3546
</CropImageOrigine>
</Attribut>
</TexturedSurface>
<TexturedSurface Id ="87555">
<Attribut>
<FaceType>Wall</FaceType>
<TextureRatio>1.84029</TextureRatio>
<ImageOrigine>3_6099.tif</ImageOrigine>
<CropImageOrigine>486 3581 448 3544
</CropImageOrigine>
</Attribut>
</TexturedSurface>
<TexturedSurface Id ="87558">
<Attribut>
<FaceType>Wall</FaceType>
<TextureRatio>2.42305</TextureRatio>
<ImageOrigine>3_6099.tif</ImageOrigine>
<CropImageOrigine>482 3581 373 3544
</CropImageOrigine>
</Attribut>
</TexturedSurface>
<TexturedSurface Id ="87561">
<Attribut>
<FaceType>Wall</FaceType>
<TextureRatio>1.88056</TextureRatio>
<ImageOrigine>3_6094.tif</ImageOrigine>
<CropImageOrigine>3761 3157 3724 3126
</CropImageOrigine>
</Attribut>
</TexturedSurface>
<TexturedSurface Id ="87564">
<Attribut>
<FaceType>Wall</FaceType>
<TextureRatio>2.03893</TextureRatio>
<ImageOrigine>3_6094.tif</ImageOrigine>
<CropImageOrigine>3759 3160 3723 3129
</CropImageOrigine>
</Attribut>
</TexturedSurface>
<TexturedSurface Id ="87567">
<Attribut>
<FaceType>Wall</FaceType>
<TextureRatio>2.6966</TextureRatio>
<ImageOrigine>3_6094.tif</ImageOrigine>
<CropImageOrigine>3762 3195 3723 3132
</CropImageOrigine>
</Attribut>
</TexturedSurface>
<TexturedSurface Id ="87570">
<Attribut>
<FaceType>Wall</FaceType>
<TextureRatio>2.52084</TextureRatio>
<ImageOrigine>2_6078.tif</ImageOrigine>
<CropImageOrigine>567 2791 534 2772
</CropImageOrigine>
</Attribut>
</TexturedSurface>
<TexturedSurface Id ="87573">
<Attribut>
<FaceType>Wall</FaceType>
<TextureRatio>2.54755</TextureRatio>
<ImageOrigine>1_6048.tif</ImageOrigine>
<CropImageOrigine>1807 44 1797 8
</CropImageOrigine>
</Attribut>
</TexturedSurface>
<TexturedSurface Id ="87576">
<Attribut>
<FaceType>Wall</FaceType>
<TextureRatio>2.34415</TextureRatio>
<ImageOrigine>1_6048.tif</ImageOrigine>
<CropImageOrigine>1876 44 1800 1
</CropImageOrigine>
</Attribut>
</TexturedSurface>
<TexturedSurface Id ="87579">
<Attribut>
<FaceType>Wall</FaceType>
<TextureRatio>2.83928</TextureRatio>
<ImageOrigine>1_6048.tif</ImageOrigine>
<CropImageOrigine>1878 36 1870 -1
</CropImageOrigine>
</Attribut>
</TexturedSurface>
<TexturedSurface Id ="87582">
<Attribut>
<FaceType>Wall</FaceType>
<TextureRatio>3.38985</TextureRatio>
<ImageOrigine>2_6073.tif</ImageOrigine>
<CropImageOrigine>3132 1976 3107 1969
</CropImageOrigine>
</Attribut>
</TexturedSurface>
<TexturedSurface Id ="87585">
<Attribut>
<FaceType>Wall</FaceType>
<TextureRatio>2.53052</TextureRatio>
<ImageOrigine>3_6099.tif</ImageOrigine>
<CropImageOrigine>489 3618 454 3550
</CropImageOrigine>
</Attribut>
</TexturedSurface>
</WallSurface >
</BuildingPart >
</Building >
</CityModel>
</Chantier_Bati3D>
