<Chantier_Bati3D>
<Bbox>
<Xmin>533290.871</Xmin>
<Xmax>533303.535</Xmax>
<Ymin>152525.822</Ymin>
<Ymax>152532.579</Ymax>
<Zmin>394.688</Zmin>
<Zmax>407.400</Zmax>
</Bbox>
<CityModel Id ="80592">
<Building  Id ="81396">
<Attribut>
<centre>533297.203 147517.115</centre>
</Attribut>
<BuildingPart  Id ="81397">
<RoofSurface  Id ="81403">
<TexturedSurface Id ="81404">
<Attribut>
<FaceType>Roof</FaceType>
<TextureRatio>0.999995</TextureRatio>
<ImageOrigine>2_6078.tif</ImageOrigine>
<CropImageOrigine>731 2844 643 2794
</CropImageOrigine>
</Attribut>
</TexturedSurface>
</RoofSurface >
<WallSurface  Id ="87591">
<TexturedSurface Id ="87592">
<Attribut>
<FaceType>Wall</FaceType>
<TextureRatio>1.77072</TextureRatio>
<ImageOrigine>3_6099.tif</ImageOrigine>
<CropImageOrigine>298 3587 259 3548
</CropImageOrigine>
</Attribut>
</TexturedSurface>
<TexturedSurface Id ="87595">
<Attribut>
<FaceType>Wall</FaceType>
<TextureRatio>1.77646</TextureRatio>
<ImageOrigine>3_6099.tif</ImageOrigine>
<CropImageOrigine>296 3583 255 3546
</CropImageOrigine>
</Attribut>
</TexturedSurface>
<TexturedSurface Id ="87598">
<Attribut>
<FaceType>Wall</FaceType>
<TextureRatio>2.63205</TextureRatio>
<ImageOrigine>3_6095.tif</ImageOrigine>
<CropImageOrigine>3069 3397 2974 3356
</CropImageOrigine>
</Attribut>
</TexturedSurface>
<TexturedSurface Id ="87601">
<Attribut>
<FaceType>Wall</FaceType>
<TextureRatio>1.98431</TextureRatio>
<ImageOrigine>3_6094.tif</ImageOrigine>
<CropImageOrigine>3570 3180 3537 3149
</CropImageOrigine>
</Attribut>
</TexturedSurface>
<TexturedSurface Id ="87604">
<Attribut>
<FaceType>Wall</FaceType>
<TextureRatio>2.23379</TextureRatio>
<ImageOrigine>3_6094.tif</ImageOrigine>
<CropImageOrigine>3567 3183 3536 3151
</CropImageOrigine>
</Attribut>
</TexturedSurface>
<TexturedSurface Id ="87607">
<Attribut>
<FaceType>Wall</FaceType>
<TextureRatio>3.0784</TextureRatio>
<ImageOrigine>3_6094.tif</ImageOrigine>
<CropImageOrigine>3571 3218 3536 3155
</CropImageOrigine>
</Attribut>
</TexturedSurface>
<TexturedSurface Id ="87610">
<Attribut>
<FaceType>Wall</FaceType>
<TextureRatio>2.76845</TextureRatio>
<ImageOrigine>2_6078.tif</ImageOrigine>
<CropImageOrigine>757 2802 728 2784
</CropImageOrigine>
</Attribut>
</TexturedSurface>
<TexturedSurface Id ="87613">
<Attribut>
<FaceType>Wall</FaceType>
<TextureRatio>2.63632</TextureRatio>
<ImageOrigine>1_6048.tif</ImageOrigine>
<CropImageOrigine>1630 61 1616 26
</CropImageOrigine>
</Attribut>
</TexturedSurface>
<TexturedSurface Id ="87616">
<Attribut>
<FaceType>Wall</FaceType>
<TextureRatio>2.34268</TextureRatio>
<ImageOrigine>1_6048.tif</ImageOrigine>
<CropImageOrigine>1699 61 1619 19
</CropImageOrigine>
</Attribut>
</TexturedSurface>
<TexturedSurface Id ="87619">
<Attribut>
<FaceType>Wall</FaceType>
<TextureRatio>2.65001</TextureRatio>
<ImageOrigine>1_6048.tif</ImageOrigine>
<CropImageOrigine>1701 54 1690 17
</CropImageOrigine>
</Attribut>
</TexturedSurface>
<TexturedSurface Id ="87622">
<Attribut>
<FaceType>Wall</FaceType>
<TextureRatio>2.9792</TextureRatio>
<ImageOrigine>2_6073.tif</ImageOrigine>
<CropImageOrigine>3315 1971 3286 1965
</CropImageOrigine>
</Attribut>
</TexturedSurface>
<TexturedSurface Id ="87625">
<Attribut>
<FaceType>Wall</FaceType>
<TextureRatio>2.26466</TextureRatio>
<ImageOrigine>3_6099.tif</ImageOrigine>
<CropImageOrigine>299 3620 261 3552
</CropImageOrigine>
</Attribut>
</TexturedSurface>
</WallSurface >
</BuildingPart >
</Building >
</CityModel>
</Chantier_Bati3D>
