<Chantier_Bati3D>
<Bbox>
<Xmin>533221.506</Xmin>
<Xmax>533414.694</Xmax>
<Ymin>152475.180</Ymin>
<Ymax>152533.665</Ymax>
<Zmin>394.452</Zmin>
<Zmax>407.400</Zmax>
</Bbox>
<CityModel Id ="80592">
<Building  Id ="81407">
<Attribut>
<centre>533318.100 147517.658</centre>
</Attribut>
<BuildingPart  Id ="81408">
<RoofSurface  Id ="81414">
<TexturedSurface Id ="81415">
<Attribut>
<FaceType>Roof</FaceType>
</Attribut>
<subnode Id ="81413-0">
<Attribut>
<Part>0</Part>
<TextureRatio>1.00067</TextureRatio>
<ImageOrigine>2_6076.tif</ImageOrigine>
<CropImageOrigine>2229 2602 1506 2210
</CropImageOrigine>
</Attribut>
</subnode>
<subnode Id ="81413-1">
<Attribut>
<Part>1</Part>
<TextureRatio>0.999464</TextureRatio>
<ImageOrigine>2_6076.tif</ImageOrigine>
<CropImageOrigine>1507 2509 929 2301
</CropImageOrigine>
</Attribut>
</subnode>
</TexturedSurface>
</RoofSurface >
<WallSurface  Id ="87631">
<TexturedSurface Id ="87632">
<Attribut>
<FaceType>Wall</FaceType>
<TextureRatio>2.62969</TextureRatio>
<ImageOrigine>3_6094.tif</ImageOrigine>
<CropImageOrigine>3446 3196 3336 3157
</CropImageOrigine>
</Attribut>
</TexturedSurface>
<TexturedSurface Id ="87635">
<Attribut>
<FaceType>Wall</FaceType>
<TextureRatio>2.59605</TextureRatio>
<ImageOrigine>2_6079.tif</ImageOrigine>
<CropImageOrigine>111 3104 70 2985
</CropImageOrigine>
</Attribut>
</TexturedSurface>
<TexturedSurface Id ="87638">
<Attribut>
<FaceType>Wall</FaceType>
<TextureRatio>2.50021</TextureRatio>
<ImageOrigine>3_6095.tif</ImageOrigine>
<CropImageOrigine>2797 3552 2526 3482
</CropImageOrigine>
</Attribut>
</TexturedSurface>
<TexturedSurface Id ="87641">
<Attribut>
<FaceType>Wall</FaceType>
</Attribut>
</TexturedSurface>
<TexturedSurface Id ="87644">
<Attribut>
<FaceType>Wall</FaceType>
<TextureRatio>2.53795</TextureRatio>
<ImageOrigine>1_6049.tif</ImageOrigine>
<CropImageOrigine>402 278 298 241
</CropImageOrigine>
</Attribut>
</TexturedSurface>
<TexturedSurface Id ="87647">
<Attribut>
<FaceType>Wall</FaceType>
<TextureRatio>2.92762</TextureRatio>
<ImageOrigine>2_6079.tif</ImageOrigine>
<CropImageOrigine>315 2799 281 2744
</CropImageOrigine>
</Attribut>
</TexturedSurface>
<TexturedSurface Id ="87650">
<Attribut>
<FaceType>Wall</FaceType>
<TextureRatio>2.59561</TextureRatio>
<ImageOrigine>1_6049.tif</ImageOrigine>
<CropImageOrigine>578 309 374 263
</CropImageOrigine>
</Attribut>
</TexturedSurface>
<TexturedSurface Id ="87653">
<Attribut>
<FaceType>Wall</FaceType>
<TextureRatio>2.59595</TextureRatio>
<ImageOrigine>2_6079.tif</ImageOrigine>
<CropImageOrigine>126 2750 88 2685
</CropImageOrigine>
</Attribut>
</TexturedSurface>
<TexturedSurface Id ="87656">
<Attribut>
<FaceType>Wall</FaceType>
<TextureRatio>2.67231</TextureRatio>
<ImageOrigine>1_6049.tif</ImageOrigine>
<CropImageOrigine>684 340 554 301
</CropImageOrigine>
</Attribut>
</TexturedSurface>
<TexturedSurface Id ="87659">
<Attribut>
<FaceType>Wall</FaceType>
<TextureRatio>2.05942</TextureRatio>
<ImageOrigine>3_6099.tif</ImageOrigine>
<CropImageOrigine>135 3958 88 3731
</CropImageOrigine>
</Attribut>
</TexturedSurface>
<TexturedSurface Id ="87662">
<Attribut>
<FaceType>Wall</FaceType>
<TextureRatio>2.3993</TextureRatio>
<ImageOrigine>1_6049.tif</ImageOrigine>
<CropImageOrigine>745 145 637 104
</CropImageOrigine>
</Attribut>
</TexturedSurface>
<TexturedSurface Id ="87665">
<Attribut>
<FaceType>Wall</FaceType>
<TextureRatio>3.34381</TextureRatio>
<ImageOrigine>2_6078.tif</ImageOrigine>
<CropImageOrigine>781 2653 749 2538
</CropImageOrigine>
</Attribut>
</TexturedSurface>
<TexturedSurface Id ="87668">
<Attribut>
<FaceType>Wall</FaceType>
<TextureRatio>2.53835</TextureRatio>
<ImageOrigine>1_6049.tif</ImageOrigine>
<CropImageOrigine>847 237 729 196
</CropImageOrigine>
</Attribut>
</TexturedSurface>
<TexturedSurface Id ="87671">
<Attribut>
<FaceType>Wall</FaceType>
<TextureRatio>2.26634</TextureRatio>
<ImageOrigine>3_6099.tif</ImageOrigine>
<CropImageOrigine>311 3869 273 3783
</CropImageOrigine>
</Attribut>
</TexturedSurface>
<TexturedSurface Id ="87674">
<Attribut>
<FaceType>Wall</FaceType>
<TextureRatio>2.47219</TextureRatio>
<ImageOrigine>1_6049.tif</ImageOrigine>
<CropImageOrigine>1035 181 818 130
</CropImageOrigine>
</Attribut>
</TexturedSurface>
<TexturedSurface Id ="87677">
<Attribut>
<FaceType>Wall</FaceType>
<TextureRatio>2.07191</TextureRatio>
<ImageOrigine>2_6072.tif</ImageOrigine>
<CropImageOrigine>4072 1756 4031 1701
</CropImageOrigine>
</Attribut>
</TexturedSurface>
<TexturedSurface Id ="87680">
<Attribut>
<FaceType>Wall</FaceType>
<TextureRatio>2.40441</TextureRatio>
<ImageOrigine>1_6049.tif</ImageOrigine>
<CropImageOrigine>1100 113 1008 72
</CropImageOrigine>
</Attribut>
</TexturedSurface>
<TexturedSurface Id ="87683">
<Attribut>
<FaceType>Wall</FaceType>
<TextureRatio>2.5725</TextureRatio>
<ImageOrigine>2_6078.tif</ImageOrigine>
<CropImageOrigine>404 2627 367 2563
</CropImageOrigine>
</Attribut>
</TexturedSurface>
<TexturedSurface Id ="87686">
<Attribut>
<FaceType>Wall</FaceType>
<TextureRatio>2.61034</TextureRatio>
<ImageOrigine>1_6048.tif</ImageOrigine>
<CropImageOrigine>2005 217 1977 182
</CropImageOrigine>
</Attribut>
</TexturedSurface>
<TexturedSurface Id ="87689">
<Attribut>
<FaceType>Wall</FaceType>
</Attribut>
</TexturedSurface>
<TexturedSurface Id ="87692">
<Attribut>
<FaceType>Wall</FaceType>
</Attribut>
</TexturedSurface>
<TexturedSurface Id ="87695">
<Attribut>
<FaceType>Wall</FaceType>
</Attribut>
</TexturedSurface>
<TexturedSurface Id ="87698">
<Attribut>
<FaceType>Wall</FaceType>
</Attribut>
</TexturedSurface>
<TexturedSurface Id ="87701">
<Attribut>
<FaceType>Wall</FaceType>
</Attribut>
</TexturedSurface>
<TexturedSurface Id ="87704">
<Attribut>
<FaceType>Wall</FaceType>
</Attribut>
</TexturedSurface>
<TexturedSurface Id ="87707">
<Attribut>
<FaceType>Wall</FaceType>
</Attribut>
</TexturedSurface>
<TexturedSurface Id ="87710">
<Attribut>
<FaceType>Wall</FaceType>
</Attribut>
</TexturedSurface>
<TexturedSurface Id ="87713">
<Attribut>
<FaceType>Wall</FaceType>
</Attribut>
</TexturedSurface>
<TexturedSurface Id ="87716">
<Attribut>
<FaceType>Wall</FaceType>
<TextureRatio>2.47856</TextureRatio>
<ImageOrigine>1_6049.tif</ImageOrigine>
<CropImageOrigine>1284 147 1173 105
</CropImageOrigine>
</Attribut>
</TexturedSurface>
<TexturedSurface Id ="87719">
<Attribut>
<FaceType>Wall</FaceType>
<TextureRatio>2.30409</TextureRatio>
<ImageOrigine>2_6078.tif</ImageOrigine>
<CropImageOrigine>218 2563 177 2504
</CropImageOrigine>
</Attribut>
</TexturedSurface>
<TexturedSurface Id ="87722">
<Attribut>
<FaceType>Wall</FaceType>
<TextureRatio>2.53885</TextureRatio>
<ImageOrigine>1_6049.tif</ImageOrigine>
<CropImageOrigine>1540 185 1273 127
</CropImageOrigine>
</Attribut>
</TexturedSurface>
<TexturedSurface Id ="87725">
<Attribut>
<FaceType>Wall</FaceType>
<TextureRatio>2.7588</TextureRatio>
<ImageOrigine>2_6072.tif</ImageOrigine>
<CropImageOrigine>3558 1726 3526 1675
</CropImageOrigine>
</Attribut>
</TexturedSurface>
<TexturedSurface Id ="87728">
<Attribut>
<FaceType>Wall</FaceType>
</Attribut>
</TexturedSurface>
<TexturedSurface Id ="87731">
<Attribut>
<FaceType>Wall</FaceType>
</Attribut>
</TexturedSurface>
<TexturedSurface Id ="87734">
<Attribut>
<FaceType>Wall</FaceType>
<TextureRatio>2.14099</TextureRatio>
<ImageOrigine>3_6100.tif</ImageOrigine>
<CropImageOrigine>425 3957 46 3900
</CropImageOrigine>
</Attribut>
</TexturedSurface>
<TexturedSurface Id ="87737">
<Attribut>
<FaceType>Wall</FaceType>
</Attribut>
</TexturedSurface>
<TexturedSurface Id ="87740">
<Attribut>
<FaceType>Wall</FaceType>
</Attribut>
</TexturedSurface>
<TexturedSurface Id ="87743">
<Attribut>
<FaceType>Wall</FaceType>
</Attribut>
</TexturedSurface>
<TexturedSurface Id ="87746">
<Attribut>
<FaceType>Wall</FaceType>
</Attribut>
</TexturedSurface>
<TexturedSurface Id ="87749">
<Attribut>
<FaceType>Wall</FaceType>
</Attribut>
</TexturedSurface>
<TexturedSurface Id ="87752">
<Attribut>
<FaceType>Wall</FaceType>
</Attribut>
</TexturedSurface>
<TexturedSurface Id ="87755">
<Attribut>
<FaceType>Wall</FaceType>
</Attribut>
</TexturedSurface>
<TexturedSurface Id ="87758">
<Attribut>
<FaceType>Wall</FaceType>
<TextureRatio>2.56715</TextureRatio>
<ImageOrigine>3_6096.tif</ImageOrigine>
<CropImageOrigine>2772 3402 2285 3296
</CropImageOrigine>
</Attribut>
</TexturedSurface>
<TexturedSurface Id ="87761">
<Attribut>
<FaceType>Wall</FaceType>
<TextureRatio>2.05962</TextureRatio>
<ImageOrigine>3_6099.tif</ImageOrigine>
<CropImageOrigine>124 3669 80 3541
</CropImageOrigine>
</Attribut>
</TexturedSurface>
<TexturedSurface Id ="87764">
<Attribut>
<FaceType>Wall</FaceType>
</Attribut>
</TexturedSurface>
</WallSurface >
</BuildingPart >
</Building >
</CityModel>
</Chantier_Bati3D>
