<Chantier_Bati3D>
<Bbox>
<Xmin>532839.615</Xmin>
<Xmax>532906.395</Xmax>
<Ymin>152406.365</Ymin>
<Ymax>152425.205</Ymax>
<Zmin>397.512</Zmin>
<Zmax>411.380</Zmax>
</Bbox>
<CityModel Id ="80592">
<Building  Id ="81418">
<Attribut>
<centre>532873.005 147463.428</centre>
</Attribut>
<BuildingPart  Id ="81419">
<RoofSurface  Id ="81425">
<TexturedSurface Id ="81426">
<Attribut>
<FaceType>Roof</FaceType>
<TextureRatio>1.00004</TextureRatio>
<ImageOrigine>2_6081.tif</ImageOrigine>
<CropImageOrigine>2152 2864 1693 2688
</CropImageOrigine>
</Attribut>
</TexturedSurface>
</RoofSurface >
<WallSurface  Id ="87770">
<TexturedSurface Id ="87771">
<Attribut>
<FaceType>Wall</FaceType>
<TextureRatio>3.05753</TextureRatio>
<ImageOrigine>2_6078.tif</ImageOrigine>
<CropImageOrigine>3461 2278 3430 2247
</CropImageOrigine>
</Attribut>
</TexturedSurface>
<TexturedSurface Id ="87774">
<Attribut>
<FaceType>Wall</FaceType>
</Attribut>
</TexturedSurface>
<TexturedSurface Id ="87777">
<Attribut>
<FaceType>Wall</FaceType>
<TextureRatio>2.55864</TextureRatio>
<ImageOrigine>3_6089.tif</ImageOrigine>
<CropImageOrigine>4032 3915 3992 3850
</CropImageOrigine>
</Attribut>
</TexturedSurface>
<TexturedSurface Id ="87780">
<Attribut>
<FaceType>Wall</FaceType>
<TextureRatio>1.78536</TextureRatio>
<ImageOrigine>3_6089.tif</ImageOrigine>
<CropImageOrigine>4031 3918 3970 3873
</CropImageOrigine>
</Attribut>
</TexturedSurface>
<TexturedSurface Id ="87783">
<Attribut>
<FaceType>Wall</FaceType>
<TextureRatio>2.5969</TextureRatio>
<ImageOrigine>3_6089.tif</ImageOrigine>
<CropImageOrigine>4008 3925 3970 3876
</CropImageOrigine>
</Attribut>
</TexturedSurface>
<TexturedSurface Id ="87786">
<Attribut>
<FaceType>Wall</FaceType>
<TextureRatio>1.7799</TextureRatio>
<ImageOrigine>3_6089.tif</ImageOrigine>
<CropImageOrigine>4007 3927 3953 3882
</CropImageOrigine>
</Attribut>
</TexturedSurface>
<TexturedSurface Id ="87789">
<Attribut>
<FaceType>Wall</FaceType>
<TextureRatio>3.63073</TextureRatio>
<ImageOrigine>2_6079.tif</ImageOrigine>
<CropImageOrigine>2968 2459 2944 2443
</CropImageOrigine>
</Attribut>
</TexturedSurface>
<TexturedSurface Id ="87792">
<Attribut>
<FaceType>Wall</FaceType>
<TextureRatio>1.78522</TextureRatio>
<ImageOrigine>3_6089.tif</ImageOrigine>
<CropImageOrigine>3988 3923 3924 3878
</CropImageOrigine>
</Attribut>
</TexturedSurface>
<TexturedSurface Id ="87795">
<Attribut>
<FaceType>Wall</FaceType>
</Attribut>
</TexturedSurface>
<TexturedSurface Id ="87798">
<Attribut>
<FaceType>Wall</FaceType>
</Attribut>
</TexturedSurface>
<TexturedSurface Id ="87801">
<Attribut>
<FaceType>Wall</FaceType>
</Attribut>
</TexturedSurface>
<TexturedSurface Id ="87804">
<Attribut>
<FaceType>Wall</FaceType>
</Attribut>
</TexturedSurface>
<TexturedSurface Id ="87807">
<Attribut>
<FaceType>Wall</FaceType>
</Attribut>
</TexturedSurface>
<TexturedSurface Id ="87810">
<Attribut>
<FaceType>Wall</FaceType>
<TextureRatio>4.24886</TextureRatio>
<ImageOrigine>1_6043.tif</ImageOrigine>
<CropImageOrigine>2074 886 2042 863
</CropImageOrigine>
</Attribut>
</TexturedSurface>
<TexturedSurface Id ="87813">
<Attribut>
<FaceType>Wall</FaceType>
<TextureRatio>2.87418</TextureRatio>
<ImageOrigine>1_6045.tif</ImageOrigine>
<CropImageOrigine>540 1022 509 999
</CropImageOrigine>
</Attribut>
</TexturedSurface>
<TexturedSurface Id ="87816">
<Attribut>
<FaceType>Wall</FaceType>
<TextureRatio>4.22073</TextureRatio>
<ImageOrigine>1_6043.tif</ImageOrigine>
<CropImageOrigine>2089 875 2068 853
</CropImageOrigine>
</Attribut>
</TexturedSurface>
<TexturedSurface Id ="87819">
<Attribut>
<FaceType>Wall</FaceType>
<TextureRatio>2.10906</TextureRatio>
<ImageOrigine>1_6040.tif</ImageOrigine>
<CropImageOrigine>3945 136 3906 99
</CropImageOrigine>
</Attribut>
</TexturedSurface>
<TexturedSurface Id ="87822">
<Attribut>
<FaceType>Wall</FaceType>
<TextureRatio>3.29877</TextureRatio>
<ImageOrigine>1_6040.tif</ImageOrigine>
<CropImageOrigine>3968 136 3907 104
</CropImageOrigine>
</Attribut>
</TexturedSurface>
<TexturedSurface Id ="87825">
<Attribut>
<FaceType>Wall</FaceType>
<TextureRatio>2.08573</TextureRatio>
<ImageOrigine>1_6040.tif</ImageOrigine>
<CropImageOrigine>3969 150 3929 104
</CropImageOrigine>
</Attribut>
</TexturedSurface>
<TexturedSurface Id ="87828">
<Attribut>
<FaceType>Wall</FaceType>
<TextureRatio>4.11798</TextureRatio>
<ImageOrigine>1_6042.tif</ImageOrigine>
<CropImageOrigine>3200 584 2904 511
</CropImageOrigine>
</Attribut>
</TexturedSurface>
<TexturedSurface Id ="87831">
<Attribut>
<FaceType>Wall</FaceType>
<TextureRatio>2.4</TextureRatio>
<ImageOrigine>1_6046.tif</ImageOrigine>
<CropImageOrigine>201 950 161 917
</CropImageOrigine>
</Attribut>
</TexturedSurface>
<TexturedSurface Id ="87834">
<Attribut>
<FaceType>Wall</FaceType>
<TextureRatio>4.26906</TextureRatio>
<ImageOrigine>1_6044.tif</ImageOrigine>
<CropImageOrigine>1477 755 1441 731
</CropImageOrigine>
</Attribut>
</TexturedSurface>
<TexturedSurface Id ="87837">
<Attribut>
<FaceType>Wall</FaceType>
<TextureRatio>2.43065</TextureRatio>
<ImageOrigine>1_6046.tif</ImageOrigine>
<CropImageOrigine>221 933 182 908
</CropImageOrigine>
</Attribut>
</TexturedSurface>
<TexturedSurface Id ="87840">
<Attribut>
<FaceType>Wall</FaceType>
<TextureRatio>4.22395</TextureRatio>
<ImageOrigine>1_6043.tif</ImageOrigine>
<CropImageOrigine>2423 825 2401 800
</CropImageOrigine>
</Attribut>
</TexturedSurface>
<TexturedSurface Id ="87843">
<Attribut>
<FaceType>Wall</FaceType>
<TextureRatio>3.8107</TextureRatio>
<ImageOrigine>1_6042.tif</ImageOrigine>
<CropImageOrigine>3240 515 3218 481
</CropImageOrigine>
</Attribut>
</TexturedSurface>
<TexturedSurface Id ="87846">
<Attribut>
<FaceType>Wall</FaceType>
<TextureRatio>4.0593</TextureRatio>
<ImageOrigine>1_6042.tif</ImageOrigine>
<CropImageOrigine>3241 515 3219 488
</CropImageOrigine>
</Attribut>
</TexturedSurface>
<TexturedSurface Id ="87849">
<Attribut>
<FaceType>Wall</FaceType>
<TextureRatio>2.17605</TextureRatio>
<ImageOrigine>1_6046.tif</ImageOrigine>
<CropImageOrigine>260 931 202 886
</CropImageOrigine>
</Attribut>
</TexturedSurface>
<TexturedSurface Id ="87852">
<Attribut>
<FaceType>Wall</FaceType>
<TextureRatio>2.49037</TextureRatio>
<ImageOrigine>1_6046.tif</ImageOrigine>
<CropImageOrigine>260 904 222 880
</CropImageOrigine>
</Attribut>
</TexturedSurface>
<TexturedSurface Id ="87855">
<Attribut>
<FaceType>Wall</FaceType>
<TextureRatio>3.99545</TextureRatio>
<ImageOrigine>1_6046.tif</ImageOrigine>
<CropImageOrigine>268 899 222 879
</CropImageOrigine>
</Attribut>
</TexturedSurface>
<TexturedSurface Id ="87858">
<Attribut>
<FaceType>Wall</FaceType>
<TextureRatio>2.50303</TextureRatio>
<ImageOrigine>1_6046.tif</ImageOrigine>
<CropImageOrigine>268 898 228 860
</CropImageOrigine>
</Attribut>
</TexturedSurface>
<TexturedSurface Id ="87861">
<Attribut>
<FaceType>Wall</FaceType>
</Attribut>
</TexturedSurface>
<TexturedSurface Id ="87864">
<Attribut>
<FaceType>Wall</FaceType>
<TextureRatio>3.22397</TextureRatio>
<ImageOrigine>2_6078.tif</ImageOrigine>
<CropImageOrigine>3392 2222 3362 2211
</CropImageOrigine>
</Attribut>
</TexturedSurface>
<TexturedSurface Id ="87867">
<Attribut>
<FaceType>Wall</FaceType>
<TextureRatio>5.03918</TextureRatio>
<ImageOrigine>2_6078.tif</ImageOrigine>
<CropImageOrigine>3417 2250 3362 2217
</CropImageOrigine>
</Attribut>
</TexturedSurface>
<TexturedSurface Id ="87870">
<Attribut>
<FaceType>Wall</FaceType>
</Attribut>
</TexturedSurface>
<TexturedSurface Id ="87873">
<Attribut>
<FaceType>Wall</FaceType>
<TextureRatio>3.70912</TextureRatio>
<ImageOrigine>2_6082.tif</ImageOrigine>
<CropImageOrigine>893 2537 868 2519
</CropImageOrigine>
</Attribut>
</TexturedSurface>
<TexturedSurface Id ="87876">
<Attribut>
<FaceType>Wall</FaceType>
</Attribut>
</TexturedSurface>
<TexturedSurface Id ="87879">
<Attribut>
<FaceType>Wall</FaceType>
<TextureRatio>3.11345</TextureRatio>
<ImageOrigine>2_6078.tif</ImageOrigine>
<CropImageOrigine>3437 2252 3407 2238
</CropImageOrigine>
</Attribut>
</TexturedSurface>
<TexturedSurface Id ="87882">
<Attribut>
<FaceType>Wall</FaceType>
</Attribut>
</TexturedSurface>
</WallSurface >
</BuildingPart >
</Building >
</CityModel>
</Chantier_Bati3D>
