<Chantier_Bati3D>
<Bbox>
<Xmin>532790.165</Xmin>
<Xmax>532792.635</Xmax>
<Ymin>152377.285</Ymin>
<Ymax>152409.915</Ymax>
<Zmin>399.478</Zmin>
<Zmax>403.530</Zmax>
</Bbox>
<CityModel Id ="80592">
<Building  Id ="81429">
<Attribut>
<centre>532791.400 147455.782</centre>
</Attribut>
<BuildingPart  Id ="81430">
<RoofSurface  Id ="81436">
<TexturedSurface Id ="81437">
<Attribut>
<FaceType>Roof</FaceType>
<TextureRatio>0.999975</TextureRatio>
<ImageOrigine>2_6081.tif</ImageOrigine>
<CropImageOrigine>2465 2645 2413 2424
</CropImageOrigine>
</Attribut>
</TexturedSurface>
</RoofSurface >
<WallSurface  Id ="87888">
<TexturedSurface Id ="87889">
<Attribut>
<FaceType>Wall</FaceType>
<TextureRatio>2.44775</TextureRatio>
<ImageOrigine>2_6084.tif</ImageOrigine>
<CropImageOrigine>190 2517 151 2295
</CropImageOrigine>
</Attribut>
</TexturedSurface>
<TexturedSurface Id ="87892">
<Attribut>
<FaceType>Wall</FaceType>
</Attribut>
</TexturedSurface>
<TexturedSurface Id ="87895">
<Attribut>
<FaceType>Wall</FaceType>
<TextureRatio>2.81516</TextureRatio>
<ImageOrigine>2_6079.tif</ImageOrigine>
<CropImageOrigine>3303 2392 3284 2175
</CropImageOrigine>
</Attribut>
</TexturedSurface>
<TexturedSurface Id ="87898">
<Attribut>
<FaceType>Wall</FaceType>
</Attribut>
</TexturedSurface>
</WallSurface >
</BuildingPart >
</Building >
</CityModel>
</Chantier_Bati3D>
