<Chantier_Bati3D>
<Bbox>
<Xmin>533455.839</Xmin>
<Xmax>533477.522</Xmax>
<Ymin>152241.221</Ymin>
<Ymax>152274.343</Ymax>
<Zmin>392.098</Zmin>
<Zmax>414.900</Zmax>
</Bbox>
<CityModel Id ="80592">
<Building  Id ="81440">
<Attribut>
<centre>533466.681 147387.996</centre>
</Attribut>
<BuildingPart  Id ="81441">
<RoofSurface  Id ="81447">
<TexturedSurface Id ="81448">
<Attribut>
<FaceType>Roof</FaceType>
<TextureRatio>1.00005</TextureRatio>
<ImageOrigine>2_6076.tif</ImageOrigine>
<CropImageOrigine>630 839 478 610
</CropImageOrigine>
</Attribut>
</TexturedSurface>
</RoofSurface >
<WallSurface  Id ="87904">
<TexturedSurface Id ="87905">
<Attribut>
<FaceType>Wall</FaceType>
<TextureRatio>2.78393</TextureRatio>
<ImageOrigine>2_6072.tif</ImageOrigine>
<CropImageOrigine>3135 265 3087 173
</CropImageOrigine>
</Attribut>
</TexturedSurface>
<TexturedSurface Id ="87908">
<Attribut>
<FaceType>Wall</FaceType>
<TextureRatio>2.62153</TextureRatio>
<ImageOrigine>2_6072.tif</ImageOrigine>
<CropImageOrigine>3140 279 3096 205
</CropImageOrigine>
</Attribut>
</TexturedSurface>
<TexturedSurface Id ="87911">
<Attribut>
<FaceType>Wall</FaceType>
<TextureRatio>2.48566</TextureRatio>
<ImageOrigine>2_6072.tif</ImageOrigine>
<CropImageOrigine>3153 305 3101 220
</CropImageOrigine>
</Attribut>
</TexturedSurface>
<TexturedSurface Id ="87914">
<Attribut>
<FaceType>Wall</FaceType>
<TextureRatio>2.29569</TextureRatio>
<ImageOrigine>2_6071.tif</ImageOrigine>
<CropImageOrigine>3720 91 3660 16
</CropImageOrigine>
</Attribut>
</TexturedSurface>
<TexturedSurface Id ="87917">
<Attribut>
<FaceType>Wall</FaceType>
<TextureRatio>2.74393</TextureRatio>
<ImageOrigine>2_6071.tif</ImageOrigine>
<CropImageOrigine>3724 91 3661 30
</CropImageOrigine>
</Attribut>
</TexturedSurface>
<TexturedSurface Id ="87920">
<Attribut>
<FaceType>Wall</FaceType>
<TextureRatio>3.34084</TextureRatio>
<ImageOrigine>2_6076.tif</ImageOrigine>
<CropImageOrigine>570 865 519 801
</CropImageOrigine>
</Attribut>
</TexturedSurface>
<TexturedSurface Id ="87923">
<Attribut>
<FaceType>Wall</FaceType>
<TextureRatio>2.99953</TextureRatio>
<ImageOrigine>2_6074.tif</ImageOrigine>
<CropImageOrigine>1550 543 1531 492
</CropImageOrigine>
</Attribut>
</TexturedSurface>
<TexturedSurface Id ="87926">
<Attribut>
<FaceType>Wall</FaceType>
<TextureRatio>2.42721</TextureRatio>
<ImageOrigine>2_6071.tif</ImageOrigine>
<CropImageOrigine>3732 104 3672 7
</CropImageOrigine>
</Attribut>
</TexturedSurface>
<TexturedSurface Id ="87929">
<Attribut>
<FaceType>Wall</FaceType>
<TextureRatio>2.56294</TextureRatio>
<ImageOrigine>2_6071.tif</ImageOrigine>
<CropImageOrigine>3752 104 3672 43
</CropImageOrigine>
</Attribut>
</TexturedSurface>
<TexturedSurface Id ="87932">
<Attribut>
<FaceType>Wall</FaceType>
<TextureRatio>2.49951</TextureRatio>
<ImageOrigine>1_6046.tif</ImageOrigine>
<CropImageOrigine>3785 1417 3728 1369
</CropImageOrigine>
</Attribut>
</TexturedSurface>
<TexturedSurface Id ="87935">
<Attribut>
<FaceType>Wall</FaceType>
<TextureRatio>2.99989</TextureRatio>
<ImageOrigine>2_6074.tif</ImageOrigine>
<CropImageOrigine>1589 542 1561 490
</CropImageOrigine>
</Attribut>
</TexturedSurface>
<TexturedSurface Id ="87938">
<Attribut>
<FaceType>Wall</FaceType>
<TextureRatio>2.23341</TextureRatio>
<ImageOrigine>2_6071.tif</ImageOrigine>
<CropImageOrigine>3772 69 3710 4
</CropImageOrigine>
</Attribut>
</TexturedSurface>
<TexturedSurface Id ="87941">
<Attribut>
<FaceType>Wall</FaceType>
<TextureRatio>2.71688</TextureRatio>
<ImageOrigine>2_6071.tif</ImageOrigine>
<CropImageOrigine>3822 69 3711 3
</CropImageOrigine>
</Attribut>
</TexturedSurface>
<TexturedSurface Id ="87944">
<Attribut>
<FaceType>Wall</FaceType>
<TextureRatio>2.58488</TextureRatio>
<ImageOrigine>1_6046.tif</ImageOrigine>
<CropImageOrigine>3728 1487 3666 1412
</CropImageOrigine>
</Attribut>
</TexturedSurface>
<TexturedSurface Id ="87947">
<Attribut>
<FaceType>Wall</FaceType>
<TextureRatio>2.86914</TextureRatio>
<ImageOrigine>2_6074.tif</ImageOrigine>
<CropImageOrigine>1647 475 1630 421
</CropImageOrigine>
</Attribut>
</TexturedSurface>
<TexturedSurface Id ="87950">
<Attribut>
<FaceType>Wall</FaceType>
<TextureRatio>2.60055</TextureRatio>
<ImageOrigine>1_6046.tif</ImageOrigine>
<CropImageOrigine>3734 1589 3666 1478
</CropImageOrigine>
</Attribut>
</TexturedSurface>
<TexturedSurface Id ="87953">
<Attribut>
<FaceType>Wall</FaceType>
<TextureRatio>12.188</TextureRatio>
<ImageOrigine>1_6051.tif</ImageOrigine>
<CropImageOrigine>549 1653 437 1639
</CropImageOrigine>
</Attribut>
</TexturedSurface>
<TexturedSurface Id ="87956">
<Attribut>
<FaceType>Wall</FaceType>
<TextureRatio>2.92365</TextureRatio>
<ImageOrigine>1_6051.tif</ImageOrigine>
<CropImageOrigine>549 1644 488 1588
</CropImageOrigine>
</Attribut>
</TexturedSurface>
<TexturedSurface Id ="87959">
<Attribut>
<FaceType>Wall</FaceType>
<TextureRatio>14.6324</TextureRatio>
<ImageOrigine>1_6051.tif</ImageOrigine>
<CropImageOrigine>551 1595 488 1587
</CropImageOrigine>
</Attribut>
</TexturedSurface>
<TexturedSurface Id ="87962">
<Attribut>
<FaceType>Wall</FaceType>
<TextureRatio>2.50021</TextureRatio>
<ImageOrigine>1_6046.tif</ImageOrigine>
<CropImageOrigine>3796 1555 3739 1523
</CropImageOrigine>
</Attribut>
</TexturedSurface>
<TexturedSurface Id ="87965">
<Attribut>
<FaceType>Wall</FaceType>
<TextureRatio>15.676</TextureRatio>
<ImageOrigine>1_6051.tif</ImageOrigine>
<CropImageOrigine>573 1618 502 1611
</CropImageOrigine>
</Attribut>
</TexturedSurface>
<TexturedSurface Id ="87968">
<Attribut>
<FaceType>Wall</FaceType>
<TextureRatio>2.9349</TextureRatio>
<ImageOrigine>1_6051.tif</ImageOrigine>
<CropImageOrigine>573 1617 518 1585
</CropImageOrigine>
</Attribut>
</TexturedSurface>
<TexturedSurface Id ="87971">
<Attribut>
<FaceType>Wall</FaceType>
<TextureRatio>13.5704</TextureRatio>
<ImageOrigine>1_6051.tif</ImageOrigine>
<CropImageOrigine>580 1592 518 1584
</CropImageOrigine>
</Attribut>
</TexturedSurface>
<TexturedSurface Id ="87974">
<Attribut>
<FaceType>Wall</FaceType>
<TextureRatio>2.45926</TextureRatio>
<ImageOrigine>1_6046.tif</ImageOrigine>
<CropImageOrigine>3824 1531 3766 1519
</CropImageOrigine>
</Attribut>
</TexturedSurface>
<TexturedSurface Id ="87977">
<Attribut>
<FaceType>Wall</FaceType>
<TextureRatio>14.2537</TextureRatio>
<ImageOrigine>1_6051.tif</ImageOrigine>
<CropImageOrigine>615 1594 530 1584
</CropImageOrigine>
</Attribut>
</TexturedSurface>
<TexturedSurface Id ="87980">
<Attribut>
<FaceType>Wall</FaceType>
<TextureRatio>3.0305</TextureRatio>
<ImageOrigine>1_6051.tif</ImageOrigine>
<CropImageOrigine>615 1591 565 1581
</CropImageOrigine>
</Attribut>
</TexturedSurface>
<TexturedSurface Id ="87983">
<Attribut>
<FaceType>Wall</FaceType>
<TextureRatio>2.5775</TextureRatio>
<ImageOrigine>2_6073.tif</ImageOrigine>
<CropImageOrigine>2172 205 2157 145
</CropImageOrigine>
</Attribut>
</TexturedSurface>
<TexturedSurface Id ="87986">
<Attribut>
<FaceType>Wall</FaceType>
<TextureRatio>3.05927</TextureRatio>
<ImageOrigine>1_6051.tif</ImageOrigine>
<CropImageOrigine>612 1588 557 1553
</CropImageOrigine>
</Attribut>
</TexturedSurface>
<TexturedSurface Id ="87989">
<Attribut>
<FaceType>Wall</FaceType>
<TextureRatio>3.0597</TextureRatio>
<ImageOrigine>2_6072.tif</ImageOrigine>
<CropImageOrigine>3126 234 3081 141
</CropImageOrigine>
</Attribut>
</TexturedSurface>
</WallSurface >
</BuildingPart >
</Building >
</CityModel>
</Chantier_Bati3D>
