<Chantier_Bati3D>
<Bbox>
<Xmin>533455.839</Xmin>
<Xmax>533480.165</Xmax>
<Ymin>152241.221</Ymin>
<Ymax>152274.343</Ymax>
<Zmin>391.957</Zmin>
<Zmax>411.300</Zmax>
</Bbox>
<CityModel Id ="80592">
<Building  Id ="81451">
<Attribut>
<centre>533468.002 147387.996</centre>
</Attribut>
<BuildingPart  Id ="81452">
<RoofSurface  Id ="81458">
<TexturedSurface Id ="81459">
<Attribut>
<FaceType>Roof</FaceType>
<TextureRatio>1.00015</TextureRatio>
<ImageOrigine>1_6051.tif</ImageOrigine>
<CropImageOrigine>593 1650 425 1426
</CropImageOrigine>
</Attribut>
</TexturedSurface>
</RoofSurface >
<WallSurface  Id ="87995">
<TexturedSurface Id ="87996">
<Attribut>
<FaceType>Wall</FaceType>
<TextureRatio>11.705</TextureRatio>
<ImageOrigine>1_6051.tif</ImageOrigine>
<CropImageOrigine>593 1629 503 1617
</CropImageOrigine>
</Attribut>
</TexturedSurface>
<TexturedSurface Id ="87999">
<Attribut>
<FaceType>Wall</FaceType>
<TextureRatio>2.4562</TextureRatio>
<ImageOrigine>1_6046.tif</ImageOrigine>
<CropImageOrigine>3828 1577 3777 1550
</CropImageOrigine>
</Attribut>
</TexturedSurface>
<TexturedSurface Id ="88002">
<Attribut>
<FaceType>Wall</FaceType>
<TextureRatio>12.4218</TextureRatio>
<ImageOrigine>1_6051.tif</ImageOrigine>
<CropImageOrigine>601 1643 554 1637
</CropImageOrigine>
</Attribut>
</TexturedSurface>
<TexturedSurface Id ="88005">
<Attribut>
<FaceType>Wall</FaceType>
<TextureRatio>3.04005</TextureRatio>
<ImageOrigine>1_6051.tif</ImageOrigine>
<CropImageOrigine>601 1642 557 1628
</CropImageOrigine>
</Attribut>
</TexturedSurface>
<TexturedSurface Id ="88008">
<Attribut>
<FaceType>Wall</FaceType>
<TextureRatio>12.437</TextureRatio>
<ImageOrigine>1_6051.tif</ImageOrigine>
<CropImageOrigine>634 1633 557 1623
</CropImageOrigine>
</Attribut>
</TexturedSurface>
<TexturedSurface Id ="88011">
<Attribut>
<FaceType>Wall</FaceType>
<TextureRatio>3.03805</TextureRatio>
<ImageOrigine>1_6051.tif</ImageOrigine>
<CropImageOrigine>634 1628 591 1590
</CropImageOrigine>
</Attribut>
</TexturedSurface>
<TexturedSurface Id ="88014">
<Attribut>
<FaceType>Wall</FaceType>
<TextureRatio>3.09114</TextureRatio>
<ImageOrigine>1_6051.tif</ImageOrigine>
<CropImageOrigine>632 1596 586 1558
</CropImageOrigine>
</Attribut>
</TexturedSurface>
<TexturedSurface Id ="88017">
<Attribut>
<FaceType>Wall</FaceType>
<TextureRatio>3.23696</TextureRatio>
<ImageOrigine>2_6072.tif</ImageOrigine>
<CropImageOrigine>3097 229 3060 146
</CropImageOrigine>
</Attribut>
</TexturedSurface>
<TexturedSurface Id ="88020">
<Attribut>
<FaceType>Wall</FaceType>
<TextureRatio>2.93757</TextureRatio>
<ImageOrigine>2_6072.tif</ImageOrigine>
<CropImageOrigine>3105 260 3065 178
</CropImageOrigine>
</Attribut>
</TexturedSurface>
<TexturedSurface Id ="88023">
<Attribut>
<FaceType>Wall</FaceType>
<TextureRatio>2.75909</TextureRatio>
<ImageOrigine>2_6072.tif</ImageOrigine>
<CropImageOrigine>3110 275 3073 209
</CropImageOrigine>
</Attribut>
</TexturedSurface>
<TexturedSurface Id ="88026">
<Attribut>
<FaceType>Wall</FaceType>
<TextureRatio>2.60441</TextureRatio>
<ImageOrigine>2_6072.tif</ImageOrigine>
<CropImageOrigine>3122 305 3078 225
</CropImageOrigine>
</Attribut>
</TexturedSurface>
<TexturedSurface Id ="88029">
<Attribut>
<FaceType>Wall</FaceType>
<TextureRatio>1.87723</TextureRatio>
<ImageOrigine>2_6071.tif</ImageOrigine>
<CropImageOrigine>3694 95 3636 26
</CropImageOrigine>
</Attribut>
</TexturedSurface>
<TexturedSurface Id ="88032">
<Attribut>
<FaceType>Wall</FaceType>
<TextureRatio>2.83676</TextureRatio>
<ImageOrigine>2_6071.tif</ImageOrigine>
<CropImageOrigine>3695 95 3645 44
</CropImageOrigine>
</Attribut>
</TexturedSurface>
<TexturedSurface Id ="88035">
<Attribut>
<FaceType>Wall</FaceType>
<TextureRatio>1.8758</TextureRatio>
<ImageOrigine>2_6071.tif</ImageOrigine>
<CropImageOrigine>3697 99 3646 44
</CropImageOrigine>
</Attribut>
</TexturedSurface>
<TexturedSurface Id ="88038">
<Attribut>
<FaceType>Wall</FaceType>
<TextureRatio>2.76753</TextureRatio>
<ImageOrigine>2_6071.tif</ImageOrigine>
<CropImageOrigine>3712 99 3647 46
</CropImageOrigine>
</Attribut>
</TexturedSurface>
<TexturedSurface Id ="88041">
<Attribut>
<FaceType>Wall</FaceType>
<TextureRatio>3.34169</TextureRatio>
<ImageOrigine>2_6076.tif</ImageOrigine>
<CropImageOrigine>567 872 525 830
</CropImageOrigine>
</Attribut>
</TexturedSurface>
<TexturedSurface Id ="88044">
<Attribut>
<FaceType>Wall</FaceType>
<TextureRatio>3.0365</TextureRatio>
<ImageOrigine>2_6074.tif</ImageOrigine>
<CropImageOrigine>1542 564 1530 522
</CropImageOrigine>
</Attribut>
</TexturedSurface>
<TexturedSurface Id ="88047">
<Attribut>
<FaceType>Wall</FaceType>
<TextureRatio>23.4348</TextureRatio>
<ImageOrigine>2_6074.tif</ImageOrigine>
<CropImageOrigine>1542 564 1532 500
</CropImageOrigine>
</Attribut>
</TexturedSurface>
<TexturedSurface Id ="88050">
<Attribut>
<FaceType>Wall</FaceType>
<TextureRatio>3.00841</TextureRatio>
<ImageOrigine>2_6074.tif</ImageOrigine>
<CropImageOrigine>1550 543 1532 500
</CropImageOrigine>
</Attribut>
</TexturedSurface>
<TexturedSurface Id ="88053">
<Attribut>
<FaceType>Wall</FaceType>
<TextureRatio>2.43419</TextureRatio>
<ImageOrigine>2_6071.tif</ImageOrigine>
<CropImageOrigine>3722 104 3672 17
</CropImageOrigine>
</Attribut>
</TexturedSurface>
<TexturedSurface Id ="88056">
<Attribut>
<FaceType>Wall</FaceType>
<TextureRatio>2.57031</TextureRatio>
<ImageOrigine>2_6071.tif</ImageOrigine>
<CropImageOrigine>3742 104 3672 53
</CropImageOrigine>
</Attribut>
</TexturedSurface>
<TexturedSurface Id ="88059">
<Attribut>
<FaceType>Wall</FaceType>
<TextureRatio>3.21242</TextureRatio>
<ImageOrigine>2_6076.tif</ImageOrigine>
<CropImageOrigine>597 879 557 806
</CropImageOrigine>
</Attribut>
</TexturedSurface>
<TexturedSurface Id ="88062">
<Attribut>
<FaceType>Wall</FaceType>
<TextureRatio>3.00887</TextureRatio>
<ImageOrigine>2_6074.tif</ImageOrigine>
<CropImageOrigine>1589 542 1562 499
</CropImageOrigine>
</Attribut>
</TexturedSurface>
<TexturedSurface Id ="88065">
<Attribut>
<FaceType>Wall</FaceType>
<TextureRatio>7.80496</TextureRatio>
<ImageOrigine>2_6073.tif</ImageOrigine>
<CropImageOrigine>2257 331 2244 282
</CropImageOrigine>
</Attribut>
</TexturedSurface>
<TexturedSurface Id ="88068">
<Attribut>
<FaceType>Wall</FaceType>
<TextureRatio>2.86217</TextureRatio>
<ImageOrigine>2_6073.tif</ImageOrigine>
<CropImageOrigine>2308 331 2244 282
</CropImageOrigine>
</Attribut>
</TexturedSurface>
<TexturedSurface Id ="88071">
<Attribut>
<FaceType>Wall</FaceType>
<TextureRatio>2.59189</TextureRatio>
<ImageOrigine>1_6046.tif</ImageOrigine>
<CropImageOrigine>3720 1487 3666 1414
</CropImageOrigine>
</Attribut>
</TexturedSurface>
<TexturedSurface Id ="88074">
<Attribut>
<FaceType>Wall</FaceType>
<TextureRatio>2.87761</TextureRatio>
<ImageOrigine>2_6074.tif</ImageOrigine>
<CropImageOrigine>1647 475 1631 430
</CropImageOrigine>
</Attribut>
</TexturedSurface>
<TexturedSurface Id ="88077">
<Attribut>
<FaceType>Wall</FaceType>
<TextureRatio>2.60756</TextureRatio>
<ImageOrigine>1_6046.tif</ImageOrigine>
<CropImageOrigine>3725 1589 3666 1479
</CropImageOrigine>
</Attribut>
</TexturedSurface>
<TexturedSurface Id ="88080">
<Attribut>
<FaceType>Wall</FaceType>
<TextureRatio>12.2232</TextureRatio>
<ImageOrigine>1_6051.tif</ImageOrigine>
<CropImageOrigine>549 1653 446 1639
</CropImageOrigine>
</Attribut>
</TexturedSurface>
<TexturedSurface Id ="88083">
<Attribut>
<FaceType>Wall</FaceType>
<TextureRatio>2.93205</TextureRatio>
<ImageOrigine>1_6051.tif</ImageOrigine>
<CropImageOrigine>549 1644 503 1624
</CropImageOrigine>
</Attribut>
</TexturedSurface>
</WallSurface >
</BuildingPart >
</Building >
</CityModel>
</Chantier_Bati3D>
