<Chantier_Bati3D>
<Bbox>
<Xmin>533369.035</Xmin>
<Xmax>533426.965</Xmax>
<Ymin>152287.835</Ymin>
<Ymax>152338.565</Ymax>
<Zmin>393.654</Zmin>
<Zmax>399.210</Zmax>
</Bbox>
<CityModel Id ="80592">
<Building  Id ="81462">
<Attribut>
<centre>533398.000 147420.107</centre>
</Attribut>
<BuildingPart  Id ="81463">
<RoofSurface  Id ="81469">
<TexturedSurface Id ="81470">
<Attribut>
<FaceType>Roof</FaceType>
<TextureRatio>1.00054</TextureRatio>
<ImageOrigine>2_6076.tif</ImageOrigine>
<CropImageOrigine>1246 1301 856 961
</CropImageOrigine>
</Attribut>
</TexturedSurface>
</RoofSurface >
<WallSurface  Id ="88089">
<TexturedSurface Id ="88090">
<Attribut>
<FaceType>Wall</FaceType>
<TextureRatio>3.66708</TextureRatio>
<ImageOrigine>2_6072.tif</ImageOrigine>
<CropImageOrigine>3800 720 3647 705
</CropImageOrigine>
</Attribut>
</TexturedSurface>
<TexturedSurface Id ="88093">
<Attribut>
<FaceType>Wall</FaceType>
<TextureRatio>2.36933</TextureRatio>
<ImageOrigine>2_6078.tif</ImageOrigine>
<CropImageOrigine>330 1514 296 1170
</CropImageOrigine>
</Attribut>
</TexturedSurface>
<TexturedSurface Id ="88096">
<Attribut>
<FaceType>Wall</FaceType>
<TextureRatio>10.1434</TextureRatio>
<ImageOrigine>1_6049.tif</ImageOrigine>
<CropImageOrigine>1516 1457 1374 1440
</CropImageOrigine>
</Attribut>
</TexturedSurface>
<TexturedSurface Id ="88099">
<Attribut>
<FaceType>Wall</FaceType>
<TextureRatio>2.19837</TextureRatio>
<ImageOrigine>1_6051.tif</ImageOrigine>
<CropImageOrigine>38 1392 0 1201
</CropImageOrigine>
</Attribut>
</TexturedSurface>
<TexturedSurface Id ="88102">
<Attribut>
<FaceType>Wall</FaceType>
<TextureRatio>7.0955</TextureRatio>
<ImageOrigine>1_6049.tif</ImageOrigine>
<CropImageOrigine>1512 1263 1492 1257
</CropImageOrigine>
</Attribut>
</TexturedSurface>
<TexturedSurface Id ="88105">
<Attribut>
<FaceType>Wall</FaceType>
<TextureRatio>2.28248</TextureRatio>
<ImageOrigine>1_6045.tif</ImageOrigine>
<CropImageOrigine>3917 1206 3900 1195
</CropImageOrigine>
</Attribut>
</TexturedSurface>
<TexturedSurface Id ="88108">
<Attribut>
<FaceType>Wall</FaceType>
<TextureRatio>3.46694</TextureRatio>
<ImageOrigine>1_6045.tif</ImageOrigine>
<CropImageOrigine>3922 1208 3903 1200
</CropImageOrigine>
</Attribut>
</TexturedSurface>
<TexturedSurface Id ="88111">
<Attribut>
<FaceType>Wall</FaceType>
<TextureRatio>6.01121</TextureRatio>
<ImageOrigine>1_6051.tif</ImageOrigine>
<CropImageOrigine>84 1213 23 1204
</CropImageOrigine>
</Attribut>
</TexturedSurface>
<TexturedSurface Id ="88114">
<Attribut>
<FaceType>Wall</FaceType>
<TextureRatio>3.92429</TextureRatio>
<ImageOrigine>1_6051.tif</ImageOrigine>
<CropImageOrigine>87 1209 68 1203
</CropImageOrigine>
</Attribut>
</TexturedSurface>
<TexturedSurface Id ="88117">
<Attribut>
<FaceType>Wall</FaceType>
<TextureRatio>2.5847</TextureRatio>
<ImageOrigine>1_6051.tif</ImageOrigine>
<CropImageOrigine>89 1208 71 1201
</CropImageOrigine>
</Attribut>
</TexturedSurface>
<TexturedSurface Id ="88120">
<Attribut>
<FaceType>Wall</FaceType>
<TextureRatio>2.13533</TextureRatio>
<ImageOrigine>1_6051.tif</ImageOrigine>
<CropImageOrigine>91 1206 74 1195
</CropImageOrigine>
</Attribut>
</TexturedSurface>
<TexturedSurface Id ="88123">
<Attribut>
<FaceType>Wall</FaceType>
<TextureRatio>7.09584</TextureRatio>
<ImageOrigine>1_6049.tif</ImageOrigine>
<CropImageOrigine>1585 1256 1566 1250
</CropImageOrigine>
</Attribut>
</TexturedSurface>
<TexturedSurface Id ="88126">
<Attribut>
<FaceType>Wall</FaceType>
<TextureRatio>2.08975</TextureRatio>
<ImageOrigine>2_6078.tif</ImageOrigine>
<CropImageOrigine>86 1357 64 1253
</CropImageOrigine>
</Attribut>
</TexturedSurface>
<TexturedSurface Id ="88129">
<Attribut>
<FaceType>Wall</FaceType>
<TextureRatio>6.80429</TextureRatio>
<ImageOrigine>1_6051.tif</ImageOrigine>
<CropImageOrigine>256 1293 101 1276
</CropImageOrigine>
</Attribut>
</TexturedSurface>
<TexturedSurface Id ="88132">
<Attribut>
<FaceType>Wall</FaceType>
<TextureRatio>2.11864</TextureRatio>
<ImageOrigine>2_6071.tif</ImageOrigine>
<CropImageOrigine>3970 512 3952 263
</CropImageOrigine>
</Attribut>
</TexturedSurface>
<TexturedSurface Id ="88135">
<Attribut>
<FaceType>Wall</FaceType>
<TextureRatio>3.66758</TextureRatio>
<ImageOrigine>2_6072.tif</ImageOrigine>
<CropImageOrigine>3570 729 3418 713
</CropImageOrigine>
</Attribut>
</TexturedSurface>
<TexturedSurface Id ="88138">
<Attribut>
<FaceType>Wall</FaceType>
<TextureRatio>2.08943</TextureRatio>
<ImageOrigine>2_6078.tif</ImageOrigine>
<CropImageOrigine>79 1501 56 1382
</CropImageOrigine>
</Attribut>
</TexturedSurface>
<TexturedSurface Id ="88141">
<Attribut>
<FaceType>Wall</FaceType>
<TextureRatio>4.07381</TextureRatio>
<ImageOrigine>2_6074.tif</ImageOrigine>
<CropImageOrigine>1988 901 1971 891
</CropImageOrigine>
</Attribut>
</TexturedSurface>
<TexturedSurface Id ="88144">
<Attribut>
<FaceType>Wall</FaceType>
<TextureRatio>2.63165</TextureRatio>
<ImageOrigine>2_6072.tif</ImageOrigine>
<CropImageOrigine>3581 622 3568 603
</CropImageOrigine>
</Attribut>
</TexturedSurface>
<TexturedSurface Id ="88147">
<Attribut>
<FaceType>Wall</FaceType>
<TextureRatio>2.21934</TextureRatio>
<ImageOrigine>2_6072.tif</ImageOrigine>
<CropImageOrigine>3583 625 3569 611
</CropImageOrigine>
</Attribut>
</TexturedSurface>
<TexturedSurface Id ="88150">
<Attribut>
<FaceType>Wall</FaceType>
<TextureRatio>2.10074</TextureRatio>
<ImageOrigine>2_6072.tif</ImageOrigine>
<CropImageOrigine>3586 628 3570 614
</CropImageOrigine>
</Attribut>
</TexturedSurface>
<TexturedSurface Id ="88153">
<Attribut>
<FaceType>Wall</FaceType>
<TextureRatio>2.65045</TextureRatio>
<ImageOrigine>2_6072.tif</ImageOrigine>
<CropImageOrigine>3590 629 3573 617
</CropImageOrigine>
</Attribut>
</TexturedSurface>
<TexturedSurface Id ="88156">
<Attribut>
<FaceType>Wall</FaceType>
<TextureRatio>3.42393</TextureRatio>
<ImageOrigine>2_6072.tif</ImageOrigine>
<CropImageOrigine>3636 629 3578 616
</CropImageOrigine>
</Attribut>
</TexturedSurface>
<TexturedSurface Id ="88159">
<Attribut>
<FaceType>Wall</FaceType>
<TextureRatio>3.12967</TextureRatio>
<ImageOrigine>2_6078.tif</ImageOrigine>
<CropImageOrigine>153 1408 133 1400
</CropImageOrigine>
</Attribut>
</TexturedSurface>
<TexturedSurface Id ="88162">
<Attribut>
<FaceType>Wall</FaceType>
<TextureRatio>2.27115</TextureRatio>
<ImageOrigine>2_6078.tif</ImageOrigine>
<CropImageOrigine>156 1406 137 1397
</CropImageOrigine>
</Attribut>
</TexturedSurface>
<TexturedSurface Id ="88165">
<Attribut>
<FaceType>Wall</FaceType>
<TextureRatio>2.14078</TextureRatio>
<ImageOrigine>2_6078.tif</ImageOrigine>
<CropImageOrigine>157 1403 140 1387
</CropImageOrigine>
</Attribut>
</TexturedSurface>
<TexturedSurface Id ="88168">
<Attribut>
<FaceType>Wall</FaceType>
<TextureRatio>4.07355</TextureRatio>
<ImageOrigine>2_6074.tif</ImageOrigine>
<CropImageOrigine>2066 903 2048 894
</CropImageOrigine>
</Attribut>
</TexturedSurface>
<TexturedSurface Id ="88171">
<Attribut>
<FaceType>Wall</FaceType>
<TextureRatio>2.52773</TextureRatio>
<ImageOrigine>2_6072.tif</ImageOrigine>
<CropImageOrigine>3660 720 3643 600
</CropImageOrigine>
</Attribut>
</TexturedSurface>
</WallSurface >
</BuildingPart >
</Building >
</CityModel>
</Chantier_Bati3D>
