<Chantier_Bati3D>
<Bbox>
<Xmin>533310.865</Xmin>
<Xmax>533347.015</Xmax>
<Ymin>152318.064</Ymin>
<Ymax>152331.918</Ymax>
<Zmin>394.186</Zmin>
<Zmax>398.750</Zmax>
</Bbox>
<CityModel Id ="80592">
<Building  Id ="81473">
<Attribut>
<centre>533328.940 147416.784</centre>
</Attribut>
<BuildingPart  Id ="81474">
<RoofSurface  Id ="81480">
<TexturedSurface Id ="81481">
<Attribut>
<FaceType>Roof</FaceType>
<TextureRatio>1</TextureRatio>
<ImageOrigine>2_6078.tif</ImageOrigine>
<CropImageOrigine>692 1489 446 1388
</CropImageOrigine>
</Attribut>
</TexturedSurface>
</RoofSurface >
<WallSurface  Id ="88177">
<TexturedSurface Id ="88178">
<Attribut>
<FaceType>Wall</FaceType>
<TextureRatio>3.85155</TextureRatio>
<ImageOrigine>2_6073.tif</ImageOrigine>
<CropImageOrigine>3239 731 3001 721
</CropImageOrigine>
</Attribut>
</TexturedSurface>
<TexturedSurface Id ="88181">
<Attribut>
<FaceType>Wall</FaceType>
<TextureRatio>3.02418</TextureRatio>
<ImageOrigine>2_6078.tif</ImageOrigine>
<CropImageOrigine>702 1492 687 1406
</CropImageOrigine>
</Attribut>
</TexturedSurface>
<TexturedSurface Id ="88184">
<Attribut>
<FaceType>Wall</FaceType>
<TextureRatio>6.90188</TextureRatio>
<ImageOrigine>1_6049.tif</ImageOrigine>
<CropImageOrigine>1085 1293 994 1280
</CropImageOrigine>
</Attribut>
</TexturedSurface>
<TexturedSurface Id ="88187">
<Attribut>
<FaceType>Wall</FaceType>
<TextureRatio>2.8425</TextureRatio>
<ImageOrigine>2_6078.tif</ImageOrigine>
<CropImageOrigine>613 1406 601 1390
</CropImageOrigine>
</Attribut>
</TexturedSurface>
<TexturedSurface Id ="88190">
<Attribut>
<FaceType>Wall</FaceType>
<TextureRatio>7.01144</TextureRatio>
<ImageOrigine>1_6049.tif</ImageOrigine>
<CropImageOrigine>1114 1295 1078 1287
</CropImageOrigine>
</Attribut>
</TexturedSurface>
<TexturedSurface Id ="88193">
<Attribut>
<FaceType>Wall</FaceType>
<TextureRatio>2.04797</TextureRatio>
<ImageOrigine>2_6072.tif</ImageOrigine>
<CropImageOrigine>4052 584 4036 564
</CropImageOrigine>
</Attribut>
</TexturedSurface>
<TexturedSurface Id ="88196">
<Attribut>
<FaceType>Wall</FaceType>
<TextureRatio>6.90203</TextureRatio>
<ImageOrigine>1_6049.tif</ImageOrigine>
<CropImageOrigine>1225 1282 1105 1267
</CropImageOrigine>
</Attribut>
</TexturedSurface>
<TexturedSurface Id ="88199">
<Attribut>
<FaceType>Wall</FaceType>
<TextureRatio>2.16855</TextureRatio>
<ImageOrigine>2_6072.tif</ImageOrigine>
<CropImageOrigine>3938 667 3922 578
</CropImageOrigine>
</Attribut>
</TexturedSurface>
</WallSurface >
</BuildingPart >
</Building >
</CityModel>
</Chantier_Bati3D>
