<Chantier_Bati3D>
<Bbox>
<Xmin>533332.840</Xmin>
<Xmax>533347.960</Xmax>
<Ymin>152575.640</Ymin>
<Ymax>152605.160</Ymax>
<Zmin>394.312</Zmin>
<Zmax>403.500</Zmax>
</Bbox>
<CityModel Id ="80592">
<Building  Id ="81484">
<Attribut>
<centre>533340.400 147553.405</centre>
</Attribut>
<BuildingPart  Id ="81485">
<RoofSurface  Id ="81491">
<TexturedSurface Id ="81492">
<Attribut>
<FaceType>Roof</FaceType>
<TextureRatio>0.999846</TextureRatio>
<ImageOrigine>3_6096.tif</ImageOrigine>
<CropImageOrigine>2706 2965 2580 2755
</CropImageOrigine>
</Attribut>
</TexturedSurface>
</RoofSurface >
<WallSurface  Id ="88205">
<TexturedSurface Id ="88206">
<Attribut>
<FaceType>Wall</FaceType>
<TextureRatio>3.36479</TextureRatio>
<ImageOrigine>3_6099.tif</ImageOrigine>
<CropImageOrigine>576 3091 451 3071
</CropImageOrigine>
</Attribut>
</TexturedSurface>
<TexturedSurface Id ="88209">
<Attribut>
<FaceType>Wall</FaceType>
<TextureRatio>2.53223</TextureRatio>
<ImageOrigine>3_6094.tif</ImageOrigine>
<CropImageOrigine>3802 2786 3764 2649
</CropImageOrigine>
</Attribut>
</TexturedSurface>
<TexturedSurface Id ="88212">
<Attribut>
<FaceType>Wall</FaceType>
<TextureRatio>6.22422</TextureRatio>
<ImageOrigine>2_6074.tif</ImageOrigine>
<CropImageOrigine>2413 2634 2402 2623
</CropImageOrigine>
</Attribut>
</TexturedSurface>
<TexturedSurface Id ="88215">
<Attribut>
<FaceType>Wall</FaceType>
<TextureRatio>2.52917</TextureRatio>
<ImageOrigine>3_6094.tif</ImageOrigine>
<CropImageOrigine>3806 2805 3778 2770
</CropImageOrigine>
</Attribut>
</TexturedSurface>
<TexturedSurface Id ="88218">
<Attribut>
<FaceType>Wall</FaceType>
</Attribut>
</TexturedSurface>
<TexturedSurface Id ="88221">
<Attribut>
<FaceType>Wall</FaceType>
</Attribut>
</TexturedSurface>
<TexturedSurface Id ="88224">
<Attribut>
<FaceType>Wall</FaceType>
<TextureRatio>4.90014</TextureRatio>
<ImageOrigine>2_6076.tif</ImageOrigine>
<CropImageOrigine>1488 2879 1390 2866
</CropImageOrigine>
</Attribut>
</TexturedSurface>
<TexturedSurface Id ="88227">
<Attribut>
<FaceType>Wall</FaceType>
</Attribut>
</TexturedSurface>
<TexturedSurface Id ="88230">
<Attribut>
<FaceType>Wall</FaceType>
</Attribut>
</TexturedSurface>
<TexturedSurface Id ="88233">
<Attribut>
<FaceType>Wall</FaceType>
<TextureRatio>4.88359</TextureRatio>
<ImageOrigine>3_6098.tif</ImageOrigine>
<CropImageOrigine>1299 3167 1285 3129
</CropImageOrigine>
</Attribut>
</TexturedSurface>
<TexturedSurface Id ="88236">
<Attribut>
<FaceType>Wall</FaceType>
<TextureRatio>4.52886</TextureRatio>
<ImageOrigine>2_6076.tif</ImageOrigine>
<CropImageOrigine>1395 2951 1385 2937
</CropImageOrigine>
</Attribut>
</TexturedSurface>
<TexturedSurface Id ="88239">
<Attribut>
<FaceType>Wall</FaceType>
<TextureRatio>2.16724</TextureRatio>
<ImageOrigine>2_6072.tif</ImageOrigine>
<CropImageOrigine>3994 2404 3963 2279
</CropImageOrigine>
</Attribut>
</TexturedSurface>
</WallSurface >
</BuildingPart >
</Building >
</CityModel>
</Chantier_Bati3D>
