<Chantier_Bati3D>
<Bbox>
<Xmin>533304.040</Xmin>
<Xmax>533319.160</Xmax>
<Ymin>152575.640</Ymin>
<Ymax>152605.160</Ymax>
<Zmin>394.437</Zmin>
<Zmax>403.500</Zmax>
</Bbox>
<CityModel Id ="80592">
<Building  Id ="81495">
<Attribut>
<centre>533311.600 147553.405</centre>
</Attribut>
<BuildingPart  Id ="81496">
<RoofSurface  Id ="81502">
<TexturedSurface Id ="81503">
<Attribut>
<FaceType>Roof</FaceType>
<TextureRatio>0.99989</TextureRatio>
<ImageOrigine>3_6096.tif</ImageOrigine>
<CropImageOrigine>2513 2996 2386 2784
</CropImageOrigine>
</Attribut>
</TexturedSurface>
</RoofSurface >
<WallSurface  Id ="88245">
<TexturedSurface Id ="88246">
<Attribut>
<FaceType>Wall</FaceType>
<TextureRatio>3.36435</TextureRatio>
<ImageOrigine>3_6099.tif</ImageOrigine>
<CropImageOrigine>385 3093 258 3073
</CropImageOrigine>
</Attribut>
</TexturedSurface>
<TexturedSurface Id ="88249">
<Attribut>
<FaceType>Wall</FaceType>
<TextureRatio>2.86451</TextureRatio>
<ImageOrigine>3_6094.tif</ImageOrigine>
<CropImageOrigine>3618 2880 3576 2672
</CropImageOrigine>
</Attribut>
</TexturedSurface>
<TexturedSurface Id ="88252">
<Attribut>
<FaceType>Wall</FaceType>
<TextureRatio>3.59466</TextureRatio>
<ImageOrigine>2_6078.tif</ImageOrigine>
<CropImageOrigine>653 3121 536 3100
</CropImageOrigine>
</Attribut>
</TexturedSurface>
<TexturedSurface Id ="88255">
<Attribut>
<FaceType>Wall</FaceType>
</Attribut>
</TexturedSurface>
<TexturedSurface Id ="88258">
<Attribut>
<FaceType>Wall</FaceType>
</Attribut>
</TexturedSurface>
<TexturedSurface Id ="88261">
<Attribut>
<FaceType>Wall</FaceType>
<TextureRatio>3.98532</TextureRatio>
<ImageOrigine>3_6098.tif</ImageOrigine>
<CropImageOrigine>1108 3173 1092 3136
</CropImageOrigine>
</Attribut>
</TexturedSurface>
<TexturedSurface Id ="88264">
<Attribut>
<FaceType>Wall</FaceType>
<TextureRatio>4.52848</TextureRatio>
<ImageOrigine>2_6076.tif</ImageOrigine>
<CropImageOrigine>1585 2950 1577 2936
</CropImageOrigine>
</Attribut>
</TexturedSurface>
<TexturedSurface Id ="88267">
<Attribut>
<FaceType>Wall</FaceType>
<TextureRatio>2.40719</TextureRatio>
<ImageOrigine>3_6099.tif</ImageOrigine>
<CropImageOrigine>389 3215 360 3073
</CropImageOrigine>
</Attribut>
</TexturedSurface>
</WallSurface >
</BuildingPart >
</Building >
</CityModel>
</Chantier_Bati3D>
