<Chantier_Bati3D>
<Bbox>
<Xmin>533361.640</Xmin>
<Xmax>533405.560</Xmax>
<Ymin>152569.254</Ymin>
<Ymax>152605.160</Ymax>
<Zmin>394.085</Zmin>
<Zmax>403.500</Zmax>
</Bbox>
<CityModel Id ="80592">
<Building  Id ="81506">
<Attribut>
<centre>533383.600 147553.405</centre>
</Attribut>
<BuildingPart  Id ="81507">
<RoofSurface  Id ="81513">
<TexturedSurface Id ="81514">
<Attribut>
<FaceType>Roof</FaceType>
<TextureRatio>0.999402</TextureRatio>
<ImageOrigine>3_6098.tif</ImageOrigine>
<CropImageOrigine>1678 3251 1374 3009
</CropImageOrigine>
</Attribut>
</TexturedSurface>
</RoofSurface >
<WallSurface  Id ="88273">
<TexturedSurface Id ="88274">
<Attribut>
<FaceType>Wall</FaceType>
<TextureRatio>2.31064</TextureRatio>
<ImageOrigine>3_6100.tif</ImageOrigine>
<CropImageOrigine>359 3557 321 3339
</CropImageOrigine>
</Attribut>
</TexturedSurface>
<TexturedSurface Id ="88277">
<Attribut>
<FaceType>Wall</FaceType>
<TextureRatio>3.05257</TextureRatio>
<ImageOrigine>3_6100.tif</ImageOrigine>
<CropImageOrigine>347 3374 25 3339
</CropImageOrigine>
</Attribut>
</TexturedSurface>
<TexturedSurface Id ="88280">
<Attribut>
<FaceType>Wall</FaceType>
<TextureRatio>2.26889</TextureRatio>
<ImageOrigine>3_6094.tif</ImageOrigine>
<CropImageOrigine>3993 2763 3953 2626
</CropImageOrigine>
</Attribut>
</TexturedSurface>
<TexturedSurface Id ="88283">
<Attribut>
<FaceType>Wall</FaceType>
<TextureRatio>6.22468</TextureRatio>
<ImageOrigine>2_6074.tif</ImageOrigine>
<CropImageOrigine>2226 2632 2218 2622
</CropImageOrigine>
</Attribut>
</TexturedSurface>
<TexturedSurface Id ="88286">
<Attribut>
<FaceType>Wall</FaceType>
<TextureRatio>2.26643</TextureRatio>
<ImageOrigine>3_6094.tif</ImageOrigine>
<CropImageOrigine>3997 2781 3966 2747
</CropImageOrigine>
</Attribut>
</TexturedSurface>
<TexturedSurface Id ="88289">
<Attribut>
<FaceType>Wall</FaceType>
</Attribut>
</TexturedSurface>
<TexturedSurface Id ="88292">
<Attribut>
<FaceType>Wall</FaceType>
</Attribut>
</TexturedSurface>
<TexturedSurface Id ="88295">
<Attribut>
<FaceType>Wall</FaceType>
<TextureRatio>3.59531</TextureRatio>
<ImageOrigine>2_6078.tif</ImageOrigine>
<CropImageOrigine>269 3098 2 3069
</CropImageOrigine>
</Attribut>
</TexturedSurface>
<TexturedSurface Id ="88298">
<Attribut>
<FaceType>Wall</FaceType>
<TextureRatio>2.10432</TextureRatio>
<ImageOrigine>2_6078.tif</ImageOrigine>
<CropImageOrigine>34 3084 2 3035
</CropImageOrigine>
</Attribut>
</TexturedSurface>
<TexturedSurface Id ="88301">
<Attribut>
<FaceType>Wall</FaceType>
<TextureRatio>1.84622</TextureRatio>
<ImageOrigine>2_6078.tif</ImageOrigine>
<CropImageOrigine>34 3050 1 3031
</CropImageOrigine>
</Attribut>
</TexturedSurface>
<TexturedSurface Id ="88304">
<Attribut>
<FaceType>Wall</FaceType>
<TextureRatio>3.55364</TextureRatio>
<ImageOrigine>2_6076.tif</ImageOrigine>
<CropImageOrigine>1058 2843 1041 2828
</CropImageOrigine>
</Attribut>
</TexturedSurface>
<TexturedSurface Id ="88307">
<Attribut>
<FaceType>Wall</FaceType>
<TextureRatio>3.81347</TextureRatio>
<ImageOrigine>2_6076.tif</ImageOrigine>
<CropImageOrigine>1055 2840 1038 2826
</CropImageOrigine>
</Attribut>
</TexturedSurface>
<TexturedSurface Id ="88310">
<Attribut>
<FaceType>Wall</FaceType>
<TextureRatio>4.64756</TextureRatio>
<ImageOrigine>2_6076.tif</ImageOrigine>
<CropImageOrigine>1051 2839 1033 2826
</CropImageOrigine>
</Attribut>
</TexturedSurface>
<TexturedSurface Id ="88313">
<Attribut>
<FaceType>Wall</FaceType>
<TextureRatio>5.24003</TextureRatio>
<ImageOrigine>2_6072.tif</ImageOrigine>
<CropImageOrigine>3653 2192 3625 2185
</CropImageOrigine>
</Attribut>
</TexturedSurface>
<TexturedSurface Id ="88316">
<Attribut>
<FaceType>Wall</FaceType>
<TextureRatio>3.17337</TextureRatio>
<ImageOrigine>2_6072.tif</ImageOrigine>
<CropImageOrigine>3647 2194 3622 2187
</CropImageOrigine>
</Attribut>
</TexturedSurface>
<TexturedSurface Id ="88319">
<Attribut>
<FaceType>Wall</FaceType>
<TextureRatio>2.69738</TextureRatio>
<ImageOrigine>2_6072.tif</ImageOrigine>
<CropImageOrigine>3644 2198 3620 2190
</CropImageOrigine>
</Attribut>
</TexturedSurface>
<TexturedSurface Id ="88322">
<Attribut>
<FaceType>Wall</FaceType>
<TextureRatio>2.62071</TextureRatio>
<ImageOrigine>2_6072.tif</ImageOrigine>
<CropImageOrigine>3644 2230 3620 2194
</CropImageOrigine>
</Attribut>
</TexturedSurface>
<TexturedSurface Id ="88325">
<Attribut>
<FaceType>Wall</FaceType>
<TextureRatio>4.90084</TextureRatio>
<ImageOrigine>2_6076.tif</ImageOrigine>
<CropImageOrigine>1035 2882 999 2868
</CropImageOrigine>
</Attribut>
</TexturedSurface>
</WallSurface >
</BuildingPart >
</Building >
</CityModel>
</Chantier_Bati3D>
