<Chantier_Bati3D>
<Bbox>
<Xmin>533253.650</Xmin>
<Xmax>533260.265</Xmax>
<Ymin>152554.750</Ymin>
<Ymax>152568.450</Ymax>
<Zmin>394.751</Zmin>
<Zmax>403.500</Zmax>
</Bbox>
<CityModel Id ="80592">
<Building  Id ="81517">
<Attribut>
<centre>533256.957 147535.050</centre>
</Attribut>
<BuildingPart  Id ="81518">
<RoofSurface  Id ="81524">
<TexturedSurface Id ="81525">
<Attribut>
<FaceType>Roof</FaceType>
<TextureRatio>0.999816</TextureRatio>
<ImageOrigine>2_6079.tif</ImageOrigine>
<CropImageOrigine>121 3340 68 3243
</CropImageOrigine>
</Attribut>
</TexturedSurface>
</RoofSurface >
<WallSurface  Id ="88331">
<TexturedSurface Id ="88332">
<Attribut>
<FaceType>Wall</FaceType>
<TextureRatio>3.09</TextureRatio>
<ImageOrigine>3_6094.tif</ImageOrigine>
<CropImageOrigine>3331 2967 3270 2944
</CropImageOrigine>
</Attribut>
</TexturedSurface>
<TexturedSurface Id ="88335">
<Attribut>
<FaceType>Wall</FaceType>
<TextureRatio>2.67718</TextureRatio>
<ImageOrigine>2_6079.tif</ImageOrigine>
<CropImageOrigine>144 3339 115 3228
</CropImageOrigine>
</Attribut>
</TexturedSurface>
<TexturedSurface Id ="88338">
<Attribut>
<FaceType>Wall</FaceType>
<TextureRatio>3.44993</TextureRatio>
<ImageOrigine>2_6079.tif</ImageOrigine>
<CropImageOrigine>144 3244 73 3226
</CropImageOrigine>
</Attribut>
</TexturedSurface>
<TexturedSurface Id ="88341">
<Attribut>
<FaceType>Wall</FaceType>
</Attribut>
</TexturedSurface>
</WallSurface >
</BuildingPart >
</Building >
</CityModel>
</Chantier_Bati3D>
