<Chantier_Bati3D>
<Bbox>
<Xmin>533261.875</Xmin>
<Xmax>533267.810</Xmax>
<Ymin>152544.275</Ymin>
<Ymax>152550.210</Ymax>
<Zmin>394.756</Zmin>
<Zmax>414.680</Zmax>
</Bbox>
<CityModel Id ="80592">
<Building  Id ="81528">
<Attribut>
<centre>533264.842 147525.930</centre>
</Attribut>
<BuildingPart  Id ="81529">
<RoofSurface  Id ="81535">
<TexturedSurface Id ="81536">
<Attribut>
<FaceType>Roof</FaceType>
<TextureRatio>1</TextureRatio>
<ImageOrigine>2_6078.tif</ImageOrigine>
<CropImageOrigine>906 2985 863 2942
</CropImageOrigine>
</Attribut>
</TexturedSurface>
</RoofSurface >
<WallSurface  Id ="88347">
<TexturedSurface Id ="88348">
<Attribut>
<FaceType>Wall</FaceType>
<TextureRatio>2.02963</TextureRatio>
<ImageOrigine>3_6098.tif</ImageOrigine>
<CropImageOrigine>782 3435 736 3384
</CropImageOrigine>
</Attribut>
</TexturedSurface>
<TexturedSurface Id ="88351">
<Attribut>
<FaceType>Wall</FaceType>
<TextureRatio>2.81738</TextureRatio>
<ImageOrigine>3_6095.tif</ImageOrigine>
<CropImageOrigine>2828 3325 2765 3274
</CropImageOrigine>
</Attribut>
</TexturedSurface>
<TexturedSurface Id ="88354">
<Attribut>
<FaceType>Wall</FaceType>
<TextureRatio>2.56705</TextureRatio>
<ImageOrigine>2_6079.tif</ImageOrigine>
<CropImageOrigine>91 3232 31 3155
</CropImageOrigine>
</Attribut>
</TexturedSurface>
<TexturedSurface Id ="88357">
<Attribut>
<FaceType>Wall</FaceType>
<TextureRatio>4.32024</TextureRatio>
<ImageOrigine>2_6078.tif</ImageOrigine>
<CropImageOrigine>942 2945 866 2914
</CropImageOrigine>
</Attribut>
</TexturedSurface>
<TexturedSurface Id ="88360">
<Attribut>
<FaceType>Wall</FaceType>
<TextureRatio>2.46652</TextureRatio>
<ImageOrigine>2_6073.tif</ImageOrigine>
<CropImageOrigine>3559 2117 3508 2073
</CropImageOrigine>
</Attribut>
</TexturedSurface>
</WallSurface >
</BuildingPart >
</Building >
</CityModel>
</Chantier_Bati3D>
