<Chantier_Bati3D>
<Bbox>
<Xmin>533319.500</Xmin>
<Xmax>533332.500</Xmax>
<Ymin>152546.890</Ymin>
<Ymax>152576.310</Ymax>
<Zmin>394.473</Zmin>
<Zmax>414.680</Zmax>
</Bbox>
<CityModel Id ="80592">
<Building  Id ="81539">
<Attribut>
<centre>533326.000 147538.980</centre>
</Attribut>
<BuildingPart  Id ="81540">
<RoofSurface  Id ="81546">
<TexturedSurface Id ="81547">
<Attribut>
<FaceType>Roof</FaceType>
<TextureRatio>0.999999</TextureRatio>
<ImageOrigine>2_6078.tif</ImageOrigine>
<CropImageOrigine>512 3140 418 2934
</CropImageOrigine>
</Attribut>
</TexturedSurface>
</RoofSurface >
<WallSurface  Id ="88366">
<TexturedSurface Id ="88367">
<Attribut>
<FaceType>Wall</FaceType>
<TextureRatio>1.89499</TextureRatio>
<ImageOrigine>3_6099.tif</ImageOrigine>
<CropImageOrigine>474 3309 419 3260
</CropImageOrigine>
</Attribut>
</TexturedSurface>
<TexturedSurface Id ="88370">
<Attribut>
<FaceType>Wall</FaceType>
<TextureRatio>2.88384</TextureRatio>
<ImageOrigine>3_6099.tif</ImageOrigine>
<CropImageOrigine>472 3309 345 3260
</CropImageOrigine>
</Attribut>
</TexturedSurface>
<TexturedSurface Id ="88373">
<Attribut>
<FaceType>Wall</FaceType>
<TextureRatio>2.11562</TextureRatio>
<ImageOrigine>3_6094.tif</ImageOrigine>
<CropImageOrigine>3757 2883 3700 2845
</CropImageOrigine>
</Attribut>
</TexturedSurface>
<TexturedSurface Id ="88376">
<Attribut>
<FaceType>Wall</FaceType>
<TextureRatio>2.63944</TextureRatio>
<ImageOrigine>3_6094.tif</ImageOrigine>
<CropImageOrigine>3770 3037 3700 2847
</CropImageOrigine>
</Attribut>
</TexturedSurface>
<TexturedSurface Id ="88379">
<Attribut>
<FaceType>Wall</FaceType>
<TextureRatio>2.87164</TextureRatio>
<ImageOrigine>3_6095.tif</ImageOrigine>
<CropImageOrigine>3183 3251 3140 3207
</CropImageOrigine>
</Attribut>
</TexturedSurface>
<TexturedSurface Id ="88382">
<Attribut>
<FaceType>Wall</FaceType>
<TextureRatio>2.65071</TextureRatio>
<ImageOrigine>3_6094.tif</ImageOrigine>
<CropImageOrigine>3766 3057 3709 2997
</CropImageOrigine>
</Attribut>
</TexturedSurface>
<TexturedSurface Id ="88385">
<Attribut>
<FaceType>Wall</FaceType>
<TextureRatio>4.16969</TextureRatio>
<ImageOrigine>2_6078.tif</ImageOrigine>
<CropImageOrigine>560 2960 505 2930
</CropImageOrigine>
</Attribut>
</TexturedSurface>
<TexturedSurface Id ="88388">
<Attribut>
<FaceType>Wall</FaceType>
<TextureRatio>2.85599</TextureRatio>
<ImageOrigine>2_6078.tif</ImageOrigine>
<CropImageOrigine>556 2959 505 2912
</CropImageOrigine>
</Attribut>
</TexturedSurface>
<TexturedSurface Id ="88391">
<Attribut>
<FaceType>Wall</FaceType>
<TextureRatio>2.37381</TextureRatio>
<ImageOrigine>2_6078.tif</ImageOrigine>
<CropImageOrigine>556 2941 505 2910
</CropImageOrigine>
</Attribut>
</TexturedSurface>
<TexturedSurface Id ="88394">
<Attribut>
<FaceType>Wall</FaceType>
<TextureRatio>4.24436</TextureRatio>
<ImageOrigine>2_6078.tif</ImageOrigine>
<CropImageOrigine>555 2939 431 2906
</CropImageOrigine>
</Attribut>
</TexturedSurface>
<TexturedSurface Id ="88397">
<Attribut>
<FaceType>Wall</FaceType>
<TextureRatio>4.29867</TextureRatio>
<ImageOrigine>2_6073.tif</ImageOrigine>
<CropImageOrigine>3153 2109 3112 2099
</CropImageOrigine>
</Attribut>
</TexturedSurface>
<TexturedSurface Id ="88400">
<Attribut>
<FaceType>Wall</FaceType>
<TextureRatio>2.52533</TextureRatio>
<ImageOrigine>3_6099.tif</ImageOrigine>
<CropImageOrigine>480 3503 427 3432
</CropImageOrigine>
</Attribut>
</TexturedSurface>
<TexturedSurface Id ="88403">
<Attribut>
<FaceType>Wall</FaceType>
<TextureRatio>6.04027</TextureRatio>
<ImageOrigine>2_6076.tif</ImageOrigine>
<CropImageOrigine>1500 2720 1480 2697
</CropImageOrigine>
</Attribut>
</TexturedSurface>
<TexturedSurface Id ="88406">
<Attribut>
<FaceType>Wall</FaceType>
<TextureRatio>2.51391</TextureRatio>
<ImageOrigine>3_6099.tif</ImageOrigine>
<CropImageOrigine>485 3484 431 3412
</CropImageOrigine>
</Attribut>
</TexturedSurface>
<TexturedSurface Id ="88409">
<Attribut>
<FaceType>Wall</FaceType>
<TextureRatio>2.59979</TextureRatio>
<ImageOrigine>3_6099.tif</ImageOrigine>
<CropImageOrigine>484 3465 426 3412
</CropImageOrigine>
</Attribut>
</TexturedSurface>
<TexturedSurface Id ="88412">
<Attribut>
<FaceType>Wall</FaceType>
<TextureRatio>2.50584</TextureRatio>
<ImageOrigine>3_6099.tif</ImageOrigine>
<CropImageOrigine>479 3464 421 3262
</CropImageOrigine>
</Attribut>
</TexturedSurface>
</WallSurface >
</BuildingPart >
</Building >
</CityModel>
</Chantier_Bati3D>
