<Chantier_Bati3D>
<Bbox>
<Xmin>533348.290</Xmin>
<Xmax>533361.310</Xmax>
<Ymin>152546.919</Ymin>
<Ymax>152560.110</Ymax>
<Zmin>394.426</Zmin>
<Zmax>414.680</Zmax>
</Bbox>
<CityModel Id ="80592">
<Building  Id ="81550">
<Attribut>
<centre>533354.800 147530.880</centre>
</Attribut>
<BuildingPart  Id ="81551">
<RoofSurface  Id ="81557">
<TexturedSurface Id ="81558">
<Attribut>
<FaceType>Roof</FaceType>
<TextureRatio>0.999996</TextureRatio>
<ImageOrigine>2_6078.tif</ImageOrigine>
<CropImageOrigine>316 3018 225 2923
</CropImageOrigine>
</Attribut>
</TexturedSurface>
</RoofSurface >
<WallSurface  Id ="88418">
<TexturedSurface Id ="88419">
<Attribut>
<FaceType>Wall</FaceType>
<TextureRatio>2.60017</TextureRatio>
<ImageOrigine>3_6099.tif</ImageOrigine>
<CropImageOrigine>674 3463 622 3410
</CropImageOrigine>
</Attribut>
</TexturedSurface>
<TexturedSurface Id ="88422">
<Attribut>
<FaceType>Wall</FaceType>
<TextureRatio>1.96056</TextureRatio>
<ImageOrigine>3_6100.tif</ImageOrigine>
<CropImageOrigine>70 3754 0 3650
</CropImageOrigine>
</Attribut>
</TexturedSurface>
<TexturedSurface Id ="88425">
<Attribut>
<FaceType>Wall</FaceType>
<TextureRatio>1.55525</TextureRatio>
<ImageOrigine>3_6100.tif</ImageOrigine>
<CropImageOrigine>67 3708 -1 3648
</CropImageOrigine>
</Attribut>
</TexturedSurface>
<TexturedSurface Id ="88428">
<Attribut>
<FaceType>Wall</FaceType>
<TextureRatio>2.6706</TextureRatio>
<ImageOrigine>3_6099.tif</ImageOrigine>
<CropImageOrigine>666 3416 545 3364
</CropImageOrigine>
</Attribut>
</TexturedSurface>
<TexturedSurface Id ="88431">
<Attribut>
<FaceType>Wall</FaceType>
<TextureRatio>1.95908</TextureRatio>
<ImageOrigine>3_6094.tif</ImageOrigine>
<CropImageOrigine>3960 2967 3898 2927
</CropImageOrigine>
</Attribut>
</TexturedSurface>
<TexturedSurface Id ="88434">
<Attribut>
<FaceType>Wall</FaceType>
<TextureRatio>2.34187</TextureRatio>
<ImageOrigine>3_6094.tif</ImageOrigine>
<CropImageOrigine>3964 3013 3898 2928
</CropImageOrigine>
</Attribut>
</TexturedSurface>
<TexturedSurface Id ="88437">
<Attribut>
<FaceType>Wall</FaceType>
<TextureRatio>2.87198</TextureRatio>
<ImageOrigine>3_6095.tif</ImageOrigine>
<CropImageOrigine>3378 3223 3329 3180
</CropImageOrigine>
</Attribut>
</TexturedSurface>
<TexturedSurface Id ="88440">
<Attribut>
<FaceType>Wall</FaceType>
<TextureRatio>2.36112</TextureRatio>
<ImageOrigine>3_6094.tif</ImageOrigine>
<CropImageOrigine>3960 3034 3897 2974
</CropImageOrigine>
</Attribut>
</TexturedSurface>
<TexturedSurface Id ="88443">
<Attribut>
<FaceType>Wall</FaceType>
<TextureRatio>4.17027</TextureRatio>
<ImageOrigine>2_6078.tif</ImageOrigine>
<CropImageOrigine>371 2949 309 2918
</CropImageOrigine>
</Attribut>
</TexturedSurface>
<TexturedSurface Id ="88446">
<Attribut>
<FaceType>Wall</FaceType>
<TextureRatio>2.52587</TextureRatio>
<ImageOrigine>2_6078.tif</ImageOrigine>
<CropImageOrigine>366 2948 309 2901
</CropImageOrigine>
</Attribut>
</TexturedSurface>
<TexturedSurface Id ="88449">
<Attribut>
<FaceType>Wall</FaceType>
<TextureRatio>2.17096</TextureRatio>
<ImageOrigine>2_6078.tif</ImageOrigine>
<CropImageOrigine>366 2929 309 2899
</CropImageOrigine>
</Attribut>
</TexturedSurface>
<TexturedSurface Id ="88452">
<Attribut>
<FaceType>Wall</FaceType>
<TextureRatio>4.24274</TextureRatio>
<ImageOrigine>2_6078.tif</ImageOrigine>
<CropImageOrigine>365 2928 234 2894
</CropImageOrigine>
</Attribut>
</TexturedSurface>
<TexturedSurface Id ="88455">
<Attribut>
<FaceType>Wall</FaceType>
<TextureRatio>2.55137</TextureRatio>
<ImageOrigine>2_6072.tif</ImageOrigine>
<CropImageOrigine>3937 2040 3878 2034
</CropImageOrigine>
</Attribut>
</TexturedSurface>
<TexturedSurface Id ="88458">
<Attribut>
<FaceType>Wall</FaceType>
<TextureRatio>1.96078</TextureRatio>
<ImageOrigine>3_6100.tif</ImageOrigine>
<CropImageOrigine>72 3793 5 3715
</CropImageOrigine>
</Attribut>
</TexturedSurface>
<TexturedSurface Id ="88461">
<Attribut>
<FaceType>Wall</FaceType>
<TextureRatio>6.04124</TextureRatio>
<ImageOrigine>2_6076.tif</ImageOrigine>
<CropImageOrigine>1310 2721 1284 2698
</CropImageOrigine>
</Attribut>
</TexturedSurface>
<TexturedSurface Id ="88464">
<Attribut>
<FaceType>Wall</FaceType>
<TextureRatio>1.96557</TextureRatio>
<ImageOrigine>3_6100.tif</ImageOrigine>
<CropImageOrigine>76 3774 9 3695
</CropImageOrigine>
</Attribut>
</TexturedSurface>
</WallSurface >
</BuildingPart >
</Building >
</CityModel>
</Chantier_Bati3D>
