<Chantier_Bati3D>
<Bbox>
<Xmin>533318.450</Xmin>
<Xmax>533333.550</Xmax>
<Ymin>152541.870</Ymin>
<Ymax>152587.017</Ymax>
<Zmin>394.438</Zmin>
<Zmax>411.310</Zmax>
</Bbox>
<CityModel Id ="80592">
<Building  Id ="81561">
<Attribut>
<centre>533326.000 147544.334</centre>
</Attribut>
<BuildingPart  Id ="81562">
<RoofSurface  Id ="81568">
<TexturedSurface Id ="81569">
<Attribut>
<FaceType>Roof</FaceType>
<TextureRatio>0.999906</TextureRatio>
<ImageOrigine>3_6096.tif</ImageOrigine>
<CropImageOrigine>2654 3214 2511 2906
</CropImageOrigine>
</Attribut>
</TexturedSurface>
</RoofSurface >
<WallSurface  Id ="88470">
<TexturedSurface Id ="88471">
<Attribut>
<FaceType>Wall</FaceType>
<TextureRatio>2.99364</TextureRatio>
<ImageOrigine>3_6099.tif</ImageOrigine>
<CropImageOrigine>485 3252 428 3213
</CropImageOrigine>
</Attribut>
</TexturedSurface>
<TexturedSurface Id ="88474">
<Attribut>
<FaceType>Wall</FaceType>
<TextureRatio>3.36581</TextureRatio>
<ImageOrigine>2_6073.tif</ImageOrigine>
<CropImageOrigine>3147 2348 3109 2329
</CropImageOrigine>
</Attribut>
</TexturedSurface>
<TexturedSurface Id ="88477">
<Attribut>
<FaceType>Wall</FaceType>
<TextureRatio>3.0702</TextureRatio>
<ImageOrigine>2_6073.tif</ImageOrigine>
<CropImageOrigine>3141 2354 3107 2334
</CropImageOrigine>
</Attribut>
</TexturedSurface>
<TexturedSurface Id ="88480">
<Attribut>
<FaceType>Wall</FaceType>
<TextureRatio>2.04822</TextureRatio>
<ImageOrigine>3_6099.tif</ImageOrigine>
<CropImageOrigine>480 3239 432 3194
</CropImageOrigine>
</Attribut>
</TexturedSurface>
<TexturedSurface Id ="88483">
<Attribut>
<FaceType>Wall</FaceType>
<TextureRatio>2.06245</TextureRatio>
<ImageOrigine>3_6099.tif</ImageOrigine>
<CropImageOrigine>477 3232 425 3191
</CropImageOrigine>
</Attribut>
</TexturedSurface>
<TexturedSurface Id ="88486">
<Attribut>
<FaceType>Wall</FaceType>
<TextureRatio>3.03579</TextureRatio>
<ImageOrigine>3_6099.tif</ImageOrigine>
<CropImageOrigine>470 3229 353 3191
</CropImageOrigine>
</Attribut>
</TexturedSurface>
<TexturedSurface Id ="88489">
<Attribut>
<FaceType>Wall</FaceType>
<TextureRatio>3.45139</TextureRatio>
<ImageOrigine>3_6096.tif</ImageOrigine>
<CropImageOrigine>2523 2921 2504 2887
</CropImageOrigine>
</Attribut>
</TexturedSurface>
<TexturedSurface Id ="88492">
<Attribut>
<FaceType>Wall</FaceType>
<TextureRatio>2.0899</TextureRatio>
<ImageOrigine>3_6094.tif</ImageOrigine>
<CropImageOrigine>3736 2814 3687 2780
</CropImageOrigine>
</Attribut>
</TexturedSurface>
<TexturedSurface Id ="88495">
<Attribut>
<FaceType>Wall</FaceType>
<TextureRatio>2.44076</TextureRatio>
<ImageOrigine>3_6094.tif</ImageOrigine>
<CropImageOrigine>3733 2818 3687 2785
</CropImageOrigine>
</Attribut>
</TexturedSurface>
<TexturedSurface Id ="88498">
<Attribut>
<FaceType>Wall</FaceType>
<TextureRatio>2.42827</TextureRatio>
<ImageOrigine>2_6078.tif</ImageOrigine>
<CropImageOrigine>550 3194 507 3158
</CropImageOrigine>
</Attribut>
</TexturedSurface>
<TexturedSurface Id ="88501">
<Attribut>
<FaceType>Wall</FaceType>
<TextureRatio>2.20346</TextureRatio>
<ImageOrigine>2_6078.tif</ImageOrigine>
<CropImageOrigine>549 3189 501 3152
</CropImageOrigine>
</Attribut>
</TexturedSurface>
<TexturedSurface Id ="88504">
<Attribut>
<FaceType>Wall</FaceType>
<TextureRatio>3.31699</TextureRatio>
<ImageOrigine>3_6094.tif</ImageOrigine>
<CropImageOrigine>3741 2829 3684 2799
</CropImageOrigine>
</Attribut>
</TexturedSurface>
<TexturedSurface Id ="88507">
<Attribut>
<FaceType>Wall</FaceType>
<TextureRatio>2.67023</TextureRatio>
<ImageOrigine>3_6094.tif</ImageOrigine>
<CropImageOrigine>3754 3095 3684 2800
</CropImageOrigine>
</Attribut>
</TexturedSurface>
<TexturedSurface Id ="88510">
<Attribut>
<FaceType>Wall</FaceType>
<TextureRatio>4.37378</TextureRatio>
<ImageOrigine>2_6078.tif</ImageOrigine>
<CropImageOrigine>570 2910 500 2885
</CropImageOrigine>
</Attribut>
</TexturedSurface>
<TexturedSurface Id ="88513">
<Attribut>
<FaceType>Wall</FaceType>
<TextureRatio>2.39297</TextureRatio>
<ImageOrigine>2_6078.tif</ImageOrigine>
<CropImageOrigine>542 2908 497 2880
</CropImageOrigine>
</Attribut>
</TexturedSurface>
<TexturedSurface Id ="88516">
<Attribut>
<FaceType>Wall</FaceType>
<TextureRatio>2.62176</TextureRatio>
<ImageOrigine>2_6078.tif</ImageOrigine>
<CropImageOrigine>539 2903 492 2876
</CropImageOrigine>
</Attribut>
</TexturedSurface>
<TexturedSurface Id ="88519">
<Attribut>
<FaceType>Wall</FaceType>
<TextureRatio>4.28826</TextureRatio>
<ImageOrigine>2_6078.tif</ImageOrigine>
<CropImageOrigine>534 2899 467 2874
</CropImageOrigine>
</Attribut>
</TexturedSurface>
<TexturedSurface Id ="88522">
<Attribut>
<FaceType>Wall</FaceType>
<TextureRatio>6.42525</TextureRatio>
<ImageOrigine>2_6073.tif</ImageOrigine>
<CropImageOrigine>3170 2076 3131 2067
</CropImageOrigine>
</Attribut>
</TexturedSurface>
<TexturedSurface Id ="88525">
<Attribut>
<FaceType>Wall</FaceType>
<TextureRatio>3.68468</TextureRatio>
<ImageOrigine>2_6073.tif</ImageOrigine>
<CropImageOrigine>3163 2079 3128 2070
</CropImageOrigine>
</Attribut>
</TexturedSurface>
<TexturedSurface Id ="88528">
<Attribut>
<FaceType>Wall</FaceType>
<TextureRatio>3.22407</TextureRatio>
<ImageOrigine>2_6073.tif</ImageOrigine>
<CropImageOrigine>3161 2083 3127 2073
</CropImageOrigine>
</Attribut>
</TexturedSurface>
<TexturedSurface Id ="88531">
<Attribut>
<FaceType>Wall</FaceType>
<TextureRatio>4.37386</TextureRatio>
<ImageOrigine>2_6078.tif</ImageOrigine>
<CropImageOrigine>498 2906 426 2881
</CropImageOrigine>
</Attribut>
</TexturedSurface>
<TexturedSurface Id ="88534">
<Attribut>
<FaceType>Wall</FaceType>
<TextureRatio>2.53192</TextureRatio>
<ImageOrigine>3_6099.tif</ImageOrigine>
<CropImageOrigine>493 3519 440 3213
</CropImageOrigine>
</Attribut>
</TexturedSurface>
</WallSurface >
</BuildingPart >
</Building >
</CityModel>
</Chantier_Bati3D>
