<Chantier_Bati3D>
<Bbox>
<Xmin>533260.265</Xmin>
<Xmax>533276.535</Xmax>
<Ymin>152533.665</Ymin>
<Ymax>152584.125</Ymax>
<Zmin>394.663</Zmin>
<Zmax>411.310</Zmax>
</Bbox>
<CityModel Id ="80592">
<Building  Id ="81572">
<Attribut>
<centre>533268.400 147542.887</centre>
</Attribut>
<BuildingPart  Id ="81573">
<RoofSurface  Id ="81579">
<TexturedSurface Id ="81580">
<Attribut>
<FaceType>Roof</FaceType>
<TextureRatio>0.999997</TextureRatio>
<ImageOrigine>2_6078.tif</ImageOrigine>
<CropImageOrigine>927 3211 797 2862
</CropImageOrigine>
</Attribut>
</TexturedSurface>
</RoofSurface >
<WallSurface  Id ="88540">
<TexturedSurface Id ="88541">
<Attribut>
<FaceType>Wall</FaceType>
</Attribut>
</TexturedSurface>
<TexturedSurface Id ="88544">
<Attribut>
<FaceType>Wall</FaceType>
<TextureRatio>2.05291</TextureRatio>
<ImageOrigine>3_6099.tif</ImageOrigine>
<CropImageOrigine>120 3586 55 3213
</CropImageOrigine>
</Attribut>
</TexturedSurface>
<TexturedSurface Id ="88547">
<Attribut>
<FaceType>Wall</FaceType>
<TextureRatio>3.49691</TextureRatio>
<ImageOrigine>3_6096.tif</ImageOrigine>
<CropImageOrigine>2226 3000 2113 2951
</CropImageOrigine>
</Attribut>
</TexturedSurface>
<TexturedSurface Id ="88550">
<Attribut>
<FaceType>Wall</FaceType>
<TextureRatio>2.58767</TextureRatio>
<ImageOrigine>2_6079.tif</ImageOrigine>
<CropImageOrigine>106 3463 40 3083
</CropImageOrigine>
</Attribut>
</TexturedSurface>
</WallSurface >
</BuildingPart >
</Building >
</CityModel>
</Chantier_Bati3D>
