<Chantier_Bati3D>
<Bbox>
<Xmin>533347.250</Xmin>
<Xmax>533362.350</Xmax>
<Ymin>152518.696</Ymin>
<Ymax>152586.953</Ymax>
<Zmin>394.324</Zmin>
<Zmax>411.310</Zmax>
</Bbox>
<CityModel Id ="80592">
<Building  Id ="81583">
<Attribut>
<centre>533354.800 147544.302</centre>
</Attribut>
<BuildingPart  Id ="81584">
<RoofSurface  Id ="81590">
<TexturedSurface Id ="81591">
<Attribut>
<FaceType>Roof</FaceType>
<TextureRatio>0.999972</TextureRatio>
<ImageOrigine>2_6076.tif</ImageOrigine>
<CropImageOrigine>1384 2967 1280 2506
</CropImageOrigine>
</Attribut>
</TexturedSurface>
</RoofSurface >
<WallSurface  Id ="88556">
<TexturedSurface Id ="88557">
<Attribut>
<FaceType>Wall</FaceType>
<TextureRatio>2.37402</TextureRatio>
<ImageOrigine>3_6094.tif</ImageOrigine>
<CropImageOrigine>3963 3232 3898 3038
</CropImageOrigine>
</Attribut>
</TexturedSurface>
<TexturedSurface Id ="88560">
<Attribut>
<FaceType>Wall</FaceType>
<TextureRatio>2.3963</TextureRatio>
<ImageOrigine>1_6048.tif</ImageOrigine>
<CropImageOrigine>2069 72 1973 17
</CropImageOrigine>
</Attribut>
</TexturedSurface>
<TexturedSurface Id ="88563">
<Attribut>
<FaceType>Wall</FaceType>
<TextureRatio>1.97842</TextureRatio>
<ImageOrigine>3_6100.tif</ImageOrigine>
<CropImageOrigine>96 3973 14 3494
</CropImageOrigine>
</Attribut>
</TexturedSurface>
<TexturedSurface Id ="88566">
<Attribut>
<FaceType>Wall</FaceType>
<TextureRatio>2.7418</TextureRatio>
<ImageOrigine>3_6100.tif</ImageOrigine>
<CropImageOrigine>69 3539 1 3494
</CropImageOrigine>
</Attribut>
</TexturedSurface>
<TexturedSurface Id ="88569">
<Attribut>
<FaceType>Wall</FaceType>
<TextureRatio>2.68228</TextureRatio>
<ImageOrigine>2_6072.tif</ImageOrigine>
<CropImageOrigine>3932 2280 3879 2265
</CropImageOrigine>
</Attribut>
</TexturedSurface>
<TexturedSurface Id ="88572">
<Attribut>
<FaceType>Wall</FaceType>
<TextureRatio>2.20432</TextureRatio>
<ImageOrigine>2_6072.tif</ImageOrigine>
<CropImageOrigine>3927 2286 3877 2270
</CropImageOrigine>
</Attribut>
</TexturedSurface>
<TexturedSurface Id ="88575">
<Attribut>
<FaceType>Wall</FaceType>
<TextureRatio>1.65961</TextureRatio>
<ImageOrigine>3_6100.tif</ImageOrigine>
<CropImageOrigine>64 3526 5 3475
</CropImageOrigine>
</Attribut>
</TexturedSurface>
<TexturedSurface Id ="88578">
<Attribut>
<FaceType>Wall</FaceType>
<TextureRatio>2.14014</TextureRatio>
<ImageOrigine>3_6099.tif</ImageOrigine>
<CropImageOrigine>667 3230 622 3189
</CropImageOrigine>
</Attribut>
</TexturedSurface>
<TexturedSurface Id ="88581">
<Attribut>
<FaceType>Wall</FaceType>
<TextureRatio>3.04384</TextureRatio>
<ImageOrigine>3_6099.tif</ImageOrigine>
<CropImageOrigine>661 3228 546 3189
</CropImageOrigine>
</Attribut>
</TexturedSurface>
<TexturedSurface Id ="88584">
<Attribut>
<FaceType>Wall</FaceType>
<TextureRatio>2.08545</TextureRatio>
<ImageOrigine>3_6094.tif</ImageOrigine>
<CropImageOrigine>3933 2786 3877 2754
</CropImageOrigine>
</Attribut>
</TexturedSurface>
<TexturedSurface Id ="88587">
<Attribut>
<FaceType>Wall</FaceType>
<TextureRatio>1.99768</TextureRatio>
<ImageOrigine>3_6094.tif</ImageOrigine>
<CropImageOrigine>3927 2794 3875 2758
</CropImageOrigine>
</Attribut>
</TexturedSurface>
<TexturedSurface Id ="88590">
<Attribut>
<FaceType>Wall</FaceType>
<TextureRatio>2.19347</TextureRatio>
<ImageOrigine>2_6078.tif</ImageOrigine>
<CropImageOrigine>360 3183 312 3146
</CropImageOrigine>
</Attribut>
</TexturedSurface>
<TexturedSurface Id ="88593">
<Attribut>
<FaceType>Wall</FaceType>
<TextureRatio>2.06978</TextureRatio>
<ImageOrigine>2_6078.tif</ImageOrigine>
<CropImageOrigine>359 3177 306 3140
</CropImageOrigine>
</Attribut>
</TexturedSurface>
<TexturedSurface Id ="88596">
<Attribut>
<FaceType>Wall</FaceType>
<TextureRatio>3.35629</TextureRatio>
<ImageOrigine>3_6095.tif</ImageOrigine>
<CropImageOrigine>3344 3012 3296 2980
</CropImageOrigine>
</Attribut>
</TexturedSurface>
<TexturedSurface Id ="88599">
<Attribut>
<FaceType>Wall</FaceType>
<TextureRatio>2.37725</TextureRatio>
<ImageOrigine>3_6094.tif</ImageOrigine>
<CropImageOrigine>3947 3073 3872 2778
</CropImageOrigine>
</Attribut>
</TexturedSurface>
<TexturedSurface Id ="88602">
<Attribut>
<FaceType>Wall</FaceType>
<TextureRatio>4.38157</TextureRatio>
<ImageOrigine>2_6078.tif</ImageOrigine>
<CropImageOrigine>380 2898 331 2874
</CropImageOrigine>
</Attribut>
</TexturedSurface>
</WallSurface >
</BuildingPart >
</Building >
</CityModel>
</Chantier_Bati3D>
