<Chantier_Bati3D>
<Bbox>
<Xmin>533359.335</Xmin>
<Xmax>533369.550</Xmax>
<Ymin>152519.350</Ymin>
<Ymax>152554.750</Ymax>
<Zmin>394.416</Zmin>
<Zmax>407.410</Zmax>
</Bbox>
<CityModel Id ="80592">
<Building  Id ="81594">
<Attribut>
<centre>533364.443 147528.200</centre>
</Attribut>
<BuildingPart  Id ="81595">
<RoofSurface  Id ="81601">
<TexturedSurface Id ="81602">
<Attribut>
<FaceType>Roof</FaceType>
<TextureRatio>0.998503</TextureRatio>
<ImageOrigine>3_6100.tif</ImageOrigine>
<CropImageOrigine>95 3957 24 3718
</CropImageOrigine>
</Attribut>
</TexturedSurface>
</RoofSurface >
<WallSurface  Id ="88608">
<TexturedSurface Id ="88609">
<Attribut>
<FaceType>Wall</FaceType>
<TextureRatio>6.69167</TextureRatio>
<ImageOrigine>2_6076.tif</ImageOrigine>
<CropImageOrigine>1301 2645 1236 2631
</CropImageOrigine>
</Attribut>
</TexturedSurface>
<TexturedSurface Id ="88612">
<Attribut>
<FaceType>Wall</FaceType>
<TextureRatio>2.03112</TextureRatio>
<ImageOrigine>3_6100.tif</ImageOrigine>
<CropImageOrigine>135 3818 87 3681
</CropImageOrigine>
</Attribut>
</TexturedSurface>
<TexturedSurface Id ="88615">
<Attribut>
<FaceType>Wall</FaceType>
<TextureRatio>2.43907</TextureRatio>
<ImageOrigine>3_6100.tif</ImageOrigine>
<CropImageOrigine>129 3721 39 3681
</CropImageOrigine>
</Attribut>
</TexturedSurface>
<TexturedSurface Id ="88618">
<Attribut>
<FaceType>Wall</FaceType>
</Attribut>
</TexturedSurface>
<TexturedSurface Id ="88621">
<Attribut>
<FaceType>Wall</FaceType>
</Attribut>
</TexturedSurface>
<TexturedSurface Id ="88624">
<Attribut>
<FaceType>Wall</FaceType>
</Attribut>
</TexturedSurface>
<TexturedSurface Id ="88627">
<Attribut>
<FaceType>Wall</FaceType>
</Attribut>
</TexturedSurface>
<TexturedSurface Id ="88630">
<Attribut>
<FaceType>Wall</FaceType>
</Attribut>
</TexturedSurface>
<TexturedSurface Id ="88633">
<Attribut>
<FaceType>Wall</FaceType>
</Attribut>
</TexturedSurface>
<TexturedSurface Id ="88636">
<Attribut>
<FaceType>Wall</FaceType>
</Attribut>
</TexturedSurface>
<TexturedSurface Id ="88639">
<Attribut>
<FaceType>Wall</FaceType>
</Attribut>
</TexturedSurface>
<TexturedSurface Id ="88642">
<Attribut>
<FaceType>Wall</FaceType>
</Attribut>
</TexturedSurface>
</WallSurface >
</BuildingPart >
</Building >
</CityModel>
</Chantier_Bati3D>
