<Chantier_Bati3D>
<Bbox>
<Xmin>533253.650</Xmin>
<Xmax>533350.265</Xmax>
<Ymin>152519.350</Ymin>
<Ymax>152590.750</Ymax>
<Zmin>394.489</Zmin>
<Zmax>407.410</Zmax>
</Bbox>
<CityModel Id ="80592">
<Building  Id ="81605">
<Attribut>
<centre>533301.957 147546.200</centre>
</Attribut>
<BuildingPart  Id ="81606">
<RoofSurface  Id ="81612">
<TexturedSurface Id ="81613">
<Attribut>
<FaceType>Roof</FaceType>
<TextureRatio>1.00059</TextureRatio>
<ImageOrigine>3_6096.tif</ImageOrigine>
<CropImageOrigine>2773 3329 2071 2931
</CropImageOrigine>
</Attribut>
</TexturedSurface>
</RoofSurface >
<WallSurface  Id ="88648">
<TexturedSurface Id ="88649">
<Attribut>
<FaceType>Wall</FaceType>
</Attribut>
</TexturedSurface>
<TexturedSurface Id ="88652">
<Attribut>
<FaceType>Wall</FaceType>
</Attribut>
</TexturedSurface>
<TexturedSurface Id ="88655">
<Attribut>
<FaceType>Wall</FaceType>
</Attribut>
</TexturedSurface>
<TexturedSurface Id ="88658">
<Attribut>
<FaceType>Wall</FaceType>
</Attribut>
</TexturedSurface>
<TexturedSurface Id ="88661">
<Attribut>
<FaceType>Wall</FaceType>
</Attribut>
</TexturedSurface>
<TexturedSurface Id ="88664">
<Attribut>
<FaceType>Wall</FaceType>
</Attribut>
</TexturedSurface>
<TexturedSurface Id ="88667">
<Attribut>
<FaceType>Wall</FaceType>
</Attribut>
</TexturedSurface>
<TexturedSurface Id ="88670">
<Attribut>
<FaceType>Wall</FaceType>
</Attribut>
</TexturedSurface>
<TexturedSurface Id ="88673">
<Attribut>
<FaceType>Wall</FaceType>
<TextureRatio>2.57276</TextureRatio>
<ImageOrigine>2_6073.tif</ImageOrigine>
<CropImageOrigine>3485 2050 3453 2008
</CropImageOrigine>
</Attribut>
</TexturedSurface>
<TexturedSurface Id ="88676">
<Attribut>
<FaceType>Wall</FaceType>
<TextureRatio>6.72787</TextureRatio>
<ImageOrigine>2_6076.tif</ImageOrigine>
<CropImageOrigine>1863 2642 1816 2628
</CropImageOrigine>
</Attribut>
</TexturedSurface>
<TexturedSurface Id ="88679">
<Attribut>
<FaceType>Wall</FaceType>
<TextureRatio>2.64107</TextureRatio>
<ImageOrigine>2_6073.tif</ImageOrigine>
<CropImageOrigine>3444 2065 3413 2047
</CropImageOrigine>
</Attribut>
</TexturedSurface>
<TexturedSurface Id ="88682">
<Attribut>
<FaceType>Wall</FaceType>
<TextureRatio>6.57849</TextureRatio>
<ImageOrigine>2_6076.tif</ImageOrigine>
<CropImageOrigine>1819 2657 1813 2643
</CropImageOrigine>
</Attribut>
</TexturedSurface>
<TexturedSurface Id ="88685">
<Attribut>
<FaceType>Wall</FaceType>
<TextureRatio>2.87205</TextureRatio>
<ImageOrigine>2_6078.tif</ImageOrigine>
<CropImageOrigine>799 2909 772 2887
</CropImageOrigine>
</Attribut>
</TexturedSurface>
<TexturedSurface Id ="88688">
<Attribut>
<FaceType>Wall</FaceType>
<TextureRatio>2.99132</TextureRatio>
<ImageOrigine>2_6078.tif</ImageOrigine>
<CropImageOrigine>798 2904 768 2885
</CropImageOrigine>
</Attribut>
</TexturedSurface>
<TexturedSurface Id ="88691">
<Attribut>
<FaceType>Wall</FaceType>
<TextureRatio>4.45597</TextureRatio>
<ImageOrigine>2_6078.tif</ImageOrigine>
<CropImageOrigine>795 2902 725 2882
</CropImageOrigine>
</Attribut>
</TexturedSurface>
<TexturedSurface Id ="88694">
<Attribut>
<FaceType>Wall</FaceType>
<TextureRatio>3.31632</TextureRatio>
<ImageOrigine>2_6078.tif</ImageOrigine>
<CropImageOrigine>755 2899 725 2840
</CropImageOrigine>
</Attribut>
</TexturedSurface>
<TexturedSurface Id ="88697">
<Attribut>
<FaceType>Wall</FaceType>
<TextureRatio>2.82446</TextureRatio>
<ImageOrigine>2_6078.tif</ImageOrigine>
<CropImageOrigine>755 2857 726 2837
</CropImageOrigine>
</Attribut>
</TexturedSurface>
<TexturedSurface Id ="88700">
<Attribut>
<FaceType>Wall</FaceType>
<TextureRatio>2.7931</TextureRatio>
<ImageOrigine>2_6078.tif</ImageOrigine>
<CropImageOrigine>754 2854 724 2835
</CropImageOrigine>
</Attribut>
</TexturedSurface>
<TexturedSurface Id ="88703">
<Attribut>
<FaceType>Wall</FaceType>
<TextureRatio>4.64832</TextureRatio>
<ImageOrigine>2_6078.tif</ImageOrigine>
<CropImageOrigine>751 2851 648 2830
</CropImageOrigine>
</Attribut>
</TexturedSurface>
<TexturedSurface Id ="88706">
<Attribut>
<FaceType>Wall</FaceType>
<TextureRatio>5.85529</TextureRatio>
<ImageOrigine>2_6073.tif</ImageOrigine>
<CropImageOrigine>3319 2018 3288 2012
</CropImageOrigine>
</Attribut>
</TexturedSurface>
<TexturedSurface Id ="88709">
<Attribut>
<FaceType>Wall</FaceType>
<TextureRatio>3.01216</TextureRatio>
<ImageOrigine>2_6073.tif</ImageOrigine>
<CropImageOrigine>3316 2021 3286 2014
</CropImageOrigine>
</Attribut>
</TexturedSurface>
<TexturedSurface Id ="88712">
<Attribut>
<FaceType>Wall</FaceType>
<TextureRatio>2.26408</TextureRatio>
<ImageOrigine>3_6099.tif</ImageOrigine>
<CropImageOrigine>298 3568 259 3492
</CropImageOrigine>
</Attribut>
</TexturedSurface>
<TexturedSurface Id ="88715">
<Attribut>
<FaceType>Wall</FaceType>
<TextureRatio>4.46648</TextureRatio>
<ImageOrigine>2_6078.tif</ImageOrigine>
<CropImageOrigine>669 2894 596 2875
</CropImageOrigine>
</Attribut>
</TexturedSurface>
<TexturedSurface Id ="88718">
<Attribut>
<FaceType>Wall</FaceType>
<TextureRatio>6.07108</TextureRatio>
<ImageOrigine>2_6074.tif</ImageOrigine>
<CropImageOrigine>2571 2345 2553 2334
</CropImageOrigine>
</Attribut>
</TexturedSurface>
<TexturedSurface Id ="88721">
<Attribut>
<FaceType>Wall</FaceType>
<TextureRatio>4.91712</TextureRatio>
<ImageOrigine>2_6074.tif</ImageOrigine>
<CropImageOrigine>2567 2349 2551 2336
</CropImageOrigine>
</Attribut>
</TexturedSurface>
<TexturedSurface Id ="88724">
<Attribut>
<FaceType>Wall</FaceType>
<TextureRatio>6.5789</TextureRatio>
<ImageOrigine>2_6076.tif</ImageOrigine>
<CropImageOrigine>1638 2657 1628 2643
</CropImageOrigine>
</Attribut>
</TexturedSurface>
<TexturedSurface Id ="88727">
<Attribut>
<FaceType>Wall</FaceType>
<TextureRatio>2.99613</TextureRatio>
<ImageOrigine>2_6078.tif</ImageOrigine>
<CropImageOrigine>618 2898 587 2866
</CropImageOrigine>
</Attribut>
</TexturedSurface>
<TexturedSurface Id ="88730">
<Attribut>
<FaceType>Wall</FaceType>
<TextureRatio>4.50777</TextureRatio>
<ImageOrigine>2_6078.tif</ImageOrigine>
<CropImageOrigine>618 2883 343 2852
</CropImageOrigine>
</Attribut>
</TexturedSurface>
<TexturedSurface Id ="88733">
<Attribut>
<FaceType>Wall</FaceType>
<TextureRatio>2.38193</TextureRatio>
<ImageOrigine>3_6094.tif</ImageOrigine>
<CropImageOrigine>3951 3218 3900 3059
</CropImageOrigine>
</Attribut>
</TexturedSurface>
<TexturedSurface Id ="88736">
<Attribut>
<FaceType>Wall</FaceType>
</Attribut>
</TexturedSurface>
<TexturedSurface Id ="88739">
<Attribut>
<FaceType>Wall</FaceType>
</Attribut>
</TexturedSurface>
<TexturedSurface Id ="88742">
<Attribut>
<FaceType>Wall</FaceType>
</Attribut>
</TexturedSurface>
<TexturedSurface Id ="88745">
<Attribut>
<FaceType>Wall</FaceType>
</Attribut>
</TexturedSurface>
<TexturedSurface Id ="88748">
<Attribut>
<FaceType>Wall</FaceType>
</Attribut>
</TexturedSurface>
<TexturedSurface Id ="88751">
<Attribut>
<FaceType>Wall</FaceType>
</Attribut>
</TexturedSurface>
<TexturedSurface Id ="88754">
<Attribut>
<FaceType>Wall</FaceType>
</Attribut>
</TexturedSurface>
<TexturedSurface Id ="88757">
<Attribut>
<FaceType>Wall</FaceType>
</Attribut>
</TexturedSurface>
<TexturedSurface Id ="88760">
<Attribut>
<FaceType>Wall</FaceType>
</Attribut>
</TexturedSurface>
<TexturedSurface Id ="88763">
<Attribut>
<FaceType>Wall</FaceType>
</Attribut>
</TexturedSurface>
<TexturedSurface Id ="88766">
<Attribut>
<FaceType>Wall</FaceType>
</Attribut>
</TexturedSurface>
<TexturedSurface Id ="88769">
<Attribut>
<FaceType>Wall</FaceType>
</Attribut>
</TexturedSurface>
<TexturedSurface Id ="88772">
<Attribut>
<FaceType>Wall</FaceType>
<TextureRatio>3.03795</TextureRatio>
<ImageOrigine>3_6097.tif</ImageOrigine>
<CropImageOrigine>1934 3082 1838 3052
</CropImageOrigine>
</Attribut>
</TexturedSurface>
<TexturedSurface Id ="88775">
<Attribut>
<FaceType>Wall</FaceType>
</Attribut>
</TexturedSurface>
<TexturedSurface Id ="88778">
<Attribut>
<FaceType>Wall</FaceType>
</Attribut>
</TexturedSurface>
<TexturedSurface Id ="88781">
<Attribut>
<FaceType>Wall</FaceType>
</Attribut>
</TexturedSurface>
<TexturedSurface Id ="88784">
<Attribut>
<FaceType>Wall</FaceType>
</Attribut>
</TexturedSurface>
<TexturedSurface Id ="88787">
<Attribut>
<FaceType>Wall</FaceType>
</Attribut>
</TexturedSurface>
<TexturedSurface Id ="88790">
<Attribut>
<FaceType>Wall</FaceType>
</Attribut>
</TexturedSurface>
<TexturedSurface Id ="88793">
<Attribut>
<FaceType>Wall</FaceType>
</Attribut>
</TexturedSurface>
<TexturedSurface Id ="88796">
<Attribut>
<FaceType>Wall</FaceType>
</Attribut>
</TexturedSurface>
<TexturedSurface Id ="88799">
<Attribut>
<FaceType>Wall</FaceType>
</Attribut>
</TexturedSurface>
<TexturedSurface Id ="88802">
<Attribut>
<FaceType>Wall</FaceType>
</Attribut>
</TexturedSurface>
<TexturedSurface Id ="88805">
<Attribut>
<FaceType>Wall</FaceType>
<TextureRatio>2.91398</TextureRatio>
<ImageOrigine>3_6095.tif</ImageOrigine>
<CropImageOrigine>3155 3231 3085 3197
</CropImageOrigine>
</Attribut>
</TexturedSurface>
<TexturedSurface Id ="88808">
<Attribut>
<FaceType>Wall</FaceType>
<TextureRatio>2.76424</TextureRatio>
<ImageOrigine>3_6094.tif</ImageOrigine>
<CropImageOrigine>3690 3031 3654 2991
</CropImageOrigine>
</Attribut>
</TexturedSurface>
<TexturedSurface Id ="88811">
<Attribut>
<FaceType>Wall</FaceType>
<TextureRatio>2.97723</TextureRatio>
<ImageOrigine>3_6096.tif</ImageOrigine>
<CropImageOrigine>2490 3148 2477 3120
</CropImageOrigine>
</Attribut>
</TexturedSurface>
<TexturedSurface Id ="88814">
<Attribut>
<FaceType>Wall</FaceType>
<TextureRatio>5.0794</TextureRatio>
<ImageOrigine>3_6097.tif</ImageOrigine>
<CropImageOrigine>1693 3097 1683 3065
</CropImageOrigine>
</Attribut>
</TexturedSurface>
<TexturedSurface Id ="88817">
<Attribut>
<FaceType>Wall</FaceType>
<TextureRatio>2.95194</TextureRatio>
<ImageOrigine>3_6097.tif</ImageOrigine>
<CropImageOrigine>1691 3092 1679 3063
</CropImageOrigine>
</Attribut>
</TexturedSurface>
<TexturedSurface Id ="88820">
<Attribut>
<FaceType>Wall</FaceType>
<TextureRatio>2.62233</TextureRatio>
<ImageOrigine>3_6099.tif</ImageOrigine>
<CropImageOrigine>335 3444 225 3410
</CropImageOrigine>
</Attribut>
</TexturedSurface>
<TexturedSurface Id ="88823">
<Attribut>
<FaceType>Wall</FaceType>
<TextureRatio>2.2753</TextureRatio>
<ImageOrigine>3_6094.tif</ImageOrigine>
<CropImageOrigine>3606 3037 3572 3009
</CropImageOrigine>
</Attribut>
</TexturedSurface>
<TexturedSurface Id ="88826">
<Attribut>
<FaceType>Wall</FaceType>
<TextureRatio>2.05801</TextureRatio>
<ImageOrigine>3_6094.tif</ImageOrigine>
<CropImageOrigine>3603 3039 3570 3010
</CropImageOrigine>
</Attribut>
</TexturedSurface>
<TexturedSurface Id ="88829">
<Attribut>
<FaceType>Wall</FaceType>
<TextureRatio>2.75612</TextureRatio>
<ImageOrigine>3_6094.tif</ImageOrigine>
<CropImageOrigine>3603 3048 3570 3013
</CropImageOrigine>
</Attribut>
</TexturedSurface>
<TexturedSurface Id ="88832">
<Attribut>
<FaceType>Wall</FaceType>
<TextureRatio>2.96507</TextureRatio>
<ImageOrigine>3_6096.tif</ImageOrigine>
<CropImageOrigine>2402 3172 2359 3139
</CropImageOrigine>
</Attribut>
</TexturedSurface>
<TexturedSurface Id ="88835">
<Attribut>
<FaceType>Wall</FaceType>
<TextureRatio>2.08917</TextureRatio>
<ImageOrigine>3_6099.tif</ImageOrigine>
<CropImageOrigine>223 3455 183 3415
</CropImageOrigine>
</Attribut>
</TexturedSurface>
<TexturedSurface Id ="88838">
<Attribut>
<FaceType>Wall</FaceType>
<TextureRatio>1.67733</TextureRatio>
<ImageOrigine>3_6099.tif</ImageOrigine>
<CropImageOrigine>222 3447 182 3412
</CropImageOrigine>
</Attribut>
</TexturedSurface>
<TexturedSurface Id ="88841">
<Attribut>
<FaceType>Wall</FaceType>
<TextureRatio>1.85412</TextureRatio>
<ImageOrigine>3_6099.tif</ImageOrigine>
<CropImageOrigine>220 3445 179 3411
</CropImageOrigine>
</Attribut>
</TexturedSurface>
<TexturedSurface Id ="88844">
<Attribut>
<FaceType>Wall</FaceType>
<TextureRatio>2.61944</TextureRatio>
<ImageOrigine>3_6099.tif</ImageOrigine>
<CropImageOrigine>217 3445 128 3411
</CropImageOrigine>
</Attribut>
</TexturedSurface>
<TexturedSurface Id ="88847">
<Attribut>
<FaceType>Wall</FaceType>
<TextureRatio>2.56883</TextureRatio>
<ImageOrigine>3_6095.tif</ImageOrigine>
<CropImageOrigine>2929 3267 2906 3237
</CropImageOrigine>
</Attribut>
</TexturedSurface>
<TexturedSurface Id ="88850">
<Attribut>
<FaceType>Wall</FaceType>
<TextureRatio>7.81309</TextureRatio>
<ImageOrigine>3_6096.tif</ImageOrigine>
<CropImageOrigine>2306 3176 2299 3143
</CropImageOrigine>
</Attribut>
</TexturedSurface>
<TexturedSurface Id ="88853">
<Attribut>
<FaceType>Wall</FaceType>
<TextureRatio>3.00575</TextureRatio>
<ImageOrigine>3_6097.tif</ImageOrigine>
<CropImageOrigine>1514 3100 1499 3071
</CropImageOrigine>
</Attribut>
</TexturedSurface>
<TexturedSurface Id ="88856">
<Attribut>
<FaceType>Wall</FaceType>
<TextureRatio>2.106</TextureRatio>
<ImageOrigine>3_6099.tif</ImageOrigine>
<CropImageOrigine>159 3450 119 3404
</CropImageOrigine>
</Attribut>
</TexturedSurface>
<TexturedSurface Id ="88859">
<Attribut>
<FaceType>Wall</FaceType>
<TextureRatio>2.6357</TextureRatio>
<ImageOrigine>3_6099.tif</ImageOrigine>
<CropImageOrigine>159 3437 71 3404
</CropImageOrigine>
</Attribut>
</TexturedSurface>
<TexturedSurface Id ="88862">
<Attribut>
<FaceType>Wall</FaceType>
</Attribut>
</TexturedSurface>
<TexturedSurface Id ="88865">
<Attribut>
<FaceType>Wall</FaceType>
<TextureRatio>5.16688</TextureRatio>
<ImageOrigine>2_6076.tif</ImageOrigine>
<CropImageOrigine>1866 2834 1816 2817
</CropImageOrigine>
</Attribut>
</TexturedSurface>
<TexturedSurface Id ="88868">
<Attribut>
<FaceType>Wall</FaceType>
<TextureRatio>2.10608</TextureRatio>
<ImageOrigine>3_6099.tif</ImageOrigine>
<CropImageOrigine>156 3345 112 3217
</CropImageOrigine>
</Attribut>
</TexturedSurface>
<TexturedSurface Id ="88871">
<Attribut>
<FaceType>Wall</FaceType>
<TextureRatio>3.00272</TextureRatio>
<ImageOrigine>3_6099.tif</ImageOrigine>
<CropImageOrigine>152 3246 63 3217
</CropImageOrigine>
</Attribut>
</TexturedSurface>
<TexturedSurface Id ="88874">
<Attribut>
<FaceType>Wall</FaceType>
<TextureRatio>2.05597</TextureRatio>
<ImageOrigine>3_6099.tif</ImageOrigine>
<CropImageOrigine>104 3245 61 3170
</CropImageOrigine>
</Attribut>
</TexturedSurface>
<TexturedSurface Id ="88877">
<Attribut>
<FaceType>Wall</FaceType>
<TextureRatio>3.41357</TextureRatio>
<ImageOrigine>3_6098.tif</ImageOrigine>
<CropImageOrigine>822 3147 693 3117
</CropImageOrigine>
</Attribut>
</TexturedSurface>
<TexturedSurface Id ="88880">
<Attribut>
<FaceType>Wall</FaceType>
<TextureRatio>2.58991</TextureRatio>
<ImageOrigine>2_6079.tif</ImageOrigine>
<CropImageOrigine>84 3500 45 3422
</CropImageOrigine>
</Attribut>
</TexturedSurface>
<TexturedSurface Id ="88883">
<Attribut>
<FaceType>Wall</FaceType>
<TextureRatio>3.36634</TextureRatio>
<ImageOrigine>3_6095.tif</ImageOrigine>
<CropImageOrigine>2744 3094 2681 3063
</CropImageOrigine>
</Attribut>
</TexturedSurface>
<TexturedSurface Id ="88886">
<Attribut>
<FaceType>Wall</FaceType>
<TextureRatio>2.66859</TextureRatio>
<ImageOrigine>2_6079.tif</ImageOrigine>
<CropImageOrigine>140 3452 99 3321
</CropImageOrigine>
</Attribut>
</TexturedSurface>
<TexturedSurface Id ="88889">
<Attribut>
<FaceType>Wall</FaceType>
<TextureRatio>3.20021</TextureRatio>
<ImageOrigine>2_6079.tif</ImageOrigine>
<CropImageOrigine>140 3347 53 3319
</CropImageOrigine>
</Attribut>
</TexturedSurface>
<TexturedSurface Id ="88892">
<Attribut>
<FaceType>Wall</FaceType>
</Attribut>
</TexturedSurface>
<TexturedSurface Id ="88895">
<Attribut>
<FaceType>Wall</FaceType>
<TextureRatio>2.91366</TextureRatio>
<ImageOrigine>3_6095.tif</ImageOrigine>
<CropImageOrigine>2769 3286 2706 3251
</CropImageOrigine>
</Attribut>
</TexturedSurface>
<TexturedSurface Id ="88898">
<Attribut>
<FaceType>Wall</FaceType>
<TextureRatio>2.66859</TextureRatio>
<ImageOrigine>2_6079.tif</ImageOrigine>
<CropImageOrigine>150 3252 109 3125
</CropImageOrigine>
</Attribut>
</TexturedSurface>
<TexturedSurface Id ="88901">
<Attribut>
<FaceType>Wall</FaceType>
<TextureRatio>3.74682</TextureRatio>
<ImageOrigine>2_6079.tif</ImageOrigine>
<CropImageOrigine>150 3147 65 3123
</CropImageOrigine>
</Attribut>
</TexturedSurface>
<TexturedSurface Id ="88904">
<Attribut>
<FaceType>Wall</FaceType>
</Attribut>
</TexturedSurface>
<TexturedSurface Id ="88907">
<Attribut>
<FaceType>Wall</FaceType>
</Attribut>
</TexturedSurface>
<TexturedSurface Id ="88910">
<Attribut>
<FaceType>Wall</FaceType>
</Attribut>
</TexturedSurface>
<TexturedSurface Id ="88913">
<Attribut>
<FaceType>Wall</FaceType>
</Attribut>
</TexturedSurface>
<TexturedSurface Id ="88916">
<Attribut>
<FaceType>Wall</FaceType>
</Attribut>
</TexturedSurface>
<TexturedSurface Id ="88919">
<Attribut>
<FaceType>Wall</FaceType>
</Attribut>
</TexturedSurface>
<TexturedSurface Id ="88922">
<Attribut>
<FaceType>Wall</FaceType>
</Attribut>
</TexturedSurface>
<TexturedSurface Id ="88925">
<Attribut>
<FaceType>Wall</FaceType>
</Attribut>
</TexturedSurface>
<TexturedSurface Id ="88928">
<Attribut>
<FaceType>Wall</FaceType>
</Attribut>
</TexturedSurface>
<TexturedSurface Id ="88931">
<Attribut>
<FaceType>Wall</FaceType>
</Attribut>
</TexturedSurface>
<TexturedSurface Id ="88934">
<Attribut>
<FaceType>Wall</FaceType>
</Attribut>
</TexturedSurface>
<TexturedSurface Id ="88937">
<Attribut>
<FaceType>Wall</FaceType>
</Attribut>
</TexturedSurface>
<TexturedSurface Id ="88940">
<Attribut>
<FaceType>Wall</FaceType>
</Attribut>
</TexturedSurface>
<TexturedSurface Id ="88943">
<Attribut>
<FaceType>Wall</FaceType>
</Attribut>
</TexturedSurface>
<TexturedSurface Id ="88946">
<Attribut>
<FaceType>Wall</FaceType>
</Attribut>
</TexturedSurface>
<TexturedSurface Id ="88949">
<Attribut>
<FaceType>Wall</FaceType>
</Attribut>
</TexturedSurface>
<TexturedSurface Id ="88952">
<Attribut>
<FaceType>Wall</FaceType>
</Attribut>
</TexturedSurface>
<TexturedSurface Id ="88955">
<Attribut>
<FaceType>Wall</FaceType>
</Attribut>
</TexturedSurface>
<TexturedSurface Id ="88958">
<Attribut>
<FaceType>Wall</FaceType>
</Attribut>
</TexturedSurface>
<TexturedSurface Id ="88961">
<Attribut>
<FaceType>Wall</FaceType>
</Attribut>
</TexturedSurface>
<TexturedSurface Id ="88964">
<Attribut>
<FaceType>Wall</FaceType>
</Attribut>
</TexturedSurface>
<TexturedSurface Id ="88967">
<Attribut>
<FaceType>Wall</FaceType>
</Attribut>
</TexturedSurface>
<TexturedSurface Id ="88970">
<Attribut>
<FaceType>Wall</FaceType>
</Attribut>
</TexturedSurface>
<TexturedSurface Id ="88973">
<Attribut>
<FaceType>Wall</FaceType>
</Attribut>
</TexturedSurface>
<TexturedSurface Id ="88976">
<Attribut>
<FaceType>Wall</FaceType>
</Attribut>
</TexturedSurface>
<TexturedSurface Id ="88979">
<Attribut>
<FaceType>Wall</FaceType>
</Attribut>
</TexturedSurface>
<TexturedSurface Id ="88982">
<Attribut>
<FaceType>Wall</FaceType>
</Attribut>
</TexturedSurface>
<TexturedSurface Id ="88985">
<Attribut>
<FaceType>Wall</FaceType>
</Attribut>
</TexturedSurface>
<TexturedSurface Id ="88988">
<Attribut>
<FaceType>Wall</FaceType>
</Attribut>
</TexturedSurface>
<TexturedSurface Id ="88991">
<Attribut>
<FaceType>Wall</FaceType>
</Attribut>
</TexturedSurface>
<TexturedSurface Id ="88994">
<Attribut>
<FaceType>Wall</FaceType>
</Attribut>
</TexturedSurface>
<TexturedSurface Id ="88997">
<Attribut>
<FaceType>Wall</FaceType>
</Attribut>
</TexturedSurface>
<TexturedSurface Id ="89000">
<Attribut>
<FaceType>Wall</FaceType>
</Attribut>
</TexturedSurface>
<TexturedSurface Id ="89003">
<Attribut>
<FaceType>Wall</FaceType>
</Attribut>
</TexturedSurface>
<TexturedSurface Id ="89006">
<Attribut>
<FaceType>Wall</FaceType>
</Attribut>
</TexturedSurface>
<TexturedSurface Id ="89009">
<Attribut>
<FaceType>Wall</FaceType>
</Attribut>
</TexturedSurface>
<TexturedSurface Id ="89012">
<Attribut>
<FaceType>Wall</FaceType>
</Attribut>
</TexturedSurface>
<TexturedSurface Id ="89015">
<Attribut>
<FaceType>Wall</FaceType>
</Attribut>
</TexturedSurface>
<TexturedSurface Id ="89018">
<Attribut>
<FaceType>Wall</FaceType>
</Attribut>
</TexturedSurface>
<TexturedSurface Id ="89021">
<Attribut>
<FaceType>Wall</FaceType>
</Attribut>
</TexturedSurface>
<TexturedSurface Id ="89024">
<Attribut>
<FaceType>Wall</FaceType>
</Attribut>
</TexturedSurface>
<TexturedSurface Id ="89027">
<Attribut>
<FaceType>Wall</FaceType>
</Attribut>
</TexturedSurface>
<TexturedSurface Id ="89030">
<Attribut>
<FaceType>Wall</FaceType>
</Attribut>
</TexturedSurface>
<TexturedSurface Id ="89033">
<Attribut>
<FaceType>Wall</FaceType>
</Attribut>
</TexturedSurface>
<TexturedSurface Id ="89036">
<Attribut>
<FaceType>Wall</FaceType>
</Attribut>
</TexturedSurface>
<TexturedSurface Id ="89039">
<Attribut>
<FaceType>Wall</FaceType>
</Attribut>
</TexturedSurface>
<TexturedSurface Id ="89042">
<Attribut>
<FaceType>Wall</FaceType>
</Attribut>
</TexturedSurface>
<TexturedSurface Id ="89045">
<Attribut>
<FaceType>Wall</FaceType>
</Attribut>
</TexturedSurface>
<TexturedSurface Id ="89048">
<Attribut>
<FaceType>Wall</FaceType>
</Attribut>
</TexturedSurface>
<TexturedSurface Id ="89051">
<Attribut>
<FaceType>Wall</FaceType>
</Attribut>
</TexturedSurface>
<TexturedSurface Id ="89054">
<Attribut>
<FaceType>Wall</FaceType>
</Attribut>
</TexturedSurface>
<TexturedSurface Id ="89057">
<Attribut>
<FaceType>Wall</FaceType>
</Attribut>
</TexturedSurface>
<TexturedSurface Id ="89060">
<Attribut>
<FaceType>Wall</FaceType>
</Attribut>
</TexturedSurface>
</WallSurface >
</BuildingPart >
</Building >
</CityModel>
</Chantier_Bati3D>
