<Chantier_Bati3D>
<Bbox>
<Xmin>533068.211</Xmin>
<Xmax>533093.441</Xmax>
<Ymin>152321.144</Ymin>
<Ymax>152348.340</Ymax>
<Zmin>394.860</Zmin>
<Zmax>399.170</Zmax>
</Bbox>
<CityModel Id ="80592">
<Building  Id ="81616">
<Attribut>
<centre>533080.826 147424.995</centre>
</Attribut>
<BuildingPart  Id ="81617">
<RoofSurface  Id ="81623">
<TexturedSurface Id ="81624">
<Attribut>
<FaceType>Roof</FaceType>
<TextureRatio>1.00025</TextureRatio>
<ImageOrigine>2_6079.tif</ImageOrigine>
<CropImageOrigine>1489 1888 1315 1697
</CropImageOrigine>
</Attribut>
</TexturedSurface>
</RoofSurface >
<WallSurface  Id ="89066">
<TexturedSurface Id ="89067">
<Attribut>
<FaceType>Wall</FaceType>
<TextureRatio>7.68424</TextureRatio>
<ImageOrigine>1_6048.tif</ImageOrigine>
<CropImageOrigine>550 1455 387 1438
</CropImageOrigine>
</Attribut>
</TexturedSurface>
<TexturedSurface Id ="89070">
<Attribut>
<FaceType>Wall</FaceType>
<TextureRatio>1.94322</TextureRatio>
<ImageOrigine>2_6074.tif</ImageOrigine>
<CropImageOrigine>3961 1013 3946 954
</CropImageOrigine>
</Attribut>
</TexturedSurface>
<TexturedSurface Id ="89073">
<Attribut>
<FaceType>Wall</FaceType>
<TextureRatio>4.27904</TextureRatio>
<ImageOrigine>2_6074.tif</ImageOrigine>
<CropImageOrigine>4053 1016 3946 1006
</CropImageOrigine>
</Attribut>
</TexturedSurface>
<TexturedSurface Id ="89076">
<Attribut>
<FaceType>Wall</FaceType>
<TextureRatio>1.86017</TextureRatio>
<ImageOrigine>2_6074.tif</ImageOrigine>
<CropImageOrigine>4052 1053 4037 1009
</CropImageOrigine>
</Attribut>
</TexturedSurface>
<TexturedSurface Id ="89079">
<Attribut>
<FaceType>Wall</FaceType>
<TextureRatio>6.65601</TextureRatio>
<ImageOrigine>1_6048.tif</ImageOrigine>
<CropImageOrigine>510 1365 440 1355
</CropImageOrigine>
</Attribut>
</TexturedSurface>
<TexturedSurface Id ="89082">
<Attribut>
<FaceType>Wall</FaceType>
<TextureRatio>1.91448</TextureRatio>
<ImageOrigine>2_6074.tif</ImageOrigine>
<CropImageOrigine>3990 1091 3975 1045
</CropImageOrigine>
</Attribut>
</TexturedSurface>
<TexturedSurface Id ="89085">
<Attribut>
<FaceType>Wall</FaceType>
<TextureRatio>4.64393</TextureRatio>
<ImageOrigine>2_6074.tif</ImageOrigine>
<CropImageOrigine>4033 1092 3975 1084
</CropImageOrigine>
</Attribut>
</TexturedSurface>
<TexturedSurface Id ="89088">
<Attribut>
<FaceType>Wall</FaceType>
<TextureRatio>1.87584</TextureRatio>
<ImageOrigine>2_6074.tif</ImageOrigine>
<CropImageOrigine>4032 1136 4017 1086
</CropImageOrigine>
</Attribut>
</TexturedSurface>
<TexturedSurface Id ="89091">
<Attribut>
<FaceType>Wall</FaceType>
<TextureRatio>4.88717</TextureRatio>
<ImageOrigine>2_6074.tif</ImageOrigine>
<CropImageOrigine>4070 1138 4017 1131
</CropImageOrigine>
</Attribut>
</TexturedSurface>
<TexturedSurface Id ="89094">
<Attribut>
<FaceType>Wall</FaceType>
<TextureRatio>2.75855</TextureRatio>
<ImageOrigine>2_6081.tif</ImageOrigine>
<CropImageOrigine>531 2534 514 2487
</CropImageOrigine>
</Attribut>
</TexturedSurface>
<TexturedSurface Id ="89097">
<Attribut>
<FaceType>Wall</FaceType>
<TextureRatio>6.26468</TextureRatio>
<ImageOrigine>2_6076.tif</ImageOrigine>
<CropImageOrigine>3229 1334 3175 1329
</CropImageOrigine>
</Attribut>
</TexturedSurface>
<TexturedSurface Id ="89100">
<Attribut>
<FaceType>Wall</FaceType>
<TextureRatio>2.84463</TextureRatio>
<ImageOrigine>2_6081.tif</ImageOrigine>
<CropImageOrigine>570 2481 554 2439
</CropImageOrigine>
</Attribut>
</TexturedSurface>
<TexturedSurface Id ="89103">
<Attribut>
<FaceType>Wall</FaceType>
<TextureRatio>7.8523</TextureRatio>
<ImageOrigine>1_6043.tif</ImageOrigine>
<CropImageOrigine>3566 1129 3513 1117
</CropImageOrigine>
</Attribut>
</TexturedSurface>
<TexturedSurface Id ="89106">
<Attribut>
<FaceType>Wall</FaceType>
<TextureRatio>2.75932</TextureRatio>
<ImageOrigine>2_6081.tif</ImageOrigine>
<CropImageOrigine>519 2447 503 2408
</CropImageOrigine>
</Attribut>
</TexturedSurface>
<TexturedSurface Id ="89109">
<Attribut>
<FaceType>Wall</FaceType>
<TextureRatio>5.61152</TextureRatio>
<ImageOrigine>2_6076.tif</ImageOrigine>
<CropImageOrigine>3229 1256 3175 1250
</CropImageOrigine>
</Attribut>
</TexturedSurface>
<TexturedSurface Id ="89112">
<Attribut>
<FaceType>Wall</FaceType>
<TextureRatio>2.84438</TextureRatio>
<ImageOrigine>2_6081.tif</ImageOrigine>
<CropImageOrigine>559 2402 541 2347
</CropImageOrigine>
</Attribut>
</TexturedSurface>
</WallSurface >
</BuildingPart >
</Building >
</CityModel>
</Chantier_Bati3D>
