<Chantier_Bati3D>
<Bbox>
<Xmin>532958.866</Xmin>
<Xmax>533059.460</Xmax>
<Ymin>152416.051</Ymin>
<Ymax>152511.175</Ymax>
<Zmin>395.762</Zmin>
<Zmax>399.320</Zmax>
</Bbox>
<CityModel Id ="80592">
<Building  Id ="81627">
<Attribut>
<centre>533009.163 147506.412</centre>
</Attribut>
<BuildingPart  Id ="81628">
<RoofSurface  Id ="81634">
<TexturedSurface Id ="81635">
<Attribut>
<FaceType>Roof</FaceType>
<TextureRatio>0.99879</TextureRatio>
<ImageOrigine>2_6079.tif</ImageOrigine>
<CropImageOrigine>2174 3008 1492 2353
</CropImageOrigine>
</Attribut>
</TexturedSurface>
</RoofSurface >
<WallSurface  Id ="89118">
<TexturedSurface Id ="89119">
<Attribut>
<FaceType>Wall</FaceType>
</Attribut>
</TexturedSurface>
<TexturedSurface Id ="89122">
<Attribut>
<FaceType>Wall</FaceType>
</Attribut>
</TexturedSurface>
<TexturedSurface Id ="89125">
<Attribut>
<FaceType>Wall</FaceType>
<TextureRatio>2.08414</TextureRatio>
<ImageOrigine>3_6096.tif</ImageOrigine>
<CropImageOrigine>366 4048 358 4033
</CropImageOrigine>
</Attribut>
</TexturedSurface>
<TexturedSurface Id ="89128">
<Attribut>
<FaceType>Wall</FaceType>
<TextureRatio>10.4103</TextureRatio>
<ImageOrigine>1_6043.tif</ImageOrigine>
<CropImageOrigine>2844 420 2823 390
</CropImageOrigine>
</Attribut>
</TexturedSurface>
<TexturedSurface Id ="89131">
<Attribut>
<FaceType>Wall</FaceType>
<TextureRatio>3.05462</TextureRatio>
<ImageOrigine>1_6042.tif</ImageOrigine>
<CropImageOrigine>3667 59 3654 50
</CropImageOrigine>
</Attribut>
</TexturedSurface>
<TexturedSurface Id ="89134">
<Attribut>
<FaceType>Wall</FaceType>
<TextureRatio>2.91614</TextureRatio>
<ImageOrigine>2_6076.tif</ImageOrigine>
<CropImageOrigine>3808 2172 3780 2151
</CropImageOrigine>
</Attribut>
</TexturedSurface>
<TexturedSurface Id ="89137">
<Attribut>
<FaceType>Wall</FaceType>
<TextureRatio>2.13577</TextureRatio>
<ImageOrigine>3_6096.tif</ImageOrigine>
<CropImageOrigine>405 3995 396 3980
</CropImageOrigine>
</Attribut>
</TexturedSurface>
<TexturedSurface Id ="89140">
<Attribut>
<FaceType>Wall</FaceType>
<TextureRatio>6.62444</TextureRatio>
<ImageOrigine>2_6079.tif</ImageOrigine>
<CropImageOrigine>2024 2761 2000 2736
</CropImageOrigine>
</Attribut>
</TexturedSurface>
<TexturedSurface Id ="89143">
<Attribut>
<FaceType>Wall</FaceType>
<TextureRatio>3.06431</TextureRatio>
<ImageOrigine>1_6043.tif</ImageOrigine>
<CropImageOrigine>2888 345 2879 337
</CropImageOrigine>
</Attribut>
</TexturedSurface>
<TexturedSurface Id ="89146">
<Attribut>
<FaceType>Wall</FaceType>
<TextureRatio>10.5089</TextureRatio>
<ImageOrigine>1_6043.tif</ImageOrigine>
<CropImageOrigine>2901 344 2885 320
</CropImageOrigine>
</Attribut>
</TexturedSurface>
<TexturedSurface Id ="89149">
<Attribut>
<FaceType>Wall</FaceType>
<TextureRatio>4.93173</TextureRatio>
<ImageOrigine>2_6081.tif</ImageOrigine>
<CropImageOrigine>1229 3298 1219 3291
</CropImageOrigine>
</Attribut>
</TexturedSurface>
<TexturedSurface Id ="89152">
<Attribut>
<FaceType>Wall</FaceType>
<TextureRatio>2.92371</TextureRatio>
<ImageOrigine>2_6076.tif</ImageOrigine>
<CropImageOrigine>3741 2221 3727 2213
</CropImageOrigine>
</Attribut>
</TexturedSurface>
<TexturedSurface Id ="89155">
<Attribut>
<FaceType>Wall</FaceType>
</Attribut>
</TexturedSurface>
<TexturedSurface Id ="89158">
<Attribut>
<FaceType>Wall</FaceType>
<TextureRatio>2.42903</TextureRatio>
<ImageOrigine>2_6082.tif</ImageOrigine>
<CropImageOrigine>338 2972 322 2962
</CropImageOrigine>
</Attribut>
</TexturedSurface>
<TexturedSurface Id ="89161">
<Attribut>
<FaceType>Wall</FaceType>
<TextureRatio>2.9714</TextureRatio>
<ImageOrigine>1_6046.tif</ImageOrigine>
<CropImageOrigine>753 454 742 447
</CropImageOrigine>
</Attribut>
</TexturedSurface>
<TexturedSurface Id ="89164">
<Attribut>
<FaceType>Wall</FaceType>
<TextureRatio>10.7941</TextureRatio>
<ImageOrigine>2_6079.tif</ImageOrigine>
<CropImageOrigine>1931 2772 1915 2753
</CropImageOrigine>
</Attribut>
</TexturedSurface>
<TexturedSurface Id ="89167">
<Attribut>
<FaceType>Wall</FaceType>
<TextureRatio>3.00095</TextureRatio>
<ImageOrigine>1_6046.tif</ImageOrigine>
<CropImageOrigine>775 466 763 460
</CropImageOrigine>
</Attribut>
</TexturedSurface>
<TexturedSurface Id ="89170">
<Attribut>
<FaceType>Wall</FaceType>
<TextureRatio>7.07943</TextureRatio>
<ImageOrigine>1_6045.tif</ImageOrigine>
<CropImageOrigine>1437 537 1412 513
</CropImageOrigine>
</Attribut>
</TexturedSurface>
<TexturedSurface Id ="89173">
<Attribut>
<FaceType>Wall</FaceType>
<TextureRatio>3.28533</TextureRatio>
<ImageOrigine>3_6091.tif</ImageOrigine>
<CropImageOrigine>3697 3834 3688 3819
</CropImageOrigine>
</Attribut>
</TexturedSurface>
<TexturedSurface Id ="89176">
<Attribut>
<FaceType>Wall</FaceType>
<TextureRatio>10.7957</TextureRatio>
<ImageOrigine>2_6079.tif</ImageOrigine>
<CropImageOrigine>1890 2727 1877 2711
</CropImageOrigine>
</Attribut>
</TexturedSurface>
<TexturedSurface Id ="89179">
<Attribut>
<FaceType>Wall</FaceType>
<TextureRatio>27.0038</TextureRatio>
<ImageOrigine>3_6093.tif</ImageOrigine>
<CropImageOrigine>2641 3869 2614 3723
</CropImageOrigine>
</Attribut>
</TexturedSurface>
<TexturedSurface Id ="89182">
<Attribut>
<FaceType>Wall</FaceType>
<TextureRatio>3.65349</TextureRatio>
<ImageOrigine>3_6094.tif</ImageOrigine>
<CropImageOrigine>1734 3966 1706 3923
</CropImageOrigine>
</Attribut>
</TexturedSurface>
<TexturedSurface Id ="89185">
<Attribut>
<FaceType>Wall</FaceType>
</Attribut>
</TexturedSurface>
<TexturedSurface Id ="89188">
<Attribut>
<FaceType>Wall</FaceType>
<TextureRatio>3.62698</TextureRatio>
<ImageOrigine>1_6043.tif</ImageOrigine>
<CropImageOrigine>3066 551 2996 534
</CropImageOrigine>
</Attribut>
</TexturedSurface>
<TexturedSurface Id ="89191">
<Attribut>
<FaceType>Wall</FaceType>
<TextureRatio>2.30339</TextureRatio>
<ImageOrigine>2_6082.tif</ImageOrigine>
<CropImageOrigine>200 2733 181 2665
</CropImageOrigine>
</Attribut>
</TexturedSurface>
<TexturedSurface Id ="89194">
<Attribut>
<FaceType>Wall</FaceType>
<TextureRatio>2.05538</TextureRatio>
<ImageOrigine>1_6042.tif</ImageOrigine>
<CropImageOrigine>3951 307 3890 261
</CropImageOrigine>
</Attribut>
</TexturedSurface>
<TexturedSurface Id ="89197">
<Attribut>
<FaceType>Wall</FaceType>
<TextureRatio>2.24602</TextureRatio>
<ImageOrigine>2_6082.tif</ImageOrigine>
<CropImageOrigine>138 2627 124 2596
</CropImageOrigine>
</Attribut>
</TexturedSurface>
<TexturedSurface Id ="89200">
<Attribut>
<FaceType>Wall</FaceType>
<TextureRatio>2.07405</TextureRatio>
<ImageOrigine>1_6042.tif</ImageOrigine>
<CropImageOrigine>3965 343 3945 327
</CropImageOrigine>
</Attribut>
</TexturedSurface>
<TexturedSurface Id ="89203">
<Attribut>
<FaceType>Wall</FaceType>
<TextureRatio>1.91572</TextureRatio>
<ImageOrigine>1_6048.tif</ImageOrigine>
<CropImageOrigine>38 903 19 888
</CropImageOrigine>
</Attribut>
</TexturedSurface>
<TexturedSurface Id ="89206">
<Attribut>
<FaceType>Wall</FaceType>
<TextureRatio>3.90096</TextureRatio>
<ImageOrigine>1_6042.tif</ImageOrigine>
<CropImageOrigine>4002 332 3963 318
</CropImageOrigine>
</Attribut>
</TexturedSurface>
<TexturedSurface Id ="89209">
<Attribut>
<FaceType>Wall</FaceType>
<TextureRatio>2.15921</TextureRatio>
<ImageOrigine>1_6048.tif</ImageOrigine>
<CropImageOrigine>65 891 49 840
</CropImageOrigine>
</Attribut>
</TexturedSurface>
<TexturedSurface Id ="89212">
<Attribut>
<FaceType>Wall</FaceType>
<TextureRatio>2.18144</TextureRatio>
<ImageOrigine>3_6094.tif</ImageOrigine>
<CropImageOrigine>1884 4052 1830 4001
</CropImageOrigine>
</Attribut>
</TexturedSurface>
<TexturedSurface Id ="89215">
<Attribut>
<FaceType>Wall</FaceType>
<TextureRatio>2.56162</TextureRatio>
<ImageOrigine>2_6076.tif</ImageOrigine>
<CropImageOrigine>3562 2019 3553 1924
</CropImageOrigine>
</Attribut>
</TexturedSurface>
<TexturedSurface Id ="89218">
<Attribut>
<FaceType>Wall</FaceType>
<TextureRatio>2.64645</TextureRatio>
<ImageOrigine>1_6046.tif</ImageOrigine>
<CropImageOrigine>945 625 901 570
</CropImageOrigine>
</Attribut>
</TexturedSurface>
<TexturedSurface Id ="89221">
<Attribut>
<FaceType>Wall</FaceType>
<TextureRatio>3.24404</TextureRatio>
<ImageOrigine>1_6042.tif</ImageOrigine>
<CropImageOrigine>4067 93 3964 67
</CropImageOrigine>
</Attribut>
</TexturedSurface>
<TexturedSurface Id ="89224">
<Attribut>
<FaceType>Wall</FaceType>
<TextureRatio>2.507</TextureRatio>
<ImageOrigine>1_6043.tif</ImageOrigine>
<CropImageOrigine>3287 458 3230 412
</CropImageOrigine>
</Attribut>
</TexturedSurface>
<TexturedSurface Id ="89227">
<Attribut>
<FaceType>Wall</FaceType>
<TextureRatio>2.68205</TextureRatio>
<ImageOrigine>3_6091.tif</ImageOrigine>
<CropImageOrigine>4023 4037 3998 3932
</CropImageOrigine>
</Attribut>
</TexturedSurface>
<TexturedSurface Id ="89230">
<Attribut>
<FaceType>Wall</FaceType>
<TextureRatio>2.16817</TextureRatio>
<ImageOrigine>3_6093.tif</ImageOrigine>
<CropImageOrigine>2927 3967 2884 3902
</CropImageOrigine>
</Attribut>
</TexturedSurface>
<TexturedSurface Id ="89233">
<Attribut>
<FaceType>Wall</FaceType>
<TextureRatio>3.28238</TextureRatio>
<ImageOrigine>2_6081.tif</ImageOrigine>
<CropImageOrigine>847 3003 832 2951
</CropImageOrigine>
</Attribut>
</TexturedSurface>
<TexturedSurface Id ="89236">
<Attribut>
<FaceType>Wall</FaceType>
<TextureRatio>4.07825</TextureRatio>
<ImageOrigine>1_6043.tif</ImageOrigine>
<CropImageOrigine>3294 646 3259 634
</CropImageOrigine>
</Attribut>
</TexturedSurface>
<TexturedSurface Id ="89239">
<Attribut>
<FaceType>Wall</FaceType>
<TextureRatio>2.7262</TextureRatio>
<ImageOrigine>1_6043.tif</ImageOrigine>
<CropImageOrigine>3304 649 3287 634
</CropImageOrigine>
</Attribut>
</TexturedSurface>
<TexturedSurface Id ="89242">
<Attribut>
<FaceType>Wall</FaceType>
<TextureRatio>2.01906</TextureRatio>
<ImageOrigine>1_6048.tif</ImageOrigine>
<CropImageOrigine>196 888 177 873
</CropImageOrigine>
</Attribut>
</TexturedSurface>
<TexturedSurface Id ="89245">
<Attribut>
<FaceType>Wall</FaceType>
<TextureRatio>2.31561</TextureRatio>
<ImageOrigine>1_6048.tif</ImageOrigine>
<CropImageOrigine>196 879 182 846
</CropImageOrigine>
</Attribut>
</TexturedSurface>
<TexturedSurface Id ="89248">
<Attribut>
<FaceType>Wall</FaceType>
<TextureRatio>2.0012</TextureRatio>
<ImageOrigine>1_6048.tif</ImageOrigine>
<CropImageOrigine>232 852 182 797
</CropImageOrigine>
</Attribut>
</TexturedSurface>
<TexturedSurface Id ="89251">
<Attribut>
<FaceType>Wall</FaceType>
<TextureRatio>2.37234</TextureRatio>
<ImageOrigine>1_6048.tif</ImageOrigine>
<CropImageOrigine>232 804 220 790
</CropImageOrigine>
</Attribut>
</TexturedSurface>
<TexturedSurface Id ="89254">
<Attribut>
<FaceType>Wall</FaceType>
<TextureRatio>3.48593</TextureRatio>
<ImageOrigine>1_6048.tif</ImageOrigine>
<CropImageOrigine>260 796 220 787
</CropImageOrigine>
</Attribut>
</TexturedSurface>
<TexturedSurface Id ="89257">
<Attribut>
<FaceType>Wall</FaceType>
<TextureRatio>2.00999</TextureRatio>
<ImageOrigine>3_6097.tif</ImageOrigine>
<CropImageOrigine>58 3881 46 3858
</CropImageOrigine>
</Attribut>
</TexturedSurface>
<TexturedSurface Id ="89260">
<Attribut>
<FaceType>Wall</FaceType>
<TextureRatio>1.85335</TextureRatio>
<ImageOrigine>3_6094.tif</ImageOrigine>
<CropImageOrigine>2096 3985 2064 3968
</CropImageOrigine>
</Attribut>
</TexturedSurface>
<TexturedSurface Id ="89263">
<Attribut>
<FaceType>Wall</FaceType>
<TextureRatio>1.97917</TextureRatio>
<ImageOrigine>3_6097.tif</ImageOrigine>
<CropImageOrigine>26 3871 9 3768
</CropImageOrigine>
</Attribut>
</TexturedSurface>
<TexturedSurface Id ="89266">
<Attribut>
<FaceType>Wall</FaceType>
<TextureRatio>1.40533</TextureRatio>
<ImageOrigine>3_6097.tif</ImageOrigine>
<CropImageOrigine>21 3779 1 3760
</CropImageOrigine>
</Attribut>
</TexturedSurface>
<TexturedSurface Id ="89269">
<Attribut>
<FaceType>Wall</FaceType>
<TextureRatio>2.36222</TextureRatio>
<ImageOrigine>1_6048.tif</ImageOrigine>
<CropImageOrigine>212 688 197 644
</CropImageOrigine>
</Attribut>
</TexturedSurface>
<TexturedSurface Id ="89272">
<Attribut>
<FaceType>Wall</FaceType>
<TextureRatio>3.37921</TextureRatio>
<ImageOrigine>1_6044.tif</ImageOrigine>
<CropImageOrigine>2381 328 2374 320
</CropImageOrigine>
</Attribut>
</TexturedSurface>
<TexturedSurface Id ="89275">
<Attribut>
<FaceType>Wall</FaceType>
</Attribut>
</TexturedSurface>
<TexturedSurface Id ="89278">
<Attribut>
<FaceType>Wall</FaceType>
</Attribut>
</TexturedSurface>
<TexturedSurface Id ="89281">
<Attribut>
<FaceType>Wall</FaceType>
</Attribut>
</TexturedSurface>
<TexturedSurface Id ="89284">
<Attribut>
<FaceType>Wall</FaceType>
</Attribut>
</TexturedSurface>
<TexturedSurface Id ="89287">
<Attribut>
<FaceType>Wall</FaceType>
</Attribut>
</TexturedSurface>
<TexturedSurface Id ="89290">
<Attribut>
<FaceType>Wall</FaceType>
</Attribut>
</TexturedSurface>
<TexturedSurface Id ="89293">
<Attribut>
<FaceType>Wall</FaceType>
</Attribut>
</TexturedSurface>
<TexturedSurface Id ="89296">
<Attribut>
<FaceType>Wall</FaceType>
</Attribut>
</TexturedSurface>
<TexturedSurface Id ="89299">
<Attribut>
<FaceType>Wall</FaceType>
</Attribut>
</TexturedSurface>
<TexturedSurface Id ="89302">
<Attribut>
<FaceType>Wall</FaceType>
</Attribut>
</TexturedSurface>
<TexturedSurface Id ="89305">
<Attribut>
<FaceType>Wall</FaceType>
</Attribut>
</TexturedSurface>
<TexturedSurface Id ="89308">
<Attribut>
<FaceType>Wall</FaceType>
</Attribut>
</TexturedSurface>
<TexturedSurface Id ="89311">
<Attribut>
<FaceType>Wall</FaceType>
</Attribut>
</TexturedSurface>
<TexturedSurface Id ="89314">
<Attribut>
<FaceType>Wall</FaceType>
</Attribut>
</TexturedSurface>
<TexturedSurface Id ="89317">
<Attribut>
<FaceType>Wall</FaceType>
</Attribut>
</TexturedSurface>
<TexturedSurface Id ="89320">
<Attribut>
<FaceType>Wall</FaceType>
</Attribut>
</TexturedSurface>
<TexturedSurface Id ="89323">
<Attribut>
<FaceType>Wall</FaceType>
</Attribut>
</TexturedSurface>
<TexturedSurface Id ="89326">
<Attribut>
<FaceType>Wall</FaceType>
<TextureRatio>2.07053</TextureRatio>
<ImageOrigine>3_6094.tif</ImageOrigine>
<CropImageOrigine>2034 3762 2031 3751
</CropImageOrigine>
</Attribut>
</TexturedSurface>
<TexturedSurface Id ="89329">
<Attribut>
<FaceType>Wall</FaceType>
<TextureRatio>2.98084</TextureRatio>
<ImageOrigine>2_6076.tif</ImageOrigine>
<CropImageOrigine>3332 2303 3325 2156
</CropImageOrigine>
</Attribut>
</TexturedSurface>
<TexturedSurface Id ="89332">
<Attribut>
<FaceType>Wall</FaceType>
</Attribut>
</TexturedSurface>
<TexturedSurface Id ="89335">
<Attribut>
<FaceType>Wall</FaceType>
<TextureRatio>3.47973</TextureRatio>
<ImageOrigine>1_6043.tif</ImageOrigine>
<CropImageOrigine>3295 181 3289 169
</CropImageOrigine>
</Attribut>
</TexturedSurface>
<TexturedSurface Id ="89338">
<Attribut>
<FaceType>Wall</FaceType>
<TextureRatio>2.88824</TextureRatio>
<ImageOrigine>1_6044.tif</ImageOrigine>
<CropImageOrigine>2395 101 2349 86
</CropImageOrigine>
</Attribut>
</TexturedSurface>
<TexturedSurface Id ="89341">
<Attribut>
<FaceType>Wall</FaceType>
</Attribut>
</TexturedSurface>
<TexturedSurface Id ="89344">
<Attribut>
<FaceType>Wall</FaceType>
</Attribut>
</TexturedSurface>
<TexturedSurface Id ="89347">
<Attribut>
<FaceType>Wall</FaceType>
</Attribut>
</TexturedSurface>
<TexturedSurface Id ="89350">
<Attribut>
<FaceType>Wall</FaceType>
</Attribut>
</TexturedSurface>
<TexturedSurface Id ="89353">
<Attribut>
<FaceType>Wall</FaceType>
</Attribut>
</TexturedSurface>
<TexturedSurface Id ="89356">
<Attribut>
<FaceType>Wall</FaceType>
</Attribut>
</TexturedSurface>
<TexturedSurface Id ="89359">
<Attribut>
<FaceType>Wall</FaceType>
</Attribut>
</TexturedSurface>
<TexturedSurface Id ="89362">
<Attribut>
<FaceType>Wall</FaceType>
</Attribut>
</TexturedSurface>
<TexturedSurface Id ="89365">
<Attribut>
<FaceType>Wall</FaceType>
</Attribut>
</TexturedSurface>
<TexturedSurface Id ="89368">
<Attribut>
<FaceType>Wall</FaceType>
</Attribut>
</TexturedSurface>
<TexturedSurface Id ="89371">
<Attribut>
<FaceType>Wall</FaceType>
</Attribut>
</TexturedSurface>
<TexturedSurface Id ="89374">
<Attribut>
<FaceType>Wall</FaceType>
</Attribut>
</TexturedSurface>
<TexturedSurface Id ="89377">
<Attribut>
<FaceType>Wall</FaceType>
</Attribut>
</TexturedSurface>
<TexturedSurface Id ="89380">
<Attribut>
<FaceType>Wall</FaceType>
</Attribut>
</TexturedSurface>
<TexturedSurface Id ="89383">
<Attribut>
<FaceType>Wall</FaceType>
</Attribut>
</TexturedSurface>
<TexturedSurface Id ="89386">
<Attribut>
<FaceType>Wall</FaceType>
</Attribut>
</TexturedSurface>
<TexturedSurface Id ="89389">
<Attribut>
<FaceType>Wall</FaceType>
</Attribut>
</TexturedSurface>
<TexturedSurface Id ="89392">
<Attribut>
<FaceType>Wall</FaceType>
</Attribut>
</TexturedSurface>
<TexturedSurface Id ="89395">
<Attribut>
<FaceType>Wall</FaceType>
</Attribut>
</TexturedSurface>
<TexturedSurface Id ="89398">
<Attribut>
<FaceType>Wall</FaceType>
</Attribut>
</TexturedSurface>
<TexturedSurface Id ="89401">
<Attribut>
<FaceType>Wall</FaceType>
</Attribut>
</TexturedSurface>
<TexturedSurface Id ="89404">
<Attribut>
<FaceType>Wall</FaceType>
</Attribut>
</TexturedSurface>
<TexturedSurface Id ="89407">
<Attribut>
<FaceType>Wall</FaceType>
</Attribut>
</TexturedSurface>
<TexturedSurface Id ="89410">
<Attribut>
<FaceType>Wall</FaceType>
</Attribut>
</TexturedSurface>
<TexturedSurface Id ="89413">
<Attribut>
<FaceType>Wall</FaceType>
</Attribut>
</TexturedSurface>
<TexturedSurface Id ="89416">
<Attribut>
<FaceType>Wall</FaceType>
</Attribut>
</TexturedSurface>
<TexturedSurface Id ="89419">
<Attribut>
<FaceType>Wall</FaceType>
</Attribut>
</TexturedSurface>
<TexturedSurface Id ="89422">
<Attribut>
<FaceType>Wall</FaceType>
</Attribut>
</TexturedSurface>
<TexturedSurface Id ="89425">
<Attribut>
<FaceType>Wall</FaceType>
</Attribut>
</TexturedSurface>
<TexturedSurface Id ="89428">
<Attribut>
<FaceType>Wall</FaceType>
</Attribut>
</TexturedSurface>
<TexturedSurface Id ="89431">
<Attribut>
<FaceType>Wall</FaceType>
</Attribut>
</TexturedSurface>
<TexturedSurface Id ="89434">
<Attribut>
<FaceType>Wall</FaceType>
</Attribut>
</TexturedSurface>
<TexturedSurface Id ="89437">
<Attribut>
<FaceType>Wall</FaceType>
</Attribut>
</TexturedSurface>
<TexturedSurface Id ="89440">
<Attribut>
<FaceType>Wall</FaceType>
<TextureRatio>2.35727</TextureRatio>
<ImageOrigine>3_6093.tif</ImageOrigine>
<CropImageOrigine>2523 3474 2513 3465
</CropImageOrigine>
</Attribut>
</TexturedSurface>
<TexturedSurface Id ="89443">
<Attribut>
<FaceType>Wall</FaceType>
</Attribut>
</TexturedSurface>
<TexturedSurface Id ="89446">
<Attribut>
<FaceType>Wall</FaceType>
<TextureRatio>2.36019</TextureRatio>
<ImageOrigine>3_6093.tif</ImageOrigine>
<CropImageOrigine>2514 3477 2477 3464
</CropImageOrigine>
</Attribut>
</TexturedSurface>
<TexturedSurface Id ="89449">
<Attribut>
<FaceType>Wall</FaceType>
</Attribut>
</TexturedSurface>
<TexturedSurface Id ="89452">
<Attribut>
<FaceType>Wall</FaceType>
</Attribut>
</TexturedSurface>
<TexturedSurface Id ="89455">
<Attribut>
<FaceType>Wall</FaceType>
</Attribut>
</TexturedSurface>
<TexturedSurface Id ="89458">
<Attribut>
<FaceType>Wall</FaceType>
</Attribut>
</TexturedSurface>
<TexturedSurface Id ="89461">
<Attribut>
<FaceType>Wall</FaceType>
<TextureRatio>2.80264</TextureRatio>
<ImageOrigine>2_6082.tif</ImageOrigine>
<CropImageOrigine>576 3064 550 2902
</CropImageOrigine>
</Attribut>
</TexturedSurface>
<TexturedSurface Id ="89464">
<Attribut>
<FaceType>Wall</FaceType>
</Attribut>
</TexturedSurface>
<TexturedSurface Id ="89467">
<Attribut>
<FaceType>Wall</FaceType>
</Attribut>
</TexturedSurface>
<TexturedSurface Id ="89470">
<Attribut>
<FaceType>Wall</FaceType>
</Attribut>
</TexturedSurface>
<TexturedSurface Id ="89473">
<Attribut>
<FaceType>Wall</FaceType>
</Attribut>
</TexturedSurface>
</WallSurface >
</BuildingPart >
</Building >
</CityModel>
</Chantier_Bati3D>
