<Chantier_Bati3D>
<Bbox>
<Xmin>533235.134</Xmin>
<Xmax>533283.715</Xmax>
<Ymin>152597.691</Ymin>
<Ymax>152627.500</Ymax>
<Zmin>394.557</Zmin>
<Zmax>399.840</Zmax>
</Bbox>
<CityModel Id ="80592">
<Building  Id ="81638">
<Attribut>
<centre>533259.424 147564.575</centre>
</Attribut>
<BuildingPart  Id ="81639">
<RoofSurface  Id ="81645">
<TexturedSurface Id ="81646">
<Attribut>
<FaceType>Roof</FaceType>
<TextureRatio>1.0001</TextureRatio>
<ImageOrigine>3_6096.tif</ImageOrigine>
<CropImageOrigine>2242 2879 1902 2684
</CropImageOrigine>
</Attribut>
</TexturedSurface>
</RoofSurface >
<WallSurface  Id ="89479">
<TexturedSurface Id ="89480">
<Attribut>
<FaceType>Wall</FaceType>
<TextureRatio>2.89412</TextureRatio>
<ImageOrigine>3_6094.tif</ImageOrigine>
<CropImageOrigine>3279 2601 3259 2563
</CropImageOrigine>
</Attribut>
</TexturedSurface>
<TexturedSurface Id ="89483">
<Attribut>
<FaceType>Wall</FaceType>
<TextureRatio>2.99556</TextureRatio>
<ImageOrigine>3_6094.tif</ImageOrigine>
<CropImageOrigine>3269 2633 3252 2593
</CropImageOrigine>
</Attribut>
</TexturedSurface>
<TexturedSurface Id ="89486">
<Attribut>
<FaceType>Wall</FaceType>
<TextureRatio>4.37087</TextureRatio>
<ImageOrigine>3_6096.tif</ImageOrigine>
<CropImageOrigine>2050 2757 2045 2748
</CropImageOrigine>
</Attribut>
</TexturedSurface>
<TexturedSurface Id ="89489">
<Attribut>
<FaceType>Wall</FaceType>
<TextureRatio>3.15642</TextureRatio>
<ImageOrigine>3_6094.tif</ImageOrigine>
<CropImageOrigine>3258 2642 3247 2625
</CropImageOrigine>
</Attribut>
</TexturedSurface>
<TexturedSurface Id ="89492">
<Attribut>
<FaceType>Wall</FaceType>
<TextureRatio>3.15336</TextureRatio>
<ImageOrigine>3_6098.tif</ImageOrigine>
<CropImageOrigine>674 2958 623 2942
</CropImageOrigine>
</Attribut>
</TexturedSurface>
<TexturedSurface Id ="89495">
<Attribut>
<FaceType>Wall</FaceType>
<TextureRatio>2.33965</TextureRatio>
<ImageOrigine>2_6073.tif</ImageOrigine>
<CropImageOrigine>3638 2590 3623 2531
</CropImageOrigine>
</Attribut>
</TexturedSurface>
<TexturedSurface Id ="89498">
<Attribut>
<FaceType>Wall</FaceType>
<TextureRatio>4.28518</TextureRatio>
<ImageOrigine>3_6098.tif</ImageOrigine>
<CropImageOrigine>633 2898 525 2886
</CropImageOrigine>
</Attribut>
</TexturedSurface>
<TexturedSurface Id ="89501">
<Attribut>
<FaceType>Wall</FaceType>
<TextureRatio>2.47633</TextureRatio>
<ImageOrigine>3_6093.tif</ImageOrigine>
<CropImageOrigine>4008 2608 3971 2458
</CropImageOrigine>
</Attribut>
</TexturedSurface>
<TexturedSurface Id ="89504">
<Attribut>
<FaceType>Wall</FaceType>
<TextureRatio>2.71648</TextureRatio>
<ImageOrigine>2_6079.tif</ImageOrigine>
<CropImageOrigine>255 3586 142 3571
</CropImageOrigine>
</Attribut>
</TexturedSurface>
<TexturedSurface Id ="89507">
<Attribut>
<FaceType>Wall</FaceType>
<TextureRatio>2.33962</TextureRatio>
<ImageOrigine>2_6073.tif</ImageOrigine>
<CropImageOrigine>3637 2519 3622 2449
</CropImageOrigine>
</Attribut>
</TexturedSurface>
<TexturedSurface Id ="89510">
<Attribut>
<FaceType>Wall</FaceType>
<TextureRatio>2.2121</TextureRatio>
<ImageOrigine>2_6079.tif</ImageOrigine>
<CropImageOrigine>153 3655 104 3633
</CropImageOrigine>
</Attribut>
</TexturedSurface>
<TexturedSurface Id ="89513">
<Attribut>
<FaceType>Wall</FaceType>
<TextureRatio>3.54495</TextureRatio>
<ImageOrigine>2_6079.tif</ImageOrigine>
<CropImageOrigine>121 3646 104 3624
</CropImageOrigine>
</Attribut>
</TexturedSurface>
<TexturedSurface Id ="89516">
<Attribut>
<FaceType>Wall</FaceType>
<TextureRatio>2.21292</TextureRatio>
<ImageOrigine>2_6079.tif</ImageOrigine>
<CropImageOrigine>121 3637 102 3623
</CropImageOrigine>
</Attribut>
</TexturedSurface>
<TexturedSurface Id ="89519">
<Attribut>
<FaceType>Wall</FaceType>
<TextureRatio>3.07823</TextureRatio>
<ImageOrigine>2_6079.tif</ImageOrigine>
<CropImageOrigine>123 3636 102 3591
</CropImageOrigine>
</Attribut>
</TexturedSurface>
<TexturedSurface Id ="89522">
<Attribut>
<FaceType>Wall</FaceType>
<TextureRatio>2.75476</TextureRatio>
<ImageOrigine>2_6079.tif</ImageOrigine>
<CropImageOrigine>126 3604 108 3557
</CropImageOrigine>
</Attribut>
</TexturedSurface>
<TexturedSurface Id ="89525">
<Attribut>
<FaceType>Wall</FaceType>
<TextureRatio>2.06682</TextureRatio>
<ImageOrigine>2_6079.tif</ImageOrigine>
<CropImageOrigine>126 3569 81 3543
</CropImageOrigine>
</Attribut>
</TexturedSurface>
<TexturedSurface Id ="89528">
<Attribut>
<FaceType>Wall</FaceType>
<TextureRatio>2.15941</TextureRatio>
<ImageOrigine>2_6079.tif</ImageOrigine>
<CropImageOrigine>97 3555 48 3531
</CropImageOrigine>
</Attribut>
</TexturedSurface>
<TexturedSurface Id ="89531">
<Attribut>
<FaceType>Wall</FaceType>
<TextureRatio>3.33178</TextureRatio>
<ImageOrigine>2_6079.tif</ImageOrigine>
<CropImageOrigine>65 3543 48 3527
</CropImageOrigine>
</Attribut>
</TexturedSurface>
<TexturedSurface Id ="89534">
<Attribut>
<FaceType>Wall</FaceType>
<TextureRatio>2.30502</TextureRatio>
<ImageOrigine>2_6079.tif</ImageOrigine>
<CropImageOrigine>65 3540 10 3518
</CropImageOrigine>
</Attribut>
</TexturedSurface>
<TexturedSurface Id ="89537">
<Attribut>
<FaceType>Wall</FaceType>
<TextureRatio>2.38516</TextureRatio>
<ImageOrigine>2_6073.tif</ImageOrigine>
<CropImageOrigine>3518 2416 3504 2407
</CropImageOrigine>
</Attribut>
</TexturedSurface>
<TexturedSurface Id ="89540">
<Attribut>
<FaceType>Wall</FaceType>
<TextureRatio>2.92773</TextureRatio>
<ImageOrigine>2_6078.tif</ImageOrigine>
<CropImageOrigine>878 3280 835 3264
</CropImageOrigine>
</Attribut>
</TexturedSurface>
<TexturedSurface Id ="89543">
<Attribut>
<FaceType>Wall</FaceType>
<TextureRatio>3.13968</TextureRatio>
<ImageOrigine>2_6078.tif</ImageOrigine>
<CropImageOrigine>845 3274 803 3261
</CropImageOrigine>
</Attribut>
</TexturedSurface>
<TexturedSurface Id ="89546">
<Attribut>
<FaceType>Wall</FaceType>
<TextureRatio>2.44997</TextureRatio>
<ImageOrigine>2_6073.tif</ImageOrigine>
<CropImageOrigine>3457 2441 3433 2408
</CropImageOrigine>
</Attribut>
</TexturedSurface>
<TexturedSurface Id ="89549">
<Attribut>
<FaceType>Wall</FaceType>
<TextureRatio>2.451</TextureRatio>
<ImageOrigine>2_6073.tif</ImageOrigine>
<CropImageOrigine>3445 2471 3424 2435
</CropImageOrigine>
</Attribut>
</TexturedSurface>
<TexturedSurface Id ="89552">
<Attribut>
<FaceType>Wall</FaceType>
<TextureRatio>3.99283</TextureRatio>
<ImageOrigine>2_6076.tif</ImageOrigine>
<CropImageOrigine>1828 3076 1823 3066
</CropImageOrigine>
</Attribut>
</TexturedSurface>
<TexturedSurface Id ="89555">
<Attribut>
<FaceType>Wall</FaceType>
<TextureRatio>2.50962</TextureRatio>
<ImageOrigine>3_6099.tif</ImageOrigine>
<CropImageOrigine>148 3076 124 3029
</CropImageOrigine>
</Attribut>
</TexturedSurface>
<TexturedSurface Id ="89558">
<Attribut>
<FaceType>Wall</FaceType>
<TextureRatio>2.65687</TextureRatio>
<ImageOrigine>3_6099.tif</ImageOrigine>
<CropImageOrigine>148 3039 127 3028
</CropImageOrigine>
</Attribut>
</TexturedSurface>
<TexturedSurface Id ="89561">
<Attribut>
<FaceType>Wall</FaceType>
<TextureRatio>2.29361</TextureRatio>
<ImageOrigine>3_6099.tif</ImageOrigine>
<CropImageOrigine>147 3038 127 2995
</CropImageOrigine>
</Attribut>
</TexturedSurface>
<TexturedSurface Id ="89564">
<Attribut>
<FaceType>Wall</FaceType>
<TextureRatio>2.15297</TextureRatio>
<ImageOrigine>3_6099.tif</ImageOrigine>
<CropImageOrigine>147 3005 129 2965
</CropImageOrigine>
</Attribut>
</TexturedSurface>
<TexturedSurface Id ="89567">
<Attribut>
<FaceType>Wall</FaceType>
<TextureRatio>2.30261</TextureRatio>
<ImageOrigine>3_6099.tif</ImageOrigine>
<CropImageOrigine>146 2974 98 2952
</CropImageOrigine>
</Attribut>
</TexturedSurface>
<TexturedSurface Id ="89570">
<Attribut>
<FaceType>Wall</FaceType>
<TextureRatio>2.48901</TextureRatio>
<ImageOrigine>3_6099.tif</ImageOrigine>
<CropImageOrigine>115 2961 68 2943
</CropImageOrigine>
</Attribut>
</TexturedSurface>
<TexturedSurface Id ="89573">
<Attribut>
<FaceType>Wall</FaceType>
<TextureRatio>2.38065</TextureRatio>
<ImageOrigine>3_6099.tif</ImageOrigine>
<CropImageOrigine>86 2952 68 2939
</CropImageOrigine>
</Attribut>
</TexturedSurface>
<TexturedSurface Id ="89576">
<Attribut>
<FaceType>Wall</FaceType>
<TextureRatio>2.76663</TextureRatio>
<ImageOrigine>3_6099.tif</ImageOrigine>
<CropImageOrigine>86 2948 31 2931
</CropImageOrigine>
</Attribut>
</TexturedSurface>
<TexturedSurface Id ="89579">
<Attribut>
<FaceType>Wall</FaceType>
<TextureRatio>2.99527</TextureRatio>
<ImageOrigine>3_6094.tif</ImageOrigine>
<CropImageOrigine>3344 2568 3332 2556
</CropImageOrigine>
</Attribut>
</TexturedSurface>
<TexturedSurface Id ="89582">
<Attribut>
<FaceType>Wall</FaceType>
<TextureRatio>3.70387</TextureRatio>
<ImageOrigine>3_6098.tif</ImageOrigine>
<CropImageOrigine>763 2890 718 2879
</CropImageOrigine>
</Attribut>
</TexturedSurface>
<TexturedSurface Id ="89585">
<Attribut>
<FaceType>Wall</FaceType>
<TextureRatio>4.15905</TextureRatio>
<ImageOrigine>3_6098.tif</ImageOrigine>
<CropImageOrigine>730 2889 686 2879
</CropImageOrigine>
</Attribut>
</TexturedSurface>
</WallSurface >
</BuildingPart >
</Building >
</CityModel>
</Chantier_Bati3D>
