<Chantier_Bati3D>
<Bbox>
<Xmin>532919.126</Xmin>
<Xmax>532952.354</Xmax>
<Ymin>152121.552</Ymin>
<Ymax>152151.900</Ymax>
<Zmin>393.852</Zmin>
<Zmax>411.360</Zmax>
</Bbox>
<CityModel Id ="80592">
<Building  Id ="81649">
<Attribut>
<centre>532935.740 147326.775</centre>
</Attribut>
<BuildingPart  Id ="81650">
<RoofSurface  Id ="81656">
<TexturedSurface Id ="81657">
<Attribut>
<FaceType>Roof</FaceType>
<TextureRatio>0.999982</TextureRatio>
<ImageOrigine>2_6078.tif</ImageOrigine>
<CropImageOrigine>3418 397 3178 186
</CropImageOrigine>
</Attribut>
</TexturedSurface>
</RoofSurface >
<WallSurface  Id ="89591">
<TexturedSurface Id ="89592">
<Attribut>
<FaceType>Wall</FaceType>
<TextureRatio>2.97309</TextureRatio>
<ImageOrigine>1_6046.tif</ImageOrigine>
<CropImageOrigine>704 2469 670 2445
</CropImageOrigine>
</Attribut>
</TexturedSurface>
<TexturedSurface Id ="89595">
<Attribut>
<FaceType>Wall</FaceType>
<TextureRatio>2.5404</TextureRatio>
<ImageOrigine>2_6078.tif</ImageOrigine>
<CropImageOrigine>3329 427 3200 378
</CropImageOrigine>
</Attribut>
</TexturedSurface>
<TexturedSurface Id ="89598">
<Attribut>
<FaceType>Wall</FaceType>
<TextureRatio>2.74161</TextureRatio>
<ImageOrigine>1_6046.tif</ImageOrigine>
<CropImageOrigine>620 2470 583 2447
</CropImageOrigine>
</Attribut>
</TexturedSurface>
<TexturedSurface Id ="89601">
<Attribut>
<FaceType>Wall</FaceType>
<TextureRatio>2.55086</TextureRatio>
<ImageOrigine>2_6078.tif</ImageOrigine>
<CropImageOrigine>3382 438 3295 393
</CropImageOrigine>
</Attribut>
</TexturedSurface>
<TexturedSurface Id ="89604">
<Attribut>
<FaceType>Wall</FaceType>
<TextureRatio>3.30144</TextureRatio>
<ImageOrigine>2_6082.tif</ImageOrigine>
<CropImageOrigine>524 781 468 620
</CropImageOrigine>
</Attribut>
</TexturedSurface>
<TexturedSurface Id ="89607">
<Attribut>
<FaceType>Wall</FaceType>
</Attribut>
</TexturedSurface>
<TexturedSurface Id ="89610">
<Attribut>
<FaceType>Wall</FaceType>
<TextureRatio>3.29341</TextureRatio>
<ImageOrigine>2_6082.tif</ImageOrigine>
<CropImageOrigine>506 658 462 600
</CropImageOrigine>
</Attribut>
</TexturedSurface>
<TexturedSurface Id ="89613">
<Attribut>
<FaceType>Wall</FaceType>
<TextureRatio>2.85183</TextureRatio>
<ImageOrigine>2_6082.tif</ImageOrigine>
<CropImageOrigine>523 638 462 598
</CropImageOrigine>
</Attribut>
</TexturedSurface>
<TexturedSurface Id ="89616">
<Attribut>
<FaceType>Wall</FaceType>
<TextureRatio>2.96283</TextureRatio>
<ImageOrigine>2_6082.tif</ImageOrigine>
<CropImageOrigine>523 637 481 542
</CropImageOrigine>
</Attribut>
</TexturedSurface>
<TexturedSurface Id ="89619">
<Attribut>
<FaceType>Wall</FaceType>
</Attribut>
</TexturedSurface>
<TexturedSurface Id ="89622">
<Attribut>
<FaceType>Wall</FaceType>
</Attribut>
</TexturedSurface>
<TexturedSurface Id ="89625">
<Attribut>
<FaceType>Wall</FaceType>
</Attribut>
</TexturedSurface>
<TexturedSurface Id ="89628">
<Attribut>
<FaceType>Wall</FaceType>
</Attribut>
</TexturedSurface>
<TexturedSurface Id ="89631">
<Attribut>
<FaceType>Wall</FaceType>
</Attribut>
</TexturedSurface>
<TexturedSurface Id ="89634">
<Attribut>
<FaceType>Wall</FaceType>
<TextureRatio>22.9667</TextureRatio>
<ImageOrigine>1_6046.tif</ImageOrigine>
<CropImageOrigine>693 2619 642 2587
</CropImageOrigine>
</Attribut>
</TexturedSurface>
<TexturedSurface Id ="89637">
<Attribut>
<FaceType>Wall</FaceType>
<TextureRatio>11.7096</TextureRatio>
<ImageOrigine>1_6046.tif</ImageOrigine>
<CropImageOrigine>706 2607 657 2574
</CropImageOrigine>
</Attribut>
</TexturedSurface>
<TexturedSurface Id ="89640">
<Attribut>
<FaceType>Wall</FaceType>
<TextureRatio>7.95497</TextureRatio>
<ImageOrigine>1_6046.tif</ImageOrigine>
<CropImageOrigine>718 2594 671 2560
</CropImageOrigine>
</Attribut>
</TexturedSurface>
<TexturedSurface Id ="89643">
<Attribut>
<FaceType>Wall</FaceType>
<TextureRatio>5.77125</TextureRatio>
<ImageOrigine>1_6046.tif</ImageOrigine>
<CropImageOrigine>733 2579 684 2536
</CropImageOrigine>
</Attribut>
</TexturedSurface>
<TexturedSurface Id ="89646">
<Attribut>
<FaceType>Wall</FaceType>
<TextureRatio>4.44844</TextureRatio>
<ImageOrigine>1_6046.tif</ImageOrigine>
<CropImageOrigine>744 2554 699 2509
</CropImageOrigine>
</Attribut>
</TexturedSurface>
<TexturedSurface Id ="89649">
<Attribut>
<FaceType>Wall</FaceType>
<TextureRatio>3.71648</TextureRatio>
<ImageOrigine>1_6046.tif</ImageOrigine>
<CropImageOrigine>750 2527 710 2482
</CropImageOrigine>
</Attribut>
</TexturedSurface>
<TexturedSurface Id ="89652">
<Attribut>
<FaceType>Wall</FaceType>
<TextureRatio>3.28006</TextureRatio>
<ImageOrigine>1_6046.tif</ImageOrigine>
<CropImageOrigine>752 2499 717 2453
</CropImageOrigine>
</Attribut>
</TexturedSurface>
<TexturedSurface Id ="89655">
<Attribut>
<FaceType>Wall</FaceType>
<TextureRatio>2.37724</TextureRatio>
<ImageOrigine>2_6078.tif</ImageOrigine>
<CropImageOrigine>3233 413 3148 360
</CropImageOrigine>
</Attribut>
</TexturedSurface>
</WallSurface >
</BuildingPart >
</Building >
</CityModel>
</Chantier_Bati3D>
