<Chantier_Bati3D>
<Bbox>
<Xmin>532903.470</Xmin>
<Xmax>532922.540</Xmax>
<Ymin>152180.150</Ymin>
<Ymax>152194.250</Ymax>
<Zmin>395.852</Zmin>
<Zmax>403.320</Zmax>
</Bbox>
<CityModel Id ="80592">
<Building  Id ="81660">
<Attribut>
<centre>532913.005 147347.950</centre>
</Attribut>
<BuildingPart  Id ="81661">
<RoofSurface  Id ="81667">
<TexturedSurface Id ="81668">
<Attribut>
<FaceType>Roof</FaceType>
<TextureRatio>0.999986</TextureRatio>
<ImageOrigine>2_6082.tif</ImageOrigine>
<CropImageOrigine>668 1046 529 936
</CropImageOrigine>
</Attribut>
</TexturedSurface>
</RoofSurface >
<WallSurface  Id ="89661">
<TexturedSurface Id ="89662">
<Attribut>
<FaceType>Wall</FaceType>
<TextureRatio>3.78208</TextureRatio>
<ImageOrigine>1_6042.tif</ImageOrigine>
<CropImageOrigine>3442 1938 3417 1849
</CropImageOrigine>
</Attribut>
</TexturedSurface>
<TexturedSurface Id ="89665">
<Attribut>
<FaceType>Wall</FaceType>
</Attribut>
</TexturedSurface>
<TexturedSurface Id ="89668">
<Attribut>
<FaceType>Wall</FaceType>
</Attribut>
</TexturedSurface>
<TexturedSurface Id ="89671">
<Attribut>
<FaceType>Wall</FaceType>
</Attribut>
</TexturedSurface>
</WallSurface >
</BuildingPart >
</Building >
</CityModel>
</Chantier_Bati3D>
