<Chantier_Bati3D>
<Bbox>
<Xmin>532921.471</Xmin>
<Xmax>532931.023</Xmax>
<Ymin>152227.678</Ymin>
<Ymax>152232.803</Ymax>
<Zmin>396.141</Zmin>
<Zmax>399.860</Zmax>
</Bbox>
<CityModel Id ="80592">
<Building  Id ="81671">
<Attribut>
<centre>532926.247 147367.226</centre>
</Attribut>
<BuildingPart  Id ="81672">
<RoofSurface  Id ="81678">
<TexturedSurface Id ="81679">
<Attribut>
<FaceType>Roof</FaceType>
<TextureRatio>0.999999</TextureRatio>
<ImageOrigine>2_6078.tif</ImageOrigine>
<CropImageOrigine>3334 971 3267 932
</CropImageOrigine>
</Attribut>
</TexturedSurface>
</RoofSurface >
<WallSurface  Id ="89677">
<TexturedSurface Id ="89678">
<Attribut>
<FaceType>Wall</FaceType>
<TextureRatio>3.82389</TextureRatio>
<ImageOrigine>2_6078.tif</ImageOrigine>
<CropImageOrigine>3332 977 3260 967
</CropImageOrigine>
</Attribut>
</TexturedSurface>
<TexturedSurface Id ="89681">
<Attribut>
<FaceType>Wall</FaceType>
<TextureRatio>3.3463</TextureRatio>
<ImageOrigine>2_6082.tif</ImageOrigine>
<CropImageOrigine>598 1309 585 1270
</CropImageOrigine>
</Attribut>
</TexturedSurface>
<TexturedSurface Id ="89684">
<Attribut>
<FaceType>Wall</FaceType>
</Attribut>
</TexturedSurface>
<TexturedSurface Id ="89687">
<Attribut>
<FaceType>Wall</FaceType>
<TextureRatio>2.77038</TextureRatio>
<ImageOrigine>1_6046.tif</ImageOrigine>
<CropImageOrigine>563 2003 550 1971
</CropImageOrigine>
</Attribut>
</TexturedSurface>
</WallSurface >
</BuildingPart >
</Building >
</CityModel>
</Chantier_Bati3D>
