<Chantier_Bati3D>
<Bbox>
<Xmin>532897.640</Xmin>
<Xmax>532899.922</Xmax>
<Ymin>152145.650</Ymin>
<Ymax>152151.900</Ymax>
<Zmin>395.241</Zmin>
<Zmax>399.860</Zmax>
</Bbox>
<CityModel Id ="80592">
<Building  Id ="81682">
<Attribut>
<centre>532898.781 147326.775</centre>
</Attribut>
<BuildingPart  Id ="81683">
<RoofSurface  Id ="81689">
<TexturedSurface Id ="81690">
<Attribut>
<FaceType>Roof</FaceType>
<TextureRatio>0.999994</TextureRatio>
<ImageOrigine>2_6078.tif</ImageOrigine>
<CropImageOrigine>3528 435 3509 391
</CropImageOrigine>
</Attribut>
</TexturedSurface>
</RoofSurface >
<WallSurface  Id ="89693">
<TexturedSurface Id ="89694">
<Attribut>
<FaceType>Wall</FaceType>
<TextureRatio>3.82032</TextureRatio>
<ImageOrigine>2_6082.tif</ImageOrigine>
<CropImageOrigine>687 760 671 709
</CropImageOrigine>
</Attribut>
</TexturedSurface>
<TexturedSurface Id ="89697">
<Attribut>
<FaceType>Wall</FaceType>
</Attribut>
</TexturedSurface>
<TexturedSurface Id ="89700">
<Attribut>
<FaceType>Wall</FaceType>
<TextureRatio>3.17777</TextureRatio>
<ImageOrigine>2_6078.tif</ImageOrigine>
<CropImageOrigine>3512 446 3499 391
</CropImageOrigine>
</Attribut>
</TexturedSurface>
<TexturedSurface Id ="89703">
<Attribut>
<FaceType>Wall</FaceType>
<TextureRatio>2.5738</TextureRatio>
<ImageOrigine>2_6078.tif</ImageOrigine>
<CropImageOrigine>3525 446 3499 434
</CropImageOrigine>
</Attribut>
</TexturedSurface>
</WallSurface >
</BuildingPart >
</Building >
</CityModel>
</Chantier_Bati3D>
