<Chantier_Bati3D>
<Bbox>
<Xmin>532901.472</Xmin>
<Xmax>532911.972</Xmax>
<Ymin>152145.900</Ymin>
<Ymax>152151.495</Ymax>
<Zmin>395.007</Zmin>
<Zmax>399.860</Zmax>
</Bbox>
<CityModel Id ="80592">
<Building  Id ="81693">
<Attribut>
<centre>532906.722 147326.573</centre>
</Attribut>
<BuildingPart  Id ="81694">
<RoofSurface  Id ="81700">
<TexturedSurface Id ="81701">
<Attribut>
<FaceType>Roof</FaceType>
<TextureRatio>0.999999</TextureRatio>
<ImageOrigine>2_6078.tif</ImageOrigine>
<CropImageOrigine>3502 430 3428 389
</CropImageOrigine>
</Attribut>
</TexturedSurface>
</RoofSurface >
<WallSurface  Id ="89709">
<TexturedSurface Id ="89710">
<Attribut>
<FaceType>Wall</FaceType>
<TextureRatio>3.73597</TextureRatio>
<ImageOrigine>2_6082.tif</ImageOrigine>
<CropImageOrigine>661 760 646 714
</CropImageOrigine>
</Attribut>
</TexturedSurface>
<TexturedSurface Id ="89713">
<Attribut>
<FaceType>Wall</FaceType>
</Attribut>
</TexturedSurface>
<TexturedSurface Id ="89716">
<Attribut>
<FaceType>Wall</FaceType>
<TextureRatio>3.38191</TextureRatio>
<ImageOrigine>2_6078.tif</ImageOrigine>
<CropImageOrigine>3430 439 3418 389
</CropImageOrigine>
</Attribut>
</TexturedSurface>
<TexturedSurface Id ="89719">
<Attribut>
<FaceType>Wall</FaceType>
<TextureRatio>2.56996</TextureRatio>
<ImageOrigine>2_6078.tif</ImageOrigine>
<CropImageOrigine>3500 442 3418 426
</CropImageOrigine>
</Attribut>
</TexturedSurface>
</WallSurface >
</BuildingPart >
</Building >
</CityModel>
</Chantier_Bati3D>
