<Chantier_Bati3D>
<Bbox>
<Xmin>532912.572</Xmin>
<Xmax>532914.072</Xmax>
<Ymin>152145.650</Ymin>
<Ymax>152151.900</Ymax>
<Zmin>394.957</Zmin>
<Zmax>399.860</Zmax>
</Bbox>
<CityModel Id ="80592">
<Building  Id ="81704">
<Attribut>
<centre>532913.322 147326.775</centre>
</Attribut>
<BuildingPart  Id ="81705">
<RoofSurface  Id ="81711">
<TexturedSurface Id ="81712">
<Attribut>
<FaceType>Roof</FaceType>
<TextureRatio>0.999997</TextureRatio>
<ImageOrigine>2_6078.tif</ImageOrigine>
<CropImageOrigine>3427 429 3414 386
</CropImageOrigine>
</Attribut>
</TexturedSurface>
</RoofSurface >
<WallSurface  Id ="89725">
<TexturedSurface Id ="89726">
<Attribut>
<FaceType>Wall</FaceType>
<TextureRatio>3.51138</TextureRatio>
<ImageOrigine>2_6082.tif</ImageOrigine>
<CropImageOrigine>589 772 572 721
</CropImageOrigine>
</Attribut>
</TexturedSurface>
<TexturedSurface Id ="89729">
<Attribut>
<FaceType>Wall</FaceType>
</Attribut>
</TexturedSurface>
<TexturedSurface Id ="89732">
<Attribut>
<FaceType>Wall</FaceType>
<TextureRatio>2.60004</TextureRatio>
<ImageOrigine>1_6046.tif</ImageOrigine>
<CropImageOrigine>528 2498 512 2457
</CropImageOrigine>
</Attribut>
</TexturedSurface>
<TexturedSurface Id ="89735">
<Attribut>
<FaceType>Wall</FaceType>
<TextureRatio>2.57438</TextureRatio>
<ImageOrigine>2_6078.tif</ImageOrigine>
<CropImageOrigine>3425 442 3404 428
</CropImageOrigine>
</Attribut>
</TexturedSurface>
</WallSurface >
</BuildingPart >
</Building >
</CityModel>
</Chantier_Bati3D>
