<Chantier_Bati3D>
<Bbox>
<Xmin>532893.740</Xmin>
<Xmax>532930.260</Xmax>
<Ymin>152156.965</Ymin>
<Ymax>152218.875</Ymax>
<Zmin>394.983</Zmin>
<Zmax>411.140</Zmax>
</Bbox>
<CityModel Id ="80592">
<Building  Id ="81715">
<Attribut>
<centre>532912.000 147360.262</centre>
</Attribut>
<BuildingPart  Id ="81716">
<RoofSurface  Id ="81722">
<TexturedSurface Id ="81723">
<Attribut>
<FaceType>Roof</FaceType>
<TextureRatio>1</TextureRatio>
<ImageOrigine>2_6078.tif</ImageOrigine>
<CropImageOrigine>3576 868 3300 428
</CropImageOrigine>
</Attribut>
</TexturedSurface>
</RoofSurface >
<WallSurface  Id ="89741">
<TexturedSurface Id ="89742">
<Attribut>
<FaceType>Wall</FaceType>
<TextureRatio>2.74045</TextureRatio>
<ImageOrigine>1_6046.tif</ImageOrigine>
<CropImageOrigine>607 2379 532 2054
</CropImageOrigine>
</Attribut>
</TexturedSurface>
<TexturedSurface Id ="89745">
<Attribut>
<FaceType>Wall</FaceType>
<TextureRatio>3.49625</TextureRatio>
<ImageOrigine>2_6078.tif</ImageOrigine>
<CropImageOrigine>3353 884 3270 853
</CropImageOrigine>
</Attribut>
</TexturedSurface>
<TexturedSurface Id ="89748">
<Attribut>
<FaceType>Wall</FaceType>
<TextureRatio>3.29819</TextureRatio>
<ImageOrigine>2_6082.tif</ImageOrigine>
<CropImageOrigine>579 1218 542 1180
</CropImageOrigine>
</Attribut>
</TexturedSurface>
<TexturedSurface Id ="89751">
<Attribut>
<FaceType>Wall</FaceType>
<TextureRatio>3.44344</TextureRatio>
<ImageOrigine>2_6078.tif</ImageOrigine>
<CropImageOrigine>3522 874 3323 837
</CropImageOrigine>
</Attribut>
</TexturedSurface>
<TexturedSurface Id ="89754">
<Attribut>
<FaceType>Wall</FaceType>
<TextureRatio>2.43353</TextureRatio>
<ImageOrigine>1_6046.tif</ImageOrigine>
<CropImageOrigine>377 2097 339 2075
</CropImageOrigine>
</Attribut>
</TexturedSurface>
<TexturedSurface Id ="89757">
<Attribut>
<FaceType>Wall</FaceType>
<TextureRatio>3.49471</TextureRatio>
<ImageOrigine>2_6078.tif</ImageOrigine>
<CropImageOrigine>3551 894 3486 865
</CropImageOrigine>
</Attribut>
</TexturedSurface>
<TexturedSurface Id ="89760">
<Attribut>
<FaceType>Wall</FaceType>
<TextureRatio>3.87136</TextureRatio>
<ImageOrigine>2_6082.tif</ImageOrigine>
<CropImageOrigine>767 1194 716 1004
</CropImageOrigine>
</Attribut>
</TexturedSurface>
<TexturedSurface Id ="89763">
<Attribut>
<FaceType>Wall</FaceType>
</Attribut>
</TexturedSurface>
<TexturedSurface Id ="89766">
<Attribut>
<FaceType>Wall</FaceType>
<TextureRatio>2.43379</TextureRatio>
<ImageOrigine>1_6046.tif</ImageOrigine>
<CropImageOrigine>395 2233 358 2220
</CropImageOrigine>
</Attribut>
</TexturedSurface>
<TexturedSurface Id ="89769">
<Attribut>
<FaceType>Wall</FaceType>
</Attribut>
</TexturedSurface>
<TexturedSurface Id ="89772">
<Attribut>
<FaceType>Wall</FaceType>
<TextureRatio>3.29882</TextureRatio>
<ImageOrigine>2_6082.tif</ImageOrigine>
<CropImageOrigine>558 1057 511 938
</CropImageOrigine>
</Attribut>
</TexturedSurface>
<TexturedSurface Id ="89775">
<Attribut>
<FaceType>Wall</FaceType>
<TextureRatio>2.87804</TextureRatio>
<ImageOrigine>2_6078.tif</ImageOrigine>
<CropImageOrigine>3537 633 3337 590
</CropImageOrigine>
</Attribut>
</TexturedSurface>
<TexturedSurface Id ="89778">
<Attribut>
<FaceType>Wall</FaceType>
<TextureRatio>3.1187</TextureRatio>
<ImageOrigine>2_6078.tif</ImageOrigine>
<CropImageOrigine>3536 639 3501 599
</CropImageOrigine>
</Attribut>
</TexturedSurface>
<TexturedSurface Id ="89781">
<Attribut>
<FaceType>Wall</FaceType>
<TextureRatio>2.88736</TextureRatio>
<ImageOrigine>2_6078.tif</ImageOrigine>
<CropImageOrigine>3566 640 3501 605
</CropImageOrigine>
</Attribut>
</TexturedSurface>
<TexturedSurface Id ="89784">
<Attribut>
<FaceType>Wall</FaceType>
<TextureRatio>3.87331</TextureRatio>
<ImageOrigine>2_6082.tif</ImageOrigine>
<CropImageOrigine>735 945 685 762
</CropImageOrigine>
</Attribut>
</TexturedSurface>
<TexturedSurface Id ="89787">
<Attribut>
<FaceType>Wall</FaceType>
</Attribut>
</TexturedSurface>
<TexturedSurface Id ="89790">
<Attribut>
<FaceType>Wall</FaceType>
<TextureRatio>2.43538</TextureRatio>
<ImageOrigine>1_6046.tif</ImageOrigine>
<CropImageOrigine>425 2449 387 2430
</CropImageOrigine>
</Attribut>
</TexturedSurface>
<TexturedSurface Id ="89793">
<Attribut>
<FaceType>Wall</FaceType>
</Attribut>
</TexturedSurface>
<TexturedSurface Id ="89796">
<Attribut>
<FaceType>Wall</FaceType>
<TextureRatio>3.40907</TextureRatio>
<ImageOrigine>1_6042.tif</ImageOrigine>
<CropImageOrigine>3596 2066 3563 2050
</CropImageOrigine>
</Attribut>
</TexturedSurface>
<TexturedSurface Id ="89799">
<Attribut>
<FaceType>Wall</FaceType>
</Attribut>
</TexturedSurface>
<TexturedSurface Id ="89802">
<Attribut>
<FaceType>Wall</FaceType>
<TextureRatio>2.74149</TextureRatio>
<ImageOrigine>1_6046.tif</ImageOrigine>
<CropImageOrigine>614 2432 573 2365
</CropImageOrigine>
</Attribut>
</TexturedSurface>
</WallSurface >
</BuildingPart >
</Building >
</CityModel>
</Chantier_Bati3D>
