<Chantier_Bati3D>
<Bbox>
<Xmin>533369.357</Xmin>
<Xmax>533376.382</Xmax>
<Ymin>152374.040</Ymin>
<Ymax>152375.577</Ymax>
<Zmin>394.701</Zmin>
<Zmax>399.600</Zmax>
</Bbox>
<CityModel Id ="80592">
<Building  Id ="81726">
<Attribut>
<centre>533372.869 147438.614</centre>
</Attribut>
<BuildingPart  Id ="81727">
<RoofSurface  Id ="81733">
<TexturedSurface Id ="81734">
<Attribut>
<FaceType>Roof</FaceType>
<TextureRatio>0.999867</TextureRatio>
<ImageOrigine>1_6045.tif</ImageOrigine>
<CropImageOrigine>3779 861 3736 847
</CropImageOrigine>
</Attribut>
</TexturedSurface>
</RoofSurface >
<WallSurface  Id ="89808">
<TexturedSurface Id ="89809">
<Attribut>
<FaceType>Wall</FaceType>
<TextureRatio>4.85276</TextureRatio>
<ImageOrigine>1_6048.tif</ImageOrigine>
<CropImageOrigine>2233 962 2189 950
</CropImageOrigine>
</Attribut>
</TexturedSurface>
<TexturedSurface Id ="89812">
<Attribut>
<FaceType>Wall</FaceType>
</Attribut>
</TexturedSurface>
<TexturedSurface Id ="89815">
<Attribut>
<FaceType>Wall</FaceType>
</Attribut>
</TexturedSurface>
<TexturedSurface Id ="89818">
<Attribut>
<FaceType>Wall</FaceType>
</Attribut>
</TexturedSurface>
<TexturedSurface Id ="89821">
<Attribut>
<FaceType>Wall</FaceType>
</Attribut>
</TexturedSurface>
<TexturedSurface Id ="89824">
<Attribut>
<FaceType>Wall</FaceType>
</Attribut>
</TexturedSurface>
<TexturedSurface Id ="89827">
<Attribut>
<FaceType>Wall</FaceType>
</Attribut>
</TexturedSurface>
<TexturedSurface Id ="89830">
<Attribut>
<FaceType>Wall</FaceType>
<TextureRatio>15.3296</TextureRatio>
<ImageOrigine>1_6046.tif</ImageOrigine>
<CropImageOrigine>3096 839 3088 830
</CropImageOrigine>
</Attribut>
</TexturedSurface>
</WallSurface >
</BuildingPart >
</Building >
</CityModel>
</Chantier_Bati3D>
