<Chantier_Bati3D>
<Bbox>
<Xmin>533311.240</Xmin>
<Xmax>533419.960</Xmax>
<Ymin>152370.570</Ymin>
<Ymax>152497.672</Ymax>
<Zmin>394.661</Zmin>
<Zmax>407.400</Zmax>
</Bbox>
<CityModel Id ="80592">
<Building  Id ="81748">
<Attribut>
<centre>533365.600 147499.661</centre>
</Attribut>
<BuildingPart  Id ="81749">
<RoofSurface  Id ="81755">
<TexturedSurface Id ="81756">
<Attribut>
<FaceType>Roof</FaceType>
</Attribut>
<subnode Id ="81754-0">
<Attribut>
<Part>0</Part>
<TextureRatio>1.00088</TextureRatio>
<ImageOrigine>2_6076.tif</ImageOrigine>
<CropImageOrigine>1629 2234 898 1507
</CropImageOrigine>
</Attribut>
</subnode>
<subnode Id ="81754-1">
<Attribut>
<Part>1</Part>
<TextureRatio>0.999907</TextureRatio>
<ImageOrigine>2_6076.tif</ImageOrigine>
<CropImageOrigine>1390 2363 1286 2233
</CropImageOrigine>
</Attribut>
</subnode>
<subnode Id ="81754-2">
<Attribut>
<Part>2</Part>
<TextureRatio>0.999996</TextureRatio>
<ImageOrigine>2_6076.tif</ImageOrigine>
<CropImageOrigine>899 1924 892 1821
</CropImageOrigine>
</Attribut>
</subnode>
</TexturedSurface>
</RoofSurface >
<WallSurface  Id ="89876">
<TexturedSurface Id ="89877">
<Attribut>
<FaceType>Wall</FaceType>
<TextureRatio>3.45855</TextureRatio>
<ImageOrigine>1_6049.tif</ImageOrigine>
<CropImageOrigine>1616 630 1423 589
</CropImageOrigine>
</Attribut>
</TexturedSurface>
<TexturedSurface Id ="89880">
<Attribut>
<FaceType>Wall</FaceType>
<TextureRatio>2.0587</TextureRatio>
<ImageOrigine>2_6071.tif</ImageOrigine>
<CropImageOrigine>4043 1113 4003 1000
</CropImageOrigine>
</Attribut>
</TexturedSurface>
<TexturedSurface Id ="89883">
<Attribut>
<FaceType>Wall</FaceType>
<TextureRatio>1.89872</TextureRatio>
<ImageOrigine>3_6097.tif</ImageOrigine>
<CropImageOrigine>2426 3870 2231 3825
</CropImageOrigine>
</Attribut>
</TexturedSurface>
<TexturedSurface Id ="89886">
<Attribut>
<FaceType>Wall</FaceType>
<TextureRatio>2.51279</TextureRatio>
<ImageOrigine>2_6072.tif</ImageOrigine>
<CropImageOrigine>3701 1450 3665 1305
</CropImageOrigine>
</Attribut>
</TexturedSurface>
<TexturedSurface Id ="89889">
<Attribut>
<FaceType>Wall</FaceType>
<TextureRatio>2.92424</TextureRatio>
<ImageOrigine>1_6049.tif</ImageOrigine>
<CropImageOrigine>1458 401 1400 369
</CropImageOrigine>
</Attribut>
</TexturedSurface>
<TexturedSurface Id ="89892">
<Attribut>
<FaceType>Wall</FaceType>
<TextureRatio>2.58165</TextureRatio>
<ImageOrigine>2_6072.tif</ImageOrigine>
<CropImageOrigine>3659 1548 3624 1442
</CropImageOrigine>
</Attribut>
</TexturedSurface>
<TexturedSurface Id ="89895">
<Attribut>
<FaceType>Wall</FaceType>
<TextureRatio>1.92883</TextureRatio>
<ImageOrigine>3_6099.tif</ImageOrigine>
<CropImageOrigine>932 3998 861 3954
</CropImageOrigine>
</Attribut>
</TexturedSurface>
<TexturedSurface Id ="89898">
<Attribut>
<FaceType>Wall</FaceType>
<TextureRatio>2.51298</TextureRatio>
<ImageOrigine>2_6072.tif</ImageOrigine>
<CropImageOrigine>3705 1592 3671 1538
</CropImageOrigine>
</Attribut>
</TexturedSurface>
<TexturedSurface Id ="89901">
<Attribut>
<FaceType>Wall</FaceType>
<TextureRatio>1.97294</TextureRatio>
<ImageOrigine>3_6099.tif</ImageOrigine>
<CropImageOrigine>884 3952 758 3908
</CropImageOrigine>
</Attribut>
</TexturedSurface>
<TexturedSurface Id ="89904">
<Attribut>
<FaceType>Wall</FaceType>
<TextureRatio>2.29286</TextureRatio>
<ImageOrigine>2_6078.tif</ImageOrigine>
<CropImageOrigine>216 2426 175 2370
</CropImageOrigine>
</Attribut>
</TexturedSurface>
<TexturedSurface Id ="89907">
<Attribut>
<FaceType>Wall</FaceType>
</Attribut>
</TexturedSurface>
<TexturedSurface Id ="89910">
<Attribut>
<FaceType>Wall</FaceType>
</Attribut>
</TexturedSurface>
<TexturedSurface Id ="89913">
<Attribut>
<FaceType>Wall</FaceType>
</Attribut>
</TexturedSurface>
<TexturedSurface Id ="89916">
<Attribut>
<FaceType>Wall</FaceType>
</Attribut>
</TexturedSurface>
<TexturedSurface Id ="89919">
<Attribut>
<FaceType>Wall</FaceType>
</Attribut>
</TexturedSurface>
<TexturedSurface Id ="89922">
<Attribut>
<FaceType>Wall</FaceType>
</Attribut>
</TexturedSurface>
<TexturedSurface Id ="89925">
<Attribut>
<FaceType>Wall</FaceType>
</Attribut>
</TexturedSurface>
<TexturedSurface Id ="89928">
<Attribut>
<FaceType>Wall</FaceType>
</Attribut>
</TexturedSurface>
<TexturedSurface Id ="89931">
<Attribut>
<FaceType>Wall</FaceType>
</Attribut>
</TexturedSurface>
<TexturedSurface Id ="89934">
<Attribut>
<FaceType>Wall</FaceType>
</Attribut>
</TexturedSurface>
<TexturedSurface Id ="89937">
<Attribut>
<FaceType>Wall</FaceType>
</Attribut>
</TexturedSurface>
<TexturedSurface Id ="89940">
<Attribut>
<FaceType>Wall</FaceType>
</Attribut>
</TexturedSurface>
<TexturedSurface Id ="89943">
<Attribut>
<FaceType>Wall</FaceType>
</Attribut>
</TexturedSurface>
<TexturedSurface Id ="89946">
<Attribut>
<FaceType>Wall</FaceType>
<TextureRatio>2.56529</TextureRatio>
<ImageOrigine>2_6078.tif</ImageOrigine>
<CropImageOrigine>409 2574 365 2381
</CropImageOrigine>
</Attribut>
</TexturedSurface>
<TexturedSurface Id ="89949">
<Attribut>
<FaceType>Wall</FaceType>
</Attribut>
</TexturedSurface>
<TexturedSurface Id ="89952">
<Attribut>
<FaceType>Wall</FaceType>
<TextureRatio>2.5398</TextureRatio>
<ImageOrigine>3_6099.tif</ImageOrigine>
<CropImageOrigine>509 4000 475 3911
</CropImageOrigine>
</Attribut>
</TexturedSurface>
<TexturedSurface Id ="89955">
<Attribut>
<FaceType>Wall</FaceType>
<TextureRatio>1.97278</TextureRatio>
<ImageOrigine>3_6099.tif</ImageOrigine>
<CropImageOrigine>507 3954 374 3911
</CropImageOrigine>
</Attribut>
</TexturedSurface>
<TexturedSurface Id ="89958">
<Attribut>
<FaceType>Wall</FaceType>
<TextureRatio>2.6784</TextureRatio>
<ImageOrigine>3_6094.tif</ImageOrigine>
<CropImageOrigine>3789 3570 3749 3489
</CropImageOrigine>
</Attribut>
</TexturedSurface>
<TexturedSurface Id ="89961">
<Attribut>
<FaceType>Wall</FaceType>
<TextureRatio>2.07615</TextureRatio>
<ImageOrigine>3_6095.tif</ImageOrigine>
<CropImageOrigine>3230 3803 3158 3758
</CropImageOrigine>
</Attribut>
</TexturedSurface>
<TexturedSurface Id ="89964">
<Attribut>
<FaceType>Wall</FaceType>
<TextureRatio>2.76338</TextureRatio>
<ImageOrigine>3_6094.tif</ImageOrigine>
<CropImageOrigine>3750 3672 3707 3540
</CropImageOrigine>
</Attribut>
</TexturedSurface>
<TexturedSurface Id ="89967">
<Attribut>
<FaceType>Wall</FaceType>
<TextureRatio>3.10909</TextureRatio>
<ImageOrigine>1_6048.tif</ImageOrigine>
<CropImageOrigine>1835 504 1784 473
</CropImageOrigine>
</Attribut>
</TexturedSurface>
<TexturedSurface Id ="89970">
<Attribut>
<FaceType>Wall</FaceType>
<TextureRatio>2.89743</TextureRatio>
<ImageOrigine>2_6078.tif</ImageOrigine>
<CropImageOrigine>612 2298 571 2102
</CropImageOrigine>
</Attribut>
</TexturedSurface>
<TexturedSurface Id ="89973">
<Attribut>
<FaceType>Wall</FaceType>
<TextureRatio>3.87966</TextureRatio>
<ImageOrigine>1_6045.tif</ImageOrigine>
<CropImageOrigine>3421 596 3385 571
</CropImageOrigine>
</Attribut>
</TexturedSurface>
<TexturedSurface Id ="89976">
<Attribut>
<FaceType>Wall</FaceType>
<TextureRatio>4.80568</TextureRatio>
<ImageOrigine>2_6078.tif</ImageOrigine>
<CropImageOrigine>606 2103 570 2096
</CropImageOrigine>
</Attribut>
</TexturedSurface>
<TexturedSurface Id ="89979">
<Attribut>
<FaceType>Wall</FaceType>
<TextureRatio>3.07815</TextureRatio>
<ImageOrigine>2_6078.tif</ImageOrigine>
<CropImageOrigine>608 2097 576 2090
</CropImageOrigine>
</Attribut>
</TexturedSurface>
<TexturedSurface Id ="89982">
<Attribut>
<FaceType>Wall</FaceType>
<TextureRatio>2.51385</TextureRatio>
<ImageOrigine>1_6045.tif</ImageOrigine>
<CropImageOrigine>3418 613 3391 583
</CropImageOrigine>
</Attribut>
</TexturedSurface>
<TexturedSurface Id ="89985">
<Attribut>
<FaceType>Wall</FaceType>
<TextureRatio>2.59607</TextureRatio>
<ImageOrigine>1_6045.tif</ImageOrigine>
<CropImageOrigine>3425 616 3394 589
</CropImageOrigine>
</Attribut>
</TexturedSurface>
<TexturedSurface Id ="89988">
<Attribut>
<FaceType>Wall</FaceType>
<TextureRatio>3.39916</TextureRatio>
<ImageOrigine>1_6049.tif</ImageOrigine>
<CropImageOrigine>1061 649 973 619
</CropImageOrigine>
</Attribut>
</TexturedSurface>
<TexturedSurface Id ="89991">
<Attribut>
<FaceType>Wall</FaceType>
<TextureRatio>2.82651</TextureRatio>
<ImageOrigine>1_6049.tif</ImageOrigine>
<CropImageOrigine>1067 642 1041 616
</CropImageOrigine>
</Attribut>
</TexturedSurface>
<TexturedSurface Id ="89994">
<Attribut>
<FaceType>Wall</FaceType>
<TextureRatio>2.86543</TextureRatio>
<ImageOrigine>1_6049.tif</ImageOrigine>
<CropImageOrigine>1069 639 1046 612
</CropImageOrigine>
</Attribut>
</TexturedSurface>
<TexturedSurface Id ="89997">
<Attribut>
<FaceType>Wall</FaceType>
<TextureRatio>2.26417</TextureRatio>
<ImageOrigine>2_6072.tif</ImageOrigine>
<CropImageOrigine>4071 1242 4032 1223
</CropImageOrigine>
</Attribut>
</TexturedSurface>
<TexturedSurface Id ="90000">
<Attribut>
<FaceType>Wall</FaceType>
<TextureRatio>1.98605</TextureRatio>
<ImageOrigine>2_6072.tif</ImageOrigine>
<CropImageOrigine>4072 1246 4032 1227
</CropImageOrigine>
</Attribut>
</TexturedSurface>
<TexturedSurface Id ="90003">
<Attribut>
<FaceType>Wall</FaceType>
<TextureRatio>3.09869</TextureRatio>
<ImageOrigine>2_6073.tif</ImageOrigine>
<CropImageOrigine>3125 1321 3098 1306
</CropImageOrigine>
</Attribut>
</TexturedSurface>
<TexturedSurface Id ="90006">
<Attribut>
<FaceType>Wall</FaceType>
<TextureRatio>3.4869</TextureRatio>
<ImageOrigine>2_6073.tif</ImageOrigine>
<CropImageOrigine>3130 1325 3100 1310
</CropImageOrigine>
</Attribut>
</TexturedSurface>
<TexturedSurface Id ="90009">
<Attribut>
<FaceType>Wall</FaceType>
<TextureRatio>3.33618</TextureRatio>
<ImageOrigine>1_6049.tif</ImageOrigine>
<CropImageOrigine>1073 620 1041 596
</CropImageOrigine>
</Attribut>
</TexturedSurface>
<TexturedSurface Id ="90012">
<Attribut>
<FaceType>Wall</FaceType>
<TextureRatio>2.06328</TextureRatio>
<ImageOrigine>2_6072.tif</ImageOrigine>
<CropImageOrigine>4071 1436 4027 1239
</CropImageOrigine>
</Attribut>
</TexturedSurface>
<TexturedSurface Id ="90015">
<Attribut>
<FaceType>Wall</FaceType>
<TextureRatio>2.92409</TextureRatio>
<ImageOrigine>1_6049.tif</ImageOrigine>
<CropImageOrigine>1140 436 1034 400
</CropImageOrigine>
</Attribut>
</TexturedSurface>
<TexturedSurface Id ="90018">
<Attribut>
<FaceType>Wall</FaceType>
<TextureRatio>2.5598</TextureRatio>
<ImageOrigine>2_6078.tif</ImageOrigine>
<CropImageOrigine>422 2286 377 2091
</CropImageOrigine>
</Attribut>
</TexturedSurface>
<TexturedSurface Id ="90021">
<Attribut>
<FaceType>Wall</FaceType>
<TextureRatio>3.87961</TextureRatio>
<ImageOrigine>1_6045.tif</ImageOrigine>
<CropImageOrigine>3600 575 3561 550
</CropImageOrigine>
</Attribut>
</TexturedSurface>
<TexturedSurface Id ="90024">
<Attribut>
<FaceType>Wall</FaceType>
<TextureRatio>4.58034</TextureRatio>
<ImageOrigine>2_6078.tif</ImageOrigine>
<CropImageOrigine>414 2091 375 2086
</CropImageOrigine>
</Attribut>
</TexturedSurface>
<TexturedSurface Id ="90027">
<Attribut>
<FaceType>Wall</FaceType>
<TextureRatio>3.18478</TextureRatio>
<ImageOrigine>2_6078.tif</ImageOrigine>
<CropImageOrigine>417 2088 380 2083
</CropImageOrigine>
</Attribut>
</TexturedSurface>
<TexturedSurface Id ="90030">
<Attribut>
<FaceType>Wall</FaceType>
<TextureRatio>1.97403</TextureRatio>
<ImageOrigine>3_6094.tif</ImageOrigine>
<CropImageOrigine>4010 3838 3971 3793
</CropImageOrigine>
</Attribut>
</TexturedSurface>
<TexturedSurface Id ="90033">
<Attribut>
<FaceType>Wall</FaceType>
<TextureRatio>2.561</TextureRatio>
<ImageOrigine>2_6078.tif</ImageOrigine>
<CropImageOrigine>418 2080 383 2074
</CropImageOrigine>
</Attribut>
</TexturedSurface>
<TexturedSurface Id ="90036">
<Attribut>
<FaceType>Wall</FaceType>
<TextureRatio>2.23298</TextureRatio>
<ImageOrigine>1_6045.tif</ImageOrigine>
<CropImageOrigine>3599 593 3568 566
</CropImageOrigine>
</Attribut>
</TexturedSurface>
<TexturedSurface Id ="90039">
<Attribut>
<FaceType>Wall</FaceType>
<TextureRatio>2.67351</TextureRatio>
<ImageOrigine>1_6045.tif</ImageOrigine>
<CropImageOrigine>3604 595 3571 570
</CropImageOrigine>
</Attribut>
</TexturedSurface>
<TexturedSurface Id ="90042">
<Attribut>
<FaceType>Wall</FaceType>
<TextureRatio>3.39543</TextureRatio>
<ImageOrigine>1_6049.tif</ImageOrigine>
<CropImageOrigine>1239 631 1157 602
</CropImageOrigine>
</Attribut>
</TexturedSurface>
<TexturedSurface Id ="90045">
<Attribut>
<FaceType>Wall</FaceType>
<TextureRatio>3.10284</TextureRatio>
<ImageOrigine>1_6049.tif</ImageOrigine>
<CropImageOrigine>1243 625 1222 601
</CropImageOrigine>
</Attribut>
</TexturedSurface>
<TexturedSurface Id ="90048">
<Attribut>
<FaceType>Wall</FaceType>
<TextureRatio>2.93481</TextureRatio>
<ImageOrigine>1_6049.tif</ImageOrigine>
<CropImageOrigine>1246 624 1226 598
</CropImageOrigine>
</Attribut>
</TexturedSurface>
<TexturedSurface Id ="90051">
<Attribut>
<FaceType>Wall</FaceType>
<TextureRatio>3.02945</TextureRatio>
<ImageOrigine>2_6072.tif</ImageOrigine>
<CropImageOrigine>3888 1248 3850 1227
</CropImageOrigine>
</Attribut>
</TexturedSurface>
<TexturedSurface Id ="90054">
<Attribut>
<FaceType>Wall</FaceType>
<TextureRatio>2.15597</TextureRatio>
<ImageOrigine>2_6072.tif</ImageOrigine>
<CropImageOrigine>3887 1255 3850 1233
</CropImageOrigine>
</Attribut>
</TexturedSurface>
<TexturedSurface Id ="90057">
<Attribut>
<FaceType>Wall</FaceType>
<TextureRatio>2.44367</TextureRatio>
<ImageOrigine>2_6072.tif</ImageOrigine>
<CropImageOrigine>3893 1260 3852 1241
</CropImageOrigine>
</Attribut>
</TexturedSurface>
<TexturedSurface Id ="90060">
<Attribut>
<FaceType>Wall</FaceType>
<TextureRatio>3.33633</TextureRatio>
<ImageOrigine>1_6049.tif</ImageOrigine>
<CropImageOrigine>1252 603 1224 578
</CropImageOrigine>
</Attribut>
</TexturedSurface>
<TexturedSurface Id ="90063">
<Attribut>
<FaceType>Wall</FaceType>
<TextureRatio>2.26597</TextureRatio>
<ImageOrigine>2_6072.tif</ImageOrigine>
<CropImageOrigine>3886 1443 3845 1246
</CropImageOrigine>
</Attribut>
</TexturedSurface>
<TexturedSurface Id ="90066">
<Attribut>
<FaceType>Wall</FaceType>
<TextureRatio>2.92422</TextureRatio>
<ImageOrigine>1_6049.tif</ImageOrigine>
<CropImageOrigine>1320 418 1217 383
</CropImageOrigine>
</Attribut>
</TexturedSurface>
<TexturedSurface Id ="90069">
<Attribut>
<FaceType>Wall</FaceType>
<TextureRatio>2.29263</TextureRatio>
<ImageOrigine>2_6078.tif</ImageOrigine>
<CropImageOrigine>231 2275 183 2080
</CropImageOrigine>
</Attribut>
</TexturedSurface>
<TexturedSurface Id ="90072">
<Attribut>
<FaceType>Wall</FaceType>
<TextureRatio>3.57064</TextureRatio>
<ImageOrigine>1_6048.tif</ImageOrigine>
<CropImageOrigine>2218 645 2203 620
</CropImageOrigine>
</Attribut>
</TexturedSurface>
<TexturedSurface Id ="90075">
<Attribut>
<FaceType>Wall</FaceType>
<TextureRatio>4.1663</TextureRatio>
<ImageOrigine>2_6078.tif</ImageOrigine>
<CropImageOrigine>224 2080 181 2075
</CropImageOrigine>
</Attribut>
</TexturedSurface>
<TexturedSurface Id ="90078">
<Attribut>
<FaceType>Wall</FaceType>
<TextureRatio>2.68054</TextureRatio>
<ImageOrigine>2_6078.tif</ImageOrigine>
<CropImageOrigine>227 2076 187 2071
</CropImageOrigine>
</Attribut>
</TexturedSurface>
<TexturedSurface Id ="90081">
<Attribut>
<FaceType>Wall</FaceType>
<TextureRatio>2.28852</TextureRatio>
<ImageOrigine>2_6078.tif</ImageOrigine>
<CropImageOrigine>228 2072 189 2048
</CropImageOrigine>
</Attribut>
</TexturedSurface>
<TexturedSurface Id ="90084">
<Attribut>
<FaceType>Wall</FaceType>
<TextureRatio>2.33375</TextureRatio>
<ImageOrigine>2_6078.tif</ImageOrigine>
<CropImageOrigine>228 2049 189 2041
</CropImageOrigine>
</Attribut>
</TexturedSurface>
<TexturedSurface Id ="90087">
<Attribut>
<FaceType>Wall</FaceType>
<TextureRatio>3.18199</TextureRatio>
<ImageOrigine>2_6078.tif</ImageOrigine>
<CropImageOrigine>227 2042 184 2036
</CropImageOrigine>
</Attribut>
</TexturedSurface>
<TexturedSurface Id ="90090">
<Attribut>
<FaceType>Wall</FaceType>
<TextureRatio>1.77788</TextureRatio>
<ImageOrigine>3_6095.tif</ImageOrigine>
<CropImageOrigine>3668 4071 3623 4027
</CropImageOrigine>
</Attribut>
</TexturedSurface>
<TexturedSurface Id ="90093">
<Attribut>
<FaceType>Wall</FaceType>
<TextureRatio>2.29272</TextureRatio>
<ImageOrigine>2_6078.tif</ImageOrigine>
<CropImageOrigine>250 2038 196 1740
</CropImageOrigine>
</Attribut>
</TexturedSurface>
<TexturedSurface Id ="90096">
<Attribut>
<FaceType>Wall</FaceType>
<TextureRatio>5.18545</TextureRatio>
<ImageOrigine>1_6046.tif</ImageOrigine>
<CropImageOrigine>3160 834 3128 815
</CropImageOrigine>
</Attribut>
</TexturedSurface>
<TexturedSurface Id ="90099">
<Attribut>
<FaceType>Wall</FaceType>
<TextureRatio>3.12504</TextureRatio>
<ImageOrigine>2_6078.tif</ImageOrigine>
<CropImageOrigine>243 1746 200 1735
</CropImageOrigine>
</Attribut>
</TexturedSurface>
<TexturedSurface Id ="90102">
<Attribut>
<FaceType>Wall</FaceType>
<TextureRatio>2.35528</TextureRatio>
<ImageOrigine>2_6078.tif</ImageOrigine>
<CropImageOrigine>246 1742 205 1729
</CropImageOrigine>
</Attribut>
</TexturedSurface>
<TexturedSurface Id ="90105">
<Attribut>
<FaceType>Wall</FaceType>
<TextureRatio>2.39659</TextureRatio>
<ImageOrigine>2_6078.tif</ImageOrigine>
<CropImageOrigine>246 1736 207 1722
</CropImageOrigine>
</Attribut>
</TexturedSurface>
<TexturedSurface Id ="90108">
<Attribut>
<FaceType>Wall</FaceType>
<TextureRatio>2.35678</TextureRatio>
<ImageOrigine>1_6045.tif</ImageOrigine>
<CropImageOrigine>3808 883 3772 860
</CropImageOrigine>
</Attribut>
</TexturedSurface>
<TexturedSurface Id ="90111">
<Attribut>
<FaceType>Wall</FaceType>
<TextureRatio>3.43341</TextureRatio>
<ImageOrigine>1_6045.tif</ImageOrigine>
<CropImageOrigine>3814 884 3776 864
</CropImageOrigine>
</Attribut>
</TexturedSurface>
<TexturedSurface Id ="90114">
<Attribut>
<FaceType>Wall</FaceType>
<TextureRatio>4.53243</TextureRatio>
<ImageOrigine>1_6049.tif</ImageOrigine>
<CropImageOrigine>1435 933 1373 911
</CropImageOrigine>
</Attribut>
</TexturedSurface>
<TexturedSurface Id ="90117">
<Attribut>
<FaceType>Wall</FaceType>
<TextureRatio>7.46909</TextureRatio>
<ImageOrigine>1_6049.tif</ImageOrigine>
<CropImageOrigine>1435 929 1420 888
</CropImageOrigine>
</Attribut>
</TexturedSurface>
<TexturedSurface Id ="90120">
<Attribut>
<FaceType>Wall</FaceType>
<TextureRatio>4.42789</TextureRatio>
<ImageOrigine>1_6049.tif</ImageOrigine>
<CropImageOrigine>1463 906 1420 885
</CropImageOrigine>
</Attribut>
</TexturedSurface>
<TexturedSurface Id ="90123">
<Attribut>
<FaceType>Wall</FaceType>
<TextureRatio>2.51284</TextureRatio>
<ImageOrigine>2_6072.tif</ImageOrigine>
<CropImageOrigine>3694 1221 3653 926
</CropImageOrigine>
</Attribut>
</TexturedSurface>
</WallSurface >
</BuildingPart >
</Building >
</CityModel>
</Chantier_Bati3D>
