<Chantier_Bati3D>
<Bbox>
<Xmin>533316.705</Xmin>
<Xmax>533393.059</Xmax>
<Ymin>152370.570</Ymin>
<Ymax>152483.303</Ymax>
<Zmin>394.669</Zmin>
<Zmax>411.300</Zmax>
</Bbox>
<CityModel Id ="80592">
<Building  Id ="81759">
<Attribut>
<centre>533354.882 147492.476</centre>
</Attribut>
<BuildingPart  Id ="81760">
<RoofSurface  Id ="81766">
<TexturedSurface Id ="81767">
<Attribut>
<FaceType>Roof</FaceType>
</Attribut>
<subnode Id ="81765-0">
<Attribut>
<Part>0</Part>
<TextureRatio>0.999905</TextureRatio>
<ImageOrigine>2_6076.tif</ImageOrigine>
<CropImageOrigine>1590 2235 1070 1504
</CropImageOrigine>
</Attribut>
</subnode>
<subnode Id ="81765-1">
<Attribut>
<Part>1</Part>
<TextureRatio>0.99999</TextureRatio>
<ImageOrigine>2_6076.tif</ImageOrigine>
<CropImageOrigine>1381 2268 1280 2234
</CropImageOrigine>
</Attribut>
</subnode>
</TexturedSurface>
</RoofSurface >
<WallSurface  Id ="90129">
<TexturedSurface Id ="90130">
<Attribut>
<FaceType>Wall</FaceType>
<TextureRatio>2.99899</TextureRatio>
<ImageOrigine>1_6048.tif</ImageOrigine>
<CropImageOrigine>1926 443 1918 408
</CropImageOrigine>
</Attribut>
</TexturedSurface>
<TexturedSurface Id ="90133">
<Attribut>
<FaceType>Wall</FaceType>
<TextureRatio>9.70253</TextureRatio>
<ImageOrigine>2_6076.tif</ImageOrigine>
<CropImageOrigine>1484 2115 1472 2062
</CropImageOrigine>
</Attribut>
</TexturedSurface>
<TexturedSurface Id ="90136">
<Attribut>
<FaceType>Wall</FaceType>
<TextureRatio>2.91533</TextureRatio>
<ImageOrigine>1_6049.tif</ImageOrigine>
<CropImageOrigine>1117 436 1030 394
</CropImageOrigine>
</Attribut>
</TexturedSurface>
<TexturedSurface Id ="90139">
<Attribut>
<FaceType>Wall</FaceType>
<TextureRatio>2.12273</TextureRatio>
<ImageOrigine>2_6072.tif</ImageOrigine>
<CropImageOrigine>4020 1478 3969 1425
</CropImageOrigine>
</Attribut>
</TexturedSurface>
<TexturedSurface Id ="90142">
<Attribut>
<FaceType>Wall</FaceType>
<TextureRatio>2.84017</TextureRatio>
<ImageOrigine>1_6049.tif</ImageOrigine>
<CropImageOrigine>1133 390 1087 352
</CropImageOrigine>
</Attribut>
</TexturedSurface>
<TexturedSurface Id ="90145">
<Attribut>
<FaceType>Wall</FaceType>
<TextureRatio>2.14552</TextureRatio>
<ImageOrigine>2_6072.tif</ImageOrigine>
<CropImageOrigine>3999 1487 3949 1466
</CropImageOrigine>
</Attribut>
</TexturedSurface>
<TexturedSurface Id ="90148">
<Attribut>
<FaceType>Wall</FaceType>
<TextureRatio>2.9989</TextureRatio>
<ImageOrigine>1_6048.tif</ImageOrigine>
<CropImageOrigine>2008 436 2001 400
</CropImageOrigine>
</Attribut>
</TexturedSurface>
<TexturedSurface Id ="90151">
<Attribut>
<FaceType>Wall</FaceType>
<TextureRatio>2.55155</TextureRatio>
<ImageOrigine>2_6078.tif</ImageOrigine>
<CropImageOrigine>422 2339 364 2091
</CropImageOrigine>
</Attribut>
</TexturedSurface>
<TexturedSurface Id ="90154">
<Attribut>
<FaceType>Wall</FaceType>
<TextureRatio>3.86845</TextureRatio>
<ImageOrigine>1_6045.tif</ImageOrigine>
<CropImageOrigine>3608 575 3561 542
</CropImageOrigine>
</Attribut>
</TexturedSurface>
<TexturedSurface Id ="90157">
<Attribut>
<FaceType>Wall</FaceType>
<TextureRatio>4.16813</TextureRatio>
<ImageOrigine>2_6078.tif</ImageOrigine>
<CropImageOrigine>416 2092 365 2085
</CropImageOrigine>
</Attribut>
</TexturedSurface>
<TexturedSurface Id ="90160">
<Attribut>
<FaceType>Wall</FaceType>
<TextureRatio>2.70236</TextureRatio>
<ImageOrigine>2_6078.tif</ImageOrigine>
<CropImageOrigine>418 2086 371 2078
</CropImageOrigine>
</Attribut>
</TexturedSurface>
<TexturedSurface Id ="90163">
<Attribut>
<FaceType>Wall</FaceType>
<TextureRatio>2.28711</TextureRatio>
<ImageOrigine>1_6045.tif</ImageOrigine>
<CropImageOrigine>3605 592 3566 554
</CropImageOrigine>
</Attribut>
</TexturedSurface>
<TexturedSurface Id ="90166">
<Attribut>
<FaceType>Wall</FaceType>
<TextureRatio>2.40514</TextureRatio>
<ImageOrigine>1_6045.tif</ImageOrigine>
<CropImageOrigine>3611 595 3569 561
</CropImageOrigine>
</Attribut>
</TexturedSurface>
<TexturedSurface Id ="90169">
<Attribut>
<FaceType>Wall</FaceType>
<TextureRatio>3.39715</TextureRatio>
<ImageOrigine>1_6049.tif</ImageOrigine>
<CropImageOrigine>1239 631 1149 595
</CropImageOrigine>
</Attribut>
</TexturedSurface>
<TexturedSurface Id ="90172">
<Attribut>
<FaceType>Wall</FaceType>
<TextureRatio>3.09365</TextureRatio>
<ImageOrigine>1_6049.tif</ImageOrigine>
<CropImageOrigine>1243 625 1217 594
</CropImageOrigine>
</Attribut>
</TexturedSurface>
<TexturedSurface Id ="90175">
<Attribut>
<FaceType>Wall</FaceType>
<TextureRatio>2.92609</TextureRatio>
<ImageOrigine>1_6049.tif</ImageOrigine>
<CropImageOrigine>1246 624 1221 591
</CropImageOrigine>
</Attribut>
</TexturedSurface>
<TexturedSurface Id ="90178">
<Attribut>
<FaceType>Wall</FaceType>
<TextureRatio>3.02018</TextureRatio>
<ImageOrigine>2_6072.tif</ImageOrigine>
<CropImageOrigine>3899 1248 3850 1222
</CropImageOrigine>
</Attribut>
</TexturedSurface>
<TexturedSurface Id ="90181">
<Attribut>
<FaceType>Wall</FaceType>
<TextureRatio>2.14936</TextureRatio>
<ImageOrigine>2_6072.tif</ImageOrigine>
<CropImageOrigine>3899 1255 3850 1229
</CropImageOrigine>
</Attribut>
</TexturedSurface>
<TexturedSurface Id ="90184">
<Attribut>
<FaceType>Wall</FaceType>
<TextureRatio>2.43618</TextureRatio>
<ImageOrigine>2_6072.tif</ImageOrigine>
<CropImageOrigine>3904 1260 3852 1236
</CropImageOrigine>
</Attribut>
</TexturedSurface>
<TexturedSurface Id ="90187">
<Attribut>
<FaceType>Wall</FaceType>
<TextureRatio>3.32628</TextureRatio>
<ImageOrigine>1_6049.tif</ImageOrigine>
<CropImageOrigine>1252 603 1219 571
</CropImageOrigine>
</Attribut>
</TexturedSurface>
<TexturedSurface Id ="90190">
<Attribut>
<FaceType>Wall</FaceType>
<TextureRatio>2.25906</TextureRatio>
<ImageOrigine>2_6072.tif</ImageOrigine>
<CropImageOrigine>3899 1491 3845 1242
</CropImageOrigine>
</Attribut>
</TexturedSurface>
<TexturedSurface Id ="90193">
<Attribut>
<FaceType>Wall</FaceType>
<TextureRatio>2.99901</TextureRatio>
<ImageOrigine>1_6048.tif</ImageOrigine>
<CropImageOrigine>2103 426 2099 390
</CropImageOrigine>
</Attribut>
</TexturedSurface>
<TexturedSurface Id ="90196">
<Attribut>
<FaceType>Wall</FaceType>
<TextureRatio>6.75123</TextureRatio>
<ImageOrigine>2_6076.tif</ImageOrigine>
<CropImageOrigine>1294 2115 1276 2103
</CropImageOrigine>
</Attribut>
</TexturedSurface>
<TexturedSurface Id ="90199">
<Attribut>
<FaceType>Wall</FaceType>
<TextureRatio>2.84024</TextureRatio>
<ImageOrigine>1_6049.tif</ImageOrigine>
<CropImageOrigine>1257 379 1210 340
</CropImageOrigine>
</Attribut>
</TexturedSurface>
<TexturedSurface Id ="90202">
<Attribut>
<FaceType>Wall</FaceType>
<TextureRatio>2.36616</TextureRatio>
<ImageOrigine>2_6078.tif</ImageOrigine>
<CropImageOrigine>283 2322 233 2276
</CropImageOrigine>
</Attribut>
</TexturedSurface>
<TexturedSurface Id ="90205">
<Attribut>
<FaceType>Wall</FaceType>
<TextureRatio>2.9103</TextureRatio>
<ImageOrigine>1_6049.tif</ImageOrigine>
<CropImageOrigine>1317 413 1239 372
</CropImageOrigine>
</Attribut>
</TexturedSurface>
<TexturedSurface Id ="90208">
<Attribut>
<FaceType>Wall</FaceType>
<TextureRatio>4.18597</TextureRatio>
<ImageOrigine>2_6073.tif</ImageOrigine>
<CropImageOrigine>2857 1561 2831 1507
</CropImageOrigine>
</Attribut>
</TexturedSurface>
<TexturedSurface Id ="90211">
<Attribut>
<FaceType>Wall</FaceType>
<TextureRatio>2.99901</TextureRatio>
<ImageOrigine>1_6048.tif</ImageOrigine>
<CropImageOrigine>2186 418 2181 382
</CropImageOrigine>
</Attribut>
</TexturedSurface>
<TexturedSurface Id ="90214">
<Attribut>
<FaceType>Wall</FaceType>
<TextureRatio>2.28525</TextureRatio>
<ImageOrigine>2_6078.tif</ImageOrigine>
<CropImageOrigine>231 2328 169 2080
</CropImageOrigine>
</Attribut>
</TexturedSurface>
<TexturedSurface Id ="90217">
<Attribut>
<FaceType>Wall</FaceType>
<TextureRatio>3.76201</TextureRatio>
<ImageOrigine>1_6045.tif</ImageOrigine>
<CropImageOrigine>3790 555 3737 521
</CropImageOrigine>
</Attribut>
</TexturedSurface>
<TexturedSurface Id ="90220">
<Attribut>
<FaceType>Wall</FaceType>
<TextureRatio>5.35761</TextureRatio>
<ImageOrigine>2_6078.tif</ImageOrigine>
<CropImageOrigine>224 2080 168 2075
</CropImageOrigine>
</Attribut>
</TexturedSurface>
<TexturedSurface Id ="90223">
<Attribut>
<FaceType>Wall</FaceType>
<TextureRatio>2.54142</TextureRatio>
<ImageOrigine>2_6078.tif</ImageOrigine>
<CropImageOrigine>227 2077 175 2069
</CropImageOrigine>
</Attribut>
</TexturedSurface>
<TexturedSurface Id ="90226">
<Attribut>
<FaceType>Wall</FaceType>
<TextureRatio>2.27661</TextureRatio>
<ImageOrigine>2_6078.tif</ImageOrigine>
<CropImageOrigine>228 2070 178 2045
</CropImageOrigine>
</Attribut>
</TexturedSurface>
<TexturedSurface Id ="90229">
<Attribut>
<FaceType>Wall</FaceType>
<TextureRatio>2.47762</TextureRatio>
<ImageOrigine>2_6078.tif</ImageOrigine>
<CropImageOrigine>228 2046 177 2040
</CropImageOrigine>
</Attribut>
</TexturedSurface>
<TexturedSurface Id ="90232">
<Attribut>
<FaceType>Wall</FaceType>
<TextureRatio>3.3185</TextureRatio>
<ImageOrigine>2_6078.tif</ImageOrigine>
<CropImageOrigine>226 2041 172 2036
</CropImageOrigine>
</Attribut>
</TexturedSurface>
<TexturedSurface Id ="90235">
<Attribut>
<FaceType>Wall</FaceType>
<TextureRatio>1.8016</TextureRatio>
<ImageOrigine>3_6096.tif</ImageOrigine>
<CropImageOrigine>3069 3970 3031 3912
</CropImageOrigine>
</Attribut>
</TexturedSurface>
<TexturedSurface Id ="90238">
<Attribut>
<FaceType>Wall</FaceType>
<TextureRatio>2.28533</TextureRatio>
<ImageOrigine>2_6078.tif</ImageOrigine>
<CropImageOrigine>250 2038 185 1738
</CropImageOrigine>
</Attribut>
</TexturedSurface>
<TexturedSurface Id ="90241">
<Attribut>
<FaceType>Wall</FaceType>
<TextureRatio>5.17056</TextureRatio>
<ImageOrigine>1_6046.tif</ImageOrigine>
<CropImageOrigine>3167 834 3128 809
</CropImageOrigine>
</Attribut>
</TexturedSurface>
<TexturedSurface Id ="90244">
<Attribut>
<FaceType>Wall</FaceType>
<TextureRatio>3.01926</TextureRatio>
<ImageOrigine>2_6078.tif</ImageOrigine>
<CropImageOrigine>244 1746 188 1732
</CropImageOrigine>
</Attribut>
</TexturedSurface>
<TexturedSurface Id ="90247">
<Attribut>
<FaceType>Wall</FaceType>
<TextureRatio>2.29932</TextureRatio>
<ImageOrigine>2_6078.tif</ImageOrigine>
<CropImageOrigine>246 1741 194 1726
</CropImageOrigine>
</Attribut>
</TexturedSurface>
<TexturedSurface Id ="90250">
<Attribut>
<FaceType>Wall</FaceType>
<TextureRatio>2.4793</TextureRatio>
<ImageOrigine>2_6078.tif</ImageOrigine>
<CropImageOrigine>246 1735 195 1720
</CropImageOrigine>
</Attribut>
</TexturedSurface>
<TexturedSurface Id ="90253">
<Attribut>
<FaceType>Wall</FaceType>
<TextureRatio>2.5688</TextureRatio>
<ImageOrigine>1_6045.tif</ImageOrigine>
<CropImageOrigine>3820 884 3773 856
</CropImageOrigine>
</Attribut>
</TexturedSurface>
<TexturedSurface Id ="90256">
<Attribut>
<FaceType>Wall</FaceType>
<TextureRatio>4.5431</TextureRatio>
<ImageOrigine>1_6049.tif</ImageOrigine>
<CropImageOrigine>1435 933 1365 906
</CropImageOrigine>
</Attribut>
</TexturedSurface>
<TexturedSurface Id ="90259">
<Attribut>
<FaceType>Wall</FaceType>
<TextureRatio>2.4599</TextureRatio>
<ImageOrigine>2_6072.tif</ImageOrigine>
<CropImageOrigine>3728 946 3683 896
</CropImageOrigine>
</Attribut>
</TexturedSurface>
<TexturedSurface Id ="90262">
<Attribut>
<FaceType>Wall</FaceType>
<TextureRatio>4.41455</TextureRatio>
<ImageOrigine>1_6049.tif</ImageOrigine>
<CropImageOrigine>1463 906 1416 880
</CropImageOrigine>
</Attribut>
</TexturedSurface>
<TexturedSurface Id ="90265">
<Attribut>
<FaceType>Wall</FaceType>
<TextureRatio>2.50513</TextureRatio>
<ImageOrigine>2_6072.tif</ImageOrigine>
<CropImageOrigine>3705 1226 3653 920
</CropImageOrigine>
</Attribut>
</TexturedSurface>
<TexturedSurface Id ="90268">
<Attribut>
<FaceType>Wall</FaceType>
<TextureRatio>6.43085</TextureRatio>
<ImageOrigine>2_6072.tif</ImageOrigine>
<CropImageOrigine>3717 1226 3662 1207
</CropImageOrigine>
</Attribut>
</TexturedSurface>
<TexturedSurface Id ="90271">
<Attribut>
<FaceType>Wall</FaceType>
<TextureRatio>7.08483</TextureRatio>
<ImageOrigine>2_6072.tif</ImageOrigine>
<CropImageOrigine>3716 1230 3669 1207
</CropImageOrigine>
</Attribut>
</TexturedSurface>
<TexturedSurface Id ="90274">
<Attribut>
<FaceType>Wall</FaceType>
<TextureRatio>3.37827</TextureRatio>
<ImageOrigine>2_6072.tif</ImageOrigine>
<CropImageOrigine>3711 1235 3667 1211
</CropImageOrigine>
</Attribut>
</TexturedSurface>
<TexturedSurface Id ="90277">
<Attribut>
<FaceType>Wall</FaceType>
<TextureRatio>2.50837</TextureRatio>
<ImageOrigine>2_6072.tif</ImageOrigine>
<CropImageOrigine>3710 1257 3667 1216
</CropImageOrigine>
</Attribut>
</TexturedSurface>
<TexturedSurface Id ="90280">
<Attribut>
<FaceType>Wall</FaceType>
<TextureRatio>2.34475</TextureRatio>
<ImageOrigine>2_6072.tif</ImageOrigine>
<CropImageOrigine>3713 1263 3668 1238
</CropImageOrigine>
</Attribut>
</TexturedSurface>
<TexturedSurface Id ="90283">
<Attribut>
<FaceType>Wall</FaceType>
<TextureRatio>3.00244</TextureRatio>
<ImageOrigine>2_6072.tif</ImageOrigine>
<CropImageOrigine>3719 1266 3671 1245
</CropImageOrigine>
</Attribut>
</TexturedSurface>
<TexturedSurface Id ="90286">
<Attribut>
<FaceType>Wall</FaceType>
<TextureRatio>2.48568</TextureRatio>
<ImageOrigine>2_6072.tif</ImageOrigine>
<CropImageOrigine>3719 1269 3676 1248
</CropImageOrigine>
</Attribut>
</TexturedSurface>
<TexturedSurface Id ="90289">
<Attribut>
<FaceType>Wall</FaceType>
<TextureRatio>3.32052</TextureRatio>
<ImageOrigine>1_6049.tif</ImageOrigine>
<CropImageOrigine>1432 583 1401 551
</CropImageOrigine>
</Attribut>
</TexturedSurface>
<TexturedSurface Id ="90292">
<Attribut>
<FaceType>Wall</FaceType>
<TextureRatio>2.5051</TextureRatio>
<ImageOrigine>2_6072.tif</ImageOrigine>
<CropImageOrigine>3713 1498 3663 1252
</CropImageOrigine>
</Attribut>
</TexturedSurface>
<TexturedSurface Id ="90295">
<Attribut>
<FaceType>Wall</FaceType>
<TextureRatio>2.9991</TextureRatio>
<ImageOrigine>1_6048.tif</ImageOrigine>
<CropImageOrigine>2284 409 2277 372
</CropImageOrigine>
</Attribut>
</TexturedSurface>
<TexturedSurface Id ="90298">
<Attribut>
<FaceType>Wall</FaceType>
<TextureRatio>5.1766</TextureRatio>
<ImageOrigine>2_6076.tif</ImageOrigine>
<CropImageOrigine>1103 2115 1081 2102
</CropImageOrigine>
</Attribut>
</TexturedSurface>
<TexturedSurface Id ="90301">
<Attribut>
<FaceType>Wall</FaceType>
<TextureRatio>2.8433</TextureRatio>
<ImageOrigine>1_6049.tif</ImageOrigine>
<CropImageOrigine>1422 363 1395 325
</CropImageOrigine>
</Attribut>
</TexturedSurface>
<TexturedSurface Id ="90304">
<Attribut>
<FaceType>Wall</FaceType>
<TextureRatio>2.52338</TextureRatio>
<ImageOrigine>2_6072.tif</ImageOrigine>
<CropImageOrigine>3702 1557 3658 1476
</CropImageOrigine>
</Attribut>
</TexturedSurface>
<TexturedSurface Id ="90307">
<Attribut>
<FaceType>Wall</FaceType>
<TextureRatio>2.04616</TextureRatio>
<ImageOrigine>3_6098.tif</ImageOrigine>
<CropImageOrigine>1632 3939 1411 3878
</CropImageOrigine>
</Attribut>
</TexturedSurface>
<TexturedSurface Id ="90310">
<Attribut>
<FaceType>Wall</FaceType>
<TextureRatio>2.25899</TextureRatio>
<ImageOrigine>2_6072.tif</ImageOrigine>
<CropImageOrigine>3903 1634 3853 1539
</CropImageOrigine>
</Attribut>
</TexturedSurface>
<TexturedSurface Id ="90313">
<Attribut>
<FaceType>Wall</FaceType>
<TextureRatio>2.14029</TextureRatio>
<ImageOrigine>3_6098.tif</ImageOrigine>
<CropImageOrigine>1426 3854 1307 3799
</CropImageOrigine>
</Attribut>
</TexturedSurface>
<TexturedSurface Id ="90316">
<Attribut>
<FaceType>Wall</FaceType>
<TextureRatio>2.54832</TextureRatio>
<ImageOrigine>2_6078.tif</ImageOrigine>
<CropImageOrigine>403 2492 353 2392
</CropImageOrigine>
</Attribut>
</TexturedSurface>
<TexturedSurface Id ="90319">
<Attribut>
<FaceType>Wall</FaceType>
<TextureRatio>2.12412</TextureRatio>
<ImageOrigine>3_6096.tif</ImageOrigine>
<CropImageOrigine>2818 3694 2596 3613
</CropImageOrigine>
</Attribut>
</TexturedSurface>
<TexturedSurface Id ="90322">
<Attribut>
<FaceType>Wall</FaceType>
<TextureRatio>2.68955</TextureRatio>
<ImageOrigine>3_6094.tif</ImageOrigine>
<CropImageOrigine>3794 3642 3741 3525
</CropImageOrigine>
</Attribut>
</TexturedSurface>
<TexturedSurface Id ="90325">
<Attribut>
<FaceType>Wall</FaceType>
<TextureRatio>3.01978</TextureRatio>
<ImageOrigine>1_6048.tif</ImageOrigine>
<CropImageOrigine>1829 463 1813 428
</CropImageOrigine>
</Attribut>
</TexturedSurface>
<TexturedSurface Id ="90328">
<Attribut>
<FaceType>Wall</FaceType>
<TextureRatio>4.25981</TextureRatio>
<ImageOrigine>1_6049.tif</ImageOrigine>
<CropImageOrigine>954 408 924 361
</CropImageOrigine>
</Attribut>
</TexturedSurface>
<TexturedSurface Id ="90331">
<Attribut>
<FaceType>Wall</FaceType>
<TextureRatio>2.99887</TextureRatio>
<ImageOrigine>1_6048.tif</ImageOrigine>
<CropImageOrigine>1831 453 1820 417
</CropImageOrigine>
</Attribut>
</TexturedSurface>
<TexturedSurface Id ="90334">
<Attribut>
<FaceType>Wall</FaceType>
<TextureRatio>2.88811</TextureRatio>
<ImageOrigine>2_6078.tif</ImageOrigine>
<CropImageOrigine>612 2350 559 2102
</CropImageOrigine>
</Attribut>
</TexturedSurface>
<TexturedSurface Id ="90337">
<Attribut>
<FaceType>Wall</FaceType>
<TextureRatio>3.86836</TextureRatio>
<ImageOrigine>1_6045.tif</ImageOrigine>
<CropImageOrigine>3428 596 3385 564
</CropImageOrigine>
</Attribut>
</TexturedSurface>
<TexturedSurface Id ="90340">
<Attribut>
<FaceType>Wall</FaceType>
<TextureRatio>4.79019</TextureRatio>
<ImageOrigine>2_6078.tif</ImageOrigine>
<CropImageOrigine>606 2103 560 2096
</CropImageOrigine>
</Attribut>
</TexturedSurface>
<TexturedSurface Id ="90343">
<Attribut>
<FaceType>Wall</FaceType>
<TextureRatio>1.96973</TextureRatio>
<ImageOrigine>3_6094.tif</ImageOrigine>
<CropImageOrigine>3832 3873 3785 3813
</CropImageOrigine>
</Attribut>
</TexturedSurface>
<TexturedSurface Id ="90346">
<Attribut>
<FaceType>Wall</FaceType>
<TextureRatio>2.95998</TextureRatio>
<ImageOrigine>2_6078.tif</ImageOrigine>
<CropImageOrigine>608 2091 566 2082
</CropImageOrigine>
</Attribut>
</TexturedSurface>
<TexturedSurface Id ="90349">
<Attribut>
<FaceType>Wall</FaceType>
<TextureRatio>2.54224</TextureRatio>
<ImageOrigine>1_6045.tif</ImageOrigine>
<CropImageOrigine>3431 616 3394 582
</CropImageOrigine>
</Attribut>
</TexturedSurface>
<TexturedSurface Id ="90352">
<Attribut>
<FaceType>Wall</FaceType>
<TextureRatio>3.39186</TextureRatio>
<ImageOrigine>1_6049.tif</ImageOrigine>
<CropImageOrigine>1062 648 966 612
</CropImageOrigine>
</Attribut>
</TexturedSurface>
<TexturedSurface Id ="90355">
<Attribut>
<FaceType>Wall</FaceType>
<TextureRatio>2.74824</TextureRatio>
<ImageOrigine>1_6049.tif</ImageOrigine>
<CropImageOrigine>1068 642 1036 608
</CropImageOrigine>
</Attribut>
</TexturedSurface>
<TexturedSurface Id ="90358">
<Attribut>
<FaceType>Wall</FaceType>
<TextureRatio>3.27969</TextureRatio>
<ImageOrigine>1_6049.tif</ImageOrigine>
<CropImageOrigine>1070 638 1042 601
</CropImageOrigine>
</Attribut>
</TexturedSurface>
<TexturedSurface Id ="90361">
<Attribut>
<FaceType>Wall</FaceType>
<TextureRatio>3.06743</TextureRatio>
<ImageOrigine>2_6073.tif</ImageOrigine>
<CropImageOrigine>3132 1319 3098 1299
</CropImageOrigine>
</Attribut>
</TexturedSurface>
<TexturedSurface Id ="90364">
<Attribut>
<FaceType>Wall</FaceType>
<TextureRatio>3.36661</TextureRatio>
<ImageOrigine>2_6073.tif</ImageOrigine>
<CropImageOrigine>3137 1325 3099 1305
</CropImageOrigine>
</Attribut>
</TexturedSurface>
<TexturedSurface Id ="90367">
<Attribut>
<FaceType>Wall</FaceType>
<TextureRatio>3.32628</TextureRatio>
<ImageOrigine>1_6049.tif</ImageOrigine>
<CropImageOrigine>1073 620 1035 588
</CropImageOrigine>
</Attribut>
</TexturedSurface>
<TexturedSurface Id ="90370">
<Attribut>
<FaceType>Wall</FaceType>
<TextureRatio>3.30024</TextureRatio>
<ImageOrigine>2_6073.tif</ImageOrigine>
<CropImageOrigine>3128 1556 3093 1310
</CropImageOrigine>
</Attribut>
</TexturedSurface>
</WallSurface >
</BuildingPart >
</Building >
</CityModel>
</Chantier_Bati3D>
