<Chantier_Bati3D>
<Bbox>
<Xmin>533377.090</Xmin>
<Xmax>533390.110</Xmax>
<Ymin>152449.490</Ymin>
<Ymax>152458.999</Ymax>
<Zmin>394.771</Zmin>
<Zmax>415.010</Zmax>
</Bbox>
<CityModel Id ="80592">
<Building  Id ="81770">
<Attribut>
<centre>533383.600 147480.324</centre>
</Attribut>
<BuildingPart  Id ="81771">
<RoofSurface  Id ="81777">
<TexturedSurface Id ="81778">
<Attribut>
<FaceType>Roof</FaceType>
<TextureRatio>0.999989</TextureRatio>
<ImageOrigine>2_6076.tif</ImageOrigine>
<CropImageOrigine>1176 2105 1085 2039
</CropImageOrigine>
</Attribut>
</TexturedSurface>
</RoofSurface >
<WallSurface  Id ="90376">
<TexturedSurface Id ="90377">
<Attribut>
<FaceType>Wall</FaceType>
<TextureRatio>1.94982</TextureRatio>
<ImageOrigine>3_6098.tif</ImageOrigine>
<CropImageOrigine>1616 4039 1594 3969
</CropImageOrigine>
</Attribut>
</TexturedSurface>
<TexturedSurface Id ="90380">
<Attribut>
<FaceType>Wall</FaceType>
<TextureRatio>2.48031</TextureRatio>
<ImageOrigine>2_6072.tif</ImageOrigine>
<CropImageOrigine>3734 1485 3681 1452
</CropImageOrigine>
</Attribut>
</TexturedSurface>
<TexturedSurface Id ="90383">
<Attribut>
<FaceType>Wall</FaceType>
<TextureRatio>2.33985</TextureRatio>
<ImageOrigine>3_6098.tif</ImageOrigine>
<CropImageOrigine>1610 4020 1592 3950
</CropImageOrigine>
</Attribut>
</TexturedSurface>
<TexturedSurface Id ="90386">
<Attribut>
<FaceType>Wall</FaceType>
<TextureRatio>1.96948</TextureRatio>
<ImageOrigine>3_6098.tif</ImageOrigine>
<CropImageOrigine>1609 4022 1517 3950
</CropImageOrigine>
</Attribut>
</TexturedSurface>
<TexturedSurface Id ="90389">
<Attribut>
<FaceType>Wall</FaceType>
<TextureRatio>1.82093</TextureRatio>
<ImageOrigine>3_6095.tif</ImageOrigine>
<CropImageOrigine>3655 3825 3601 3762
</CropImageOrigine>
</Attribut>
</TexturedSurface>
<TexturedSurface Id ="90392">
<Attribut>
<FaceType>Wall</FaceType>
<TextureRatio>2.26317</TextureRatio>
<ImageOrigine>2_6078.tif</ImageOrigine>
<CropImageOrigine>208 2315 146 2288
</CropImageOrigine>
</Attribut>
</TexturedSurface>
<TexturedSurface Id ="90395">
<Attribut>
<FaceType>Wall</FaceType>
<TextureRatio>1.98154</TextureRatio>
<ImageOrigine>3_6095.tif</ImageOrigine>
<CropImageOrigine>3656 3844 3598 3782
</CropImageOrigine>
</Attribut>
</TexturedSurface>
<TexturedSurface Id ="90398">
<Attribut>
<FaceType>Wall</FaceType>
<TextureRatio>2.26961</TextureRatio>
<ImageOrigine>2_6078.tif</ImageOrigine>
<CropImageOrigine>215 2297 152 2268
</CropImageOrigine>
</Attribut>
</TexturedSurface>
<TexturedSurface Id ="90401">
<Attribut>
<FaceType>Wall</FaceType>
<TextureRatio>3.09424</TextureRatio>
<ImageOrigine>1_6048.tif</ImageOrigine>
<CropImageOrigine>2203 466 2195 422
</CropImageOrigine>
</Attribut>
</TexturedSurface>
<TexturedSurface Id ="90404">
<Attribut>
<FaceType>Wall</FaceType>
<TextureRatio>2.25848</TextureRatio>
<ImageOrigine>2_6078.tif</ImageOrigine>
<CropImageOrigine>210 2276 148 2246
</CropImageOrigine>
</Attribut>
</TexturedSurface>
<TexturedSurface Id ="90407">
<Attribut>
<FaceType>Wall</FaceType>
<TextureRatio>2.14277</TextureRatio>
<ImageOrigine>1_6045.tif</ImageOrigine>
<CropImageOrigine>3785 399 3734 354
</CropImageOrigine>
</Attribut>
</TexturedSurface>
<TexturedSurface Id ="90410">
<Attribut>
<FaceType>Wall</FaceType>
<TextureRatio>2.95042</TextureRatio>
<ImageOrigine>1_6049.tif</ImageOrigine>
<CropImageOrigine>1404 433 1311 382
</CropImageOrigine>
</Attribut>
</TexturedSurface>
<TexturedSurface Id ="90413">
<Attribut>
<FaceType>Wall</FaceType>
<TextureRatio>3.55177</TextureRatio>
<ImageOrigine>2_6072.tif</ImageOrigine>
<CropImageOrigine>3732 1428 3680 1409
</CropImageOrigine>
</Attribut>
</TexturedSurface>
<TexturedSurface Id ="90416">
<Attribut>
<FaceType>Wall</FaceType>
<TextureRatio>2.48043</TextureRatio>
<ImageOrigine>2_6072.tif</ImageOrigine>
<CropImageOrigine>3733 1449 3680 1411
</CropImageOrigine>
</Attribut>
</TexturedSurface>
<TexturedSurface Id ="90419">
<Attribut>
<FaceType>Wall</FaceType>
<TextureRatio>2.90973</TextureRatio>
<ImageOrigine>1_6049.tif</ImageOrigine>
<CropImageOrigine>1408 404 1381 359
</CropImageOrigine>
</Attribut>
</TexturedSurface>
<TexturedSurface Id ="90422">
<Attribut>
<FaceType>Wall</FaceType>
<TextureRatio>2.48787</TextureRatio>
<ImageOrigine>2_6072.tif</ImageOrigine>
<CropImageOrigine>3728 1468 3675 1432
</CropImageOrigine>
</Attribut>
</TexturedSurface>
</WallSurface >
</BuildingPart >
</Building >
</CityModel>
</Chantier_Bati3D>
