<Chantier_Bati3D>
<Bbox>
<Xmin>533319.490</Xmin>
<Xmax>533332.510</Xmax>
<Ymin>152449.490</Ymin>
<Ymax>152458.999</Ymax>
<Zmin>394.837</Zmin>
<Zmax>415.010</Zmax>
</Bbox>
<CityModel Id ="80592">
<Building  Id ="81781">
<Attribut>
<centre>533326.000 147480.324</centre>
</Attribut>
<BuildingPart  Id ="81782">
<RoofSurface  Id ="81788">
<TexturedSurface Id ="81789">
<Attribut>
<FaceType>Roof</FaceType>
<TextureRatio>0.999991</TextureRatio>
<ImageOrigine>2_6078.tif</ImageOrigine>
<CropImageOrigine>547 2341 456 2271
</CropImageOrigine>
</Attribut>
</TexturedSurface>
</RoofSurface >
<WallSurface  Id ="90428">
<TexturedSurface Id ="90429">
<Attribut>
<FaceType>Wall</FaceType>
<TextureRatio>1.94967</TextureRatio>
<ImageOrigine>3_6098.tif</ImageOrigine>
<CropImageOrigine>1238 4051 1203 3981
</CropImageOrigine>
</Attribut>
</TexturedSurface>
<TexturedSurface Id ="90432">
<Attribut>
<FaceType>Wall</FaceType>
<TextureRatio>3.25978</TextureRatio>
<ImageOrigine>2_6073.tif</ImageOrigine>
<CropImageOrigine>3147 1543 3107 1515
</CropImageOrigine>
</Attribut>
</TexturedSurface>
<TexturedSurface Id ="90435">
<Attribut>
<FaceType>Wall</FaceType>
<TextureRatio>2.00008</TextureRatio>
<ImageOrigine>3_6098.tif</ImageOrigine>
<CropImageOrigine>1231 4032 1201 3962
</CropImageOrigine>
</Attribut>
</TexturedSurface>
<TexturedSurface Id ="90438">
<Attribut>
<FaceType>Wall</FaceType>
<TextureRatio>1.97015</TextureRatio>
<ImageOrigine>3_6098.tif</ImageOrigine>
<CropImageOrigine>1230 4034 1126 3962
</CropImageOrigine>
</Attribut>
</TexturedSurface>
<TexturedSurface Id ="90441">
<Attribut>
<FaceType>Wall</FaceType>
<TextureRatio>1.69408</TextureRatio>
<ImageOrigine>3_6094.tif</ImageOrigine>
<CropImageOrigine>3828 3653 3771 3591
</CropImageOrigine>
</Attribut>
</TexturedSurface>
<TexturedSurface Id ="90444">
<Attribut>
<FaceType>Wall</FaceType>
<TextureRatio>2.63953</TextureRatio>
<ImageOrigine>3_6094.tif</ImageOrigine>
<CropImageOrigine>3830 3670 3771 3593
</CropImageOrigine>
</Attribut>
</TexturedSurface>
<TexturedSurface Id ="90447">
<Attribut>
<FaceType>Wall</FaceType>
<TextureRatio>1.98149</TextureRatio>
<ImageOrigine>3_6095.tif</ImageOrigine>
<CropImageOrigine>3268 3900 3223 3836
</CropImageOrigine>
</Attribut>
</TexturedSurface>
<TexturedSurface Id ="90450">
<Attribut>
<FaceType>Wall</FaceType>
<TextureRatio>2.64918</TextureRatio>
<ImageOrigine>3_6094.tif</ImageOrigine>
<CropImageOrigine>3826 3690 3768 3611
</CropImageOrigine>
</Attribut>
</TexturedSurface>
<TexturedSurface Id ="90453">
<Attribut>
<FaceType>Wall</FaceType>
<TextureRatio>3.09408</TextureRatio>
<ImageOrigine>1_6048.tif</ImageOrigine>
<CropImageOrigine>1846 500 1832 458
</CropImageOrigine>
</Attribut>
</TexturedSurface>
<TexturedSurface Id ="90456">
<Attribut>
<FaceType>Wall</FaceType>
<TextureRatio>2.84772</TextureRatio>
<ImageOrigine>2_6078.tif</ImageOrigine>
<CropImageOrigine>591 2299 541 2268
</CropImageOrigine>
</Attribut>
</TexturedSurface>
<TexturedSurface Id ="90459">
<Attribut>
<FaceType>Wall</FaceType>
<TextureRatio>2.3575</TextureRatio>
<ImageOrigine>1_6045.tif</ImageOrigine>
<CropImageOrigine>3422 441 3382 397
</CropImageOrigine>
</Attribut>
</TexturedSurface>
<TexturedSurface Id ="90462">
<Attribut>
<FaceType>Wall</FaceType>
<TextureRatio>2.9477</TextureRatio>
<ImageOrigine>1_6049.tif</ImageOrigine>
<CropImageOrigine>1044 468 941 418
</CropImageOrigine>
</Attribut>
</TexturedSurface>
<TexturedSurface Id ="90465">
<Attribut>
<FaceType>Wall</FaceType>
<TextureRatio>2.74759</TextureRatio>
<ImageOrigine>1_6049.tif</ImageOrigine>
<CropImageOrigine>1045 461 1011 417
</CropImageOrigine>
</Attribut>
</TexturedSurface>
<TexturedSurface Id ="90468">
<Attribut>
<FaceType>Wall</FaceType>
<TextureRatio>3.26009</TextureRatio>
<ImageOrigine>2_6073.tif</ImageOrigine>
<CropImageOrigine>3146 1507 3106 1474
</CropImageOrigine>
</Attribut>
</TexturedSurface>
<TexturedSurface Id ="90471">
<Attribut>
<FaceType>Wall</FaceType>
<TextureRatio>2.90959</TextureRatio>
<ImageOrigine>1_6049.tif</ImageOrigine>
<CropImageOrigine>1048 438 1010 395
</CropImageOrigine>
</Attribut>
</TexturedSurface>
<TexturedSurface Id ="90474">
<Attribut>
<FaceType>Wall</FaceType>
<TextureRatio>3.2731</TextureRatio>
<ImageOrigine>2_6073.tif</ImageOrigine>
<CropImageOrigine>3142 1526 3101 1495
</CropImageOrigine>
</Attribut>
</TexturedSurface>
</WallSurface >
</BuildingPart >
</Building >
</CityModel>
</Chantier_Bati3D>
