<Chantier_Bati3D>
<Bbox>
<Xmin>533348.290</Xmin>
<Xmax>533361.310</Xmax>
<Ymin>152444.350</Ymin>
<Ymax>152460.800</Ymax>
<Zmin>394.802</Zmin>
<Zmax>415.010</Zmax>
</Bbox>
<CityModel Id ="80592">
<Building  Id ="81792">
<Attribut>
<centre>533354.800 147481.225</centre>
</Attribut>
<BuildingPart  Id ="81793">
<RoofSurface  Id ="81799">
<TexturedSurface Id ="81800">
<Attribut>
<FaceType>Roof</FaceType>
<TextureRatio>0.999978</TextureRatio>
<ImageOrigine>2_6078.tif</ImageOrigine>
<CropImageOrigine>351 2340 260 2224
</CropImageOrigine>
</Attribut>
</TexturedSurface>
</RoofSurface >
<WallSurface  Id ="90480">
<TexturedSurface Id ="90481">
<Attribut>
<FaceType>Wall</FaceType>
<TextureRatio>2.06486</TextureRatio>
<ImageOrigine>3_6098.tif</ImageOrigine>
<CropImageOrigine>1421 4025 1396 3955
</CropImageOrigine>
</Attribut>
</TexturedSurface>
<TexturedSurface Id ="90484">
<Attribut>
<FaceType>Wall</FaceType>
<TextureRatio>1.96974</TextureRatio>
<ImageOrigine>3_6098.tif</ImageOrigine>
<CropImageOrigine>1419 4024 1372 3955
</CropImageOrigine>
</Attribut>
</TexturedSurface>
<TexturedSurface Id ="90487">
<Attribut>
<FaceType>Wall</FaceType>
<TextureRatio>2.21042</TextureRatio>
<ImageOrigine>2_6072.tif</ImageOrigine>
<CropImageOrigine>3946 1490 3886 1465
</CropImageOrigine>
</Attribut>
</TexturedSurface>
<TexturedSurface Id ="90490">
<Attribut>
<FaceType>Wall</FaceType>
<TextureRatio>1.97955</TextureRatio>
<ImageOrigine>3_6098.tif</ImageOrigine>
<CropImageOrigine>1396 4015 1345 3945
</CropImageOrigine>
</Attribut>
</TexturedSurface>
<TexturedSurface Id ="90493">
<Attribut>
<FaceType>Wall</FaceType>
<TextureRatio>2.31977</TextureRatio>
<ImageOrigine>3_6094.tif</ImageOrigine>
<CropImageOrigine>4044 3623 3980 3555
</CropImageOrigine>
</Attribut>
</TexturedSurface>
<TexturedSurface Id ="90496">
<Attribut>
<FaceType>Wall</FaceType>
<TextureRatio>2.00206</TextureRatio>
<ImageOrigine>3_6095.tif</ImageOrigine>
<CropImageOrigine>3485 3849 3415 3785
</CropImageOrigine>
</Attribut>
</TexturedSurface>
<TexturedSurface Id ="90499">
<Attribut>
<FaceType>Wall</FaceType>
<TextureRatio>1.5546</TextureRatio>
<ImageOrigine>3_6094.tif</ImageOrigine>
<CropImageOrigine>4021 3627 3957 3567
</CropImageOrigine>
</Attribut>
</TexturedSurface>
<TexturedSurface Id ="90502">
<Attribut>
<FaceType>Wall</FaceType>
<TextureRatio>2.29681</TextureRatio>
<ImageOrigine>3_6094.tif</ImageOrigine>
<CropImageOrigine>4022 3647 3957 3568
</CropImageOrigine>
</Attribut>
</TexturedSurface>
<TexturedSurface Id ="90505">
<Attribut>
<FaceType>Wall</FaceType>
<TextureRatio>1.98154</TextureRatio>
<ImageOrigine>3_6095.tif</ImageOrigine>
<CropImageOrigine>3462 3872 3410 3809
</CropImageOrigine>
</Attribut>
</TexturedSurface>
<TexturedSurface Id ="90508">
<Attribut>
<FaceType>Wall</FaceType>
<TextureRatio>2.53295</TextureRatio>
<ImageOrigine>2_6078.tif</ImageOrigine>
<CropImageOrigine>405 2308 348 2279
</CropImageOrigine>
</Attribut>
</TexturedSurface>
<TexturedSurface Id ="90511">
<Attribut>
<FaceType>Wall</FaceType>
<TextureRatio>3.33312</TextureRatio>
<ImageOrigine>1_6045.tif</ImageOrigine>
<CropImageOrigine>3599 399 3550 354
</CropImageOrigine>
</Attribut>
</TexturedSurface>
<TexturedSurface Id ="90514">
<Attribut>
<FaceType>Wall</FaceType>
<TextureRatio>2.52476</TextureRatio>
<ImageOrigine>2_6078.tif</ImageOrigine>
<CropImageOrigine>402 2288 344 2224
</CropImageOrigine>
</Attribut>
</TexturedSurface>
<TexturedSurface Id ="90517">
<Attribut>
<FaceType>Wall</FaceType>
<TextureRatio>2.58322</TextureRatio>
<ImageOrigine>2_6078.tif</ImageOrigine>
<CropImageOrigine>402 2230 347 2222
</CropImageOrigine>
</Attribut>
</TexturedSurface>
<TexturedSurface Id ="90520">
<Attribut>
<FaceType>Wall</FaceType>
<TextureRatio>3.03144</TextureRatio>
<ImageOrigine>1_6049.tif</ImageOrigine>
<CropImageOrigine>1226 483 1128 434
</CropImageOrigine>
</Attribut>
</TexturedSurface>
<TexturedSurface Id ="90523">
<Attribut>
<FaceType>Wall</FaceType>
<TextureRatio>2.67786</TextureRatio>
<ImageOrigine>1_6049.tif</ImageOrigine>
<CropImageOrigine>1228 476 1199 433
</CropImageOrigine>
</Attribut>
</TexturedSurface>
<TexturedSurface Id ="90526">
<Attribut>
<FaceType>Wall</FaceType>
<TextureRatio>2.24212</TextureRatio>
<ImageOrigine>2_6072.tif</ImageOrigine>
<CropImageOrigine>3920 1442 3861 1369
</CropImageOrigine>
</Attribut>
</TexturedSurface>
<TexturedSurface Id ="90529">
<Attribut>
<FaceType>Wall</FaceType>
<TextureRatio>2.9096</TextureRatio>
<ImageOrigine>1_6049.tif</ImageOrigine>
<CropImageOrigine>1228 421 1195 377
</CropImageOrigine>
</Attribut>
</TexturedSurface>
<TexturedSurface Id ="90532">
<Attribut>
<FaceType>Wall</FaceType>
<TextureRatio>2.24434</TextureRatio>
<ImageOrigine>2_6072.tif</ImageOrigine>
<CropImageOrigine>3916 1461 3857 1425
</CropImageOrigine>
</Attribut>
</TexturedSurface>
<TexturedSurface Id ="90535">
<Attribut>
<FaceType>Wall</FaceType>
<TextureRatio>2.03397</TextureRatio>
<ImageOrigine>3_6097.tif</ImageOrigine>
<CropImageOrigine>2036 3746 2029 3681
</CropImageOrigine>
</Attribut>
</TexturedSurface>
<TexturedSurface Id ="90538">
<Attribut>
<FaceType>Wall</FaceType>
<TextureRatio>2.23827</TextureRatio>
<ImageOrigine>2_6072.tif</ImageOrigine>
<CropImageOrigine>3921 1479 3862 1445
</CropImageOrigine>
</Attribut>
</TexturedSurface>
</WallSurface >
</BuildingPart >
</Building >
</CityModel>
</Chantier_Bati3D>
