<Chantier_Bati3D>
<Bbox>
<Xmin>533376.040</Xmin>
<Xmax>533391.160</Xmax>
<Ymin>152370.570</Ymin>
<Ymax>152424.430</Ymax>
<Zmin>394.669</Zmin>
<Zmax>418.910</Zmax>
</Bbox>
<CityModel Id ="80592">
<Building  Id ="81803">
<Attribut>
<centre>533383.600 147463.040</centre>
</Attribut>
<BuildingPart  Id ="81804">
<RoofSurface  Id ="81810">
<TexturedSurface Id ="81811">
<Attribut>
<FaceType>Roof</FaceType>
<TextureRatio>1.00001</TextureRatio>
<ImageOrigine>2_6076.tif</ImageOrigine>
<CropImageOrigine>1178 1868 1072 1497
</CropImageOrigine>
</Attribut>
</TexturedSurface>
</RoofSurface >
<WallSurface  Id ="90544">
<TexturedSurface Id ="90545">
<Attribut>
<FaceType>Wall</FaceType>
<TextureRatio>6.66411</TextureRatio>
<ImageOrigine>2_6072.tif</ImageOrigine>
<CropImageOrigine>3736 1230 3669 1198
</CropImageOrigine>
</Attribut>
</TexturedSurface>
<TexturedSurface Id ="90548">
<Attribut>
<FaceType>Wall</FaceType>
<TextureRatio>3.0706</TextureRatio>
<ImageOrigine>2_6072.tif</ImageOrigine>
<CropImageOrigine>3730 1236 3667 1203
</CropImageOrigine>
</Attribut>
</TexturedSurface>
<TexturedSurface Id ="90551">
<Attribut>
<FaceType>Wall</FaceType>
<TextureRatio>2.4703</TextureRatio>
<ImageOrigine>2_6072.tif</ImageOrigine>
<CropImageOrigine>3731 1259 3667 1209
</CropImageOrigine>
</Attribut>
</TexturedSurface>
<TexturedSurface Id ="90554">
<Attribut>
<FaceType>Wall</FaceType>
<TextureRatio>2.34195</TextureRatio>
<ImageOrigine>2_6072.tif</ImageOrigine>
<CropImageOrigine>3733 1263 3668 1232
</CropImageOrigine>
</Attribut>
</TexturedSurface>
<TexturedSurface Id ="90557">
<Attribut>
<FaceType>Wall</FaceType>
<TextureRatio>2.40026</TextureRatio>
<ImageOrigine>3_6097.tif</ImageOrigine>
<CropImageOrigine>2231 3965 2220 3878
</CropImageOrigine>
</Attribut>
</TexturedSurface>
<TexturedSurface Id ="90560">
<Attribut>
<FaceType>Wall</FaceType>
<TextureRatio>1.89438</TextureRatio>
<ImageOrigine>3_6097.tif</ImageOrigine>
<CropImageOrigine>2226 3962 2216 3878
</CropImageOrigine>
</Attribut>
</TexturedSurface>
<TexturedSurface Id ="90563">
<Attribut>
<FaceType>Wall</FaceType>
<TextureRatio>1.79346</TextureRatio>
<ImageOrigine>3_6095.tif</ImageOrigine>
<CropImageOrigine>3766 4066 3632 3975
</CropImageOrigine>
</Attribut>
</TexturedSurface>
<TexturedSurface Id ="90566">
<Attribut>
<FaceType>Wall</FaceType>
<TextureRatio>1.55333</TextureRatio>
<ImageOrigine>3_6095.tif</ImageOrigine>
<CropImageOrigine>3696 4070 3626 3985
</CropImageOrigine>
</Attribut>
</TexturedSurface>
<TexturedSurface Id ="90569">
<Attribut>
<FaceType>Wall</FaceType>
<TextureRatio>2.33182</TextureRatio>
<ImageOrigine>3_6096.tif</ImageOrigine>
<CropImageOrigine>3073 3963 3031 3875
</CropImageOrigine>
</Attribut>
</TexturedSurface>
<TexturedSurface Id ="90572">
<Attribut>
<FaceType>Wall</FaceType>
<TextureRatio>2.26439</TextureRatio>
<ImageOrigine>2_6078.tif</ImageOrigine>
<CropImageOrigine>228 2072 154 2045
</CropImageOrigine>
</Attribut>
</TexturedSurface>
<TexturedSurface Id ="90575">
<Attribut>
<FaceType>Wall</FaceType>
<TextureRatio>2.07446</TextureRatio>
<ImageOrigine>1_6045.tif</ImageOrigine>
<CropImageOrigine>3806 590 3744 539
</CropImageOrigine>
</Attribut>
</TexturedSurface>
<TexturedSurface Id ="90578">
<Attribut>
<FaceType>Wall</FaceType>
<TextureRatio>3.22554</TextureRatio>
<ImageOrigine>2_6078.tif</ImageOrigine>
<CropImageOrigine>226 2042 149 2036
</CropImageOrigine>
</Attribut>
</TexturedSurface>
<TexturedSurface Id ="90581">
<Attribut>
<FaceType>Wall</FaceType>
<TextureRatio>1.78981</TextureRatio>
<ImageOrigine>3_6096.tif</ImageOrigine>
<CropImageOrigine>3082 3997 3031 3912
</CropImageOrigine>
</Attribut>
</TexturedSurface>
<TexturedSurface Id ="90584">
<Attribut>
<FaceType>Wall</FaceType>
<TextureRatio>2.27066</TextureRatio>
<ImageOrigine>2_6078.tif</ImageOrigine>
<CropImageOrigine>250 2038 161 1735
</CropImageOrigine>
</Attribut>
</TexturedSurface>
<TexturedSurface Id ="90587">
<Attribut>
<FaceType>Wall</FaceType>
<TextureRatio>5.14081</TextureRatio>
<ImageOrigine>1_6046.tif</ImageOrigine>
<CropImageOrigine>3179 834 3128 798
</CropImageOrigine>
</Attribut>
</TexturedSurface>
<TexturedSurface Id ="90590">
<Attribut>
<FaceType>Wall</FaceType>
<TextureRatio>2.99985</TextureRatio>
<ImageOrigine>2_6078.tif</ImageOrigine>
<CropImageOrigine>244 1746 165 1729
</CropImageOrigine>
</Attribut>
</TexturedSurface>
<TexturedSurface Id ="90593">
<Attribut>
<FaceType>Wall</FaceType>
<TextureRatio>2.28453</TextureRatio>
<ImageOrigine>2_6078.tif</ImageOrigine>
<CropImageOrigine>246 1741 171 1722
</CropImageOrigine>
</Attribut>
</TexturedSurface>
<TexturedSurface Id ="90596">
<Attribut>
<FaceType>Wall</FaceType>
<TextureRatio>2.5199</TextureRatio>
<ImageOrigine>2_6078.tif</ImageOrigine>
<CropImageOrigine>246 1735 171 1715
</CropImageOrigine>
</Attribut>
</TexturedSurface>
<TexturedSurface Id ="90599">
<Attribut>
<FaceType>Wall</FaceType>
<TextureRatio>2.7185</TextureRatio>
<ImageOrigine>1_6045.tif</ImageOrigine>
<CropImageOrigine>3841 884 3773 845
</CropImageOrigine>
</Attribut>
</TexturedSurface>
<TexturedSurface Id ="90602">
<Attribut>
<FaceType>Wall</FaceType>
<TextureRatio>4.50286</TextureRatio>
<ImageOrigine>1_6049.tif</ImageOrigine>
<CropImageOrigine>1435 933 1358 895
</CropImageOrigine>
</Attribut>
</TexturedSurface>
<TexturedSurface Id ="90605">
<Attribut>
<FaceType>Wall</FaceType>
<TextureRatio>2.44493</TextureRatio>
<ImageOrigine>2_6072.tif</ImageOrigine>
<CropImageOrigine>3748 946 3683 883
</CropImageOrigine>
</Attribut>
</TexturedSurface>
<TexturedSurface Id ="90608">
<Attribut>
<FaceType>Wall</FaceType>
<TextureRatio>4.38842</TextureRatio>
<ImageOrigine>1_6049.tif</ImageOrigine>
<CropImageOrigine>1463 906 1408 869
</CropImageOrigine>
</Attribut>
</TexturedSurface>
<TexturedSurface Id ="90611">
<Attribut>
<FaceType>Wall</FaceType>
<TextureRatio>2.4899</TextureRatio>
<ImageOrigine>2_6072.tif</ImageOrigine>
<CropImageOrigine>3724 1226 3653 908
</CropImageOrigine>
</Attribut>
</TexturedSurface>
<TexturedSurface Id ="90614">
<Attribut>
<FaceType>Wall</FaceType>
<TextureRatio>6.3916</TextureRatio>
<ImageOrigine>2_6072.tif</ImageOrigine>
<CropImageOrigine>3737 1226 3662 1198
</CropImageOrigine>
</Attribut>
</TexturedSurface>
</WallSurface >
</BuildingPart >
</Building >
</CityModel>
</Chantier_Bati3D>
