<Chantier_Bati3D>
<Bbox>
<Xmin>533376.772</Xmin>
<Xmax>533390.430</Xmax>
<Ymin>152388.820</Ymin>
<Ymax>152424.432</Ymax>
<Zmin>394.837</Zmin>
<Zmax>421.210</Zmax>
</Bbox>
<CityModel Id ="80592">
<Building  Id ="81814">
<Attribut>
<centre>533383.601 147463.041</centre>
</Attribut>
<BuildingPart  Id ="81815">
<RoofSurface  Id ="81821">
<TexturedSurface Id ="81822">
<Attribut>
<FaceType>Roof</FaceType>
<TextureRatio>1.00018</TextureRatio>
<ImageOrigine>2_6076.tif</ImageOrigine>
<CropImageOrigine>1170 1868 1074 1621
</CropImageOrigine>
</Attribut>
</TexturedSurface>
</RoofSurface >
<WallSurface  Id ="90620">
<TexturedSurface Id ="90621">
<Attribut>
<FaceType>Wall</FaceType>
<TextureRatio>3.41932</TextureRatio>
<ImageOrigine>1_6049.tif</ImageOrigine>
<CropImageOrigine>1425 632 1377 582
</CropImageOrigine>
</Attribut>
</TexturedSurface>
<TexturedSurface Id ="90624">
<Attribut>
<FaceType>Wall</FaceType>
<TextureRatio>2.46746</TextureRatio>
<ImageOrigine>2_6072.tif</ImageOrigine>
<CropImageOrigine>3743 1226 3674 1191
</CropImageOrigine>
</Attribut>
</TexturedSurface>
<TexturedSurface Id ="90627">
<Attribut>
<FaceType>Wall</FaceType>
<TextureRatio>3.13071</TextureRatio>
<ImageOrigine>1_6049.tif</ImageOrigine>
<CropImageOrigine>1427 626 1396 575
</CropImageOrigine>
</Attribut>
</TexturedSurface>
<TexturedSurface Id ="90630">
<Attribut>
<FaceType>Wall</FaceType>
<TextureRatio>4.50228</TextureRatio>
<ImageOrigine>2_6072.tif</ImageOrigine>
<CropImageOrigine>3738 1232 3668 1198
</CropImageOrigine>
</Attribut>
</TexturedSurface>
<TexturedSurface Id ="90633">
<Attribut>
<FaceType>Wall</FaceType>
<TextureRatio>2.87667</TextureRatio>
<ImageOrigine>2_6072.tif</ImageOrigine>
<CropImageOrigine>3736 1236 3667 1202
</CropImageOrigine>
</Attribut>
</TexturedSurface>
<TexturedSurface Id ="90636">
<Attribut>
<FaceType>Wall</FaceType>
<TextureRatio>2.47811</TextureRatio>
<ImageOrigine>2_6072.tif</ImageOrigine>
<CropImageOrigine>3736 1257 3667 1206
</CropImageOrigine>
</Attribut>
</TexturedSurface>
<TexturedSurface Id ="90639">
<Attribut>
<FaceType>Wall</FaceType>
<TextureRatio>2.32536</TextureRatio>
<ImageOrigine>2_6072.tif</ImageOrigine>
<CropImageOrigine>3738 1262 3668 1228
</CropImageOrigine>
</Attribut>
</TexturedSurface>
<TexturedSurface Id ="90642">
<Attribut>
<FaceType>Wall</FaceType>
<TextureRatio>2.57336</TextureRatio>
<ImageOrigine>2_6072.tif</ImageOrigine>
<CropImageOrigine>3742 1265 3669 1233
</CropImageOrigine>
</Attribut>
</TexturedSurface>
<TexturedSurface Id ="90645">
<Attribut>
<FaceType>Wall</FaceType>
<TextureRatio>2.09681</TextureRatio>
<ImageOrigine>3_6096.tif</ImageOrigine>
<CropImageOrigine>3160 3950 3108 3861
</CropImageOrigine>
</Attribut>
</TexturedSurface>
<TexturedSurface Id ="90648">
<Attribut>
<FaceType>Wall</FaceType>
<TextureRatio>1.82033</TextureRatio>
<ImageOrigine>3_6096.tif</ImageOrigine>
<CropImageOrigine>3154 3960 3040 3861
</CropImageOrigine>
</Attribut>
</TexturedSurface>
<TexturedSurface Id ="90651">
<Attribut>
<FaceType>Wall</FaceType>
<TextureRatio>1.74559</TextureRatio>
<ImageOrigine>3_6096.tif</ImageOrigine>
<CropImageOrigine>3083 3964 3034 3871
</CropImageOrigine>
</Attribut>
</TexturedSurface>
<TexturedSurface Id ="90654">
<Attribut>
<FaceType>Wall</FaceType>
<TextureRatio>2.3271</TextureRatio>
<ImageOrigine>3_6096.tif</ImageOrigine>
<CropImageOrigine>3077 3971 3031 3875
</CropImageOrigine>
</Attribut>
</TexturedSurface>
<TexturedSurface Id ="90657">
<Attribut>
<FaceType>Wall</FaceType>
<TextureRatio>2.43214</TextureRatio>
<ImageOrigine>1_6045.tif</ImageOrigine>
<CropImageOrigine>3809 584 3742 511
</CropImageOrigine>
</Attribut>
</TexturedSurface>
<TexturedSurface Id ="90660">
<Attribut>
<FaceType>Wall</FaceType>
<TextureRatio>2.30007</TextureRatio>
<ImageOrigine>2_6078.tif</ImageOrigine>
<CropImageOrigine>228 2049 147 2042
</CropImageOrigine>
</Attribut>
</TexturedSurface>
<TexturedSurface Id ="90663">
<Attribut>
<FaceType>Wall</FaceType>
<TextureRatio>2.73498</TextureRatio>
<ImageOrigine>2_6078.tif</ImageOrigine>
<CropImageOrigine>227 2043 145 2039
</CropImageOrigine>
</Attribut>
</TexturedSurface>
<TexturedSurface Id ="90666">
<Attribut>
<FaceType>Wall</FaceType>
<TextureRatio>2.32919</TextureRatio>
<ImageOrigine>1_6045.tif</ImageOrigine>
<CropImageOrigine>3817 592 3748 540
</CropImageOrigine>
</Attribut>
</TexturedSurface>
<TexturedSurface Id ="90669">
<Attribut>
<FaceType>Wall</FaceType>
<TextureRatio>2.25065</TextureRatio>
<ImageOrigine>2_6078.tif</ImageOrigine>
<CropImageOrigine>221 2038 141 2032
</CropImageOrigine>
</Attribut>
</TexturedSurface>
<TexturedSurface Id ="90672">
<Attribut>
<FaceType>Wall</FaceType>
<TextureRatio>3.41934</TextureRatio>
<ImageOrigine>1_6049.tif</ImageOrigine>
<CropImageOrigine>1366 637 1323 588
</CropImageOrigine>
</Attribut>
</TexturedSurface>
<TexturedSurface Id ="90675">
<Attribut>
<FaceType>Wall</FaceType>
<TextureRatio>2.23508</TextureRatio>
<ImageOrigine>2_6078.tif</ImageOrigine>
<CropImageOrigine>219 2032 128 1836
</CropImageOrigine>
</Attribut>
</TexturedSurface>
<TexturedSurface Id ="90678">
<Attribut>
<FaceType>Wall</FaceType>
<TextureRatio>2.16775</TextureRatio>
<ImageOrigine>1_6045.tif</ImageOrigine>
<CropImageOrigine>3848 771 3780 726
</CropImageOrigine>
</Attribut>
</TexturedSurface>
<TexturedSurface Id ="90681">
<Attribut>
<FaceType>Wall</FaceType>
<TextureRatio>3.99814</TextureRatio>
<ImageOrigine>1_6049.tif</ImageOrigine>
<CropImageOrigine>1421 817 1356 772
</CropImageOrigine>
</Attribut>
</TexturedSurface>
<TexturedSurface Id ="90684">
<Attribut>
<FaceType>Wall</FaceType>
<TextureRatio>3.57021</TextureRatio>
<ImageOrigine>1_6049.tif</ImageOrigine>
<CropImageOrigine>1423 814 1394 771
</CropImageOrigine>
</Attribut>
</TexturedSurface>
<TexturedSurface Id ="90687">
<Attribut>
<FaceType>Wall</FaceType>
<TextureRatio>2.43896</TextureRatio>
<ImageOrigine>2_6072.tif</ImageOrigine>
<CropImageOrigine>3763 1221 3688 1002
</CropImageOrigine>
</Attribut>
</TexturedSurface>
</WallSurface >
</BuildingPart >
</Building >
</CityModel>
</Chantier_Bati3D>
