<Chantier_Bati3D>
<Bbox>
<Xmin>533362.360</Xmin>
<Xmax>533376.040</Xmax>
<Ymin>152446.040</Ymin>
<Ymax>152453.240</Ymax>
<Zmin>394.809</Zmin>
<Zmax>403.500</Zmax>
</Bbox>
<CityModel Id ="80592">
<Building  Id ="81825">
<Attribut>
<centre>533369.200 147477.445</centre>
</Attribut>
<BuildingPart  Id ="81826">
<RoofSurface  Id ="81832">
<TexturedSurface Id ="81833">
<Attribut>
<FaceType>Roof</FaceType>
<TextureRatio>0.999998</TextureRatio>
<ImageOrigine>2_6076.tif</ImageOrigine>
<CropImageOrigine>1288 2064 1195 2015
</CropImageOrigine>
</Attribut>
</TexturedSurface>
</RoofSurface >
<WallSurface  Id ="90693">
<TexturedSurface Id ="90694">
<Attribut>
<FaceType>Wall</FaceType>
<TextureRatio>3.22231</TextureRatio>
<ImageOrigine>1_6048.tif</ImageOrigine>
<CropImageOrigine>2194 518 2107 492
</CropImageOrigine>
</Attribut>
</TexturedSurface>
<TexturedSurface Id ="90697">
<Attribut>
<FaceType>Wall</FaceType>
</Attribut>
</TexturedSurface>
<TexturedSurface Id ="90700">
<Attribut>
<FaceType>Wall</FaceType>
</Attribut>
</TexturedSurface>
<TexturedSurface Id ="90703">
<Attribut>
<FaceType>Wall</FaceType>
</Attribut>
</TexturedSurface>
</WallSurface >
</BuildingPart >
</Building >
</CityModel>
</Chantier_Bati3D>
