<Chantier_Bati3D>
<Bbox>
<Xmin>533333.560</Xmin>
<Xmax>533347.240</Xmax>
<Ymin>152446.040</Ymin>
<Ymax>152453.240</Ymax>
<Zmin>394.839</Zmin>
<Zmax>403.500</Zmax>
</Bbox>
<CityModel Id ="80592">
<Building  Id ="81836">
<Attribut>
<centre>533340.400 147477.445</centre>
</Attribut>
<BuildingPart  Id ="81837">
<RoofSurface  Id ="81843">
<TexturedSurface Id ="81844">
<Attribut>
<FaceType>Roof</FaceType>
<TextureRatio>1.00001</TextureRatio>
<ImageOrigine>2_6076.tif</ImageOrigine>
<CropImageOrigine>1481 2064 1388 2015
</CropImageOrigine>
</Attribut>
</TexturedSurface>
</RoofSurface >
<WallSurface  Id ="90709">
<TexturedSurface Id ="90710">
<Attribut>
<FaceType>Wall</FaceType>
<TextureRatio>3.22228</TextureRatio>
<ImageOrigine>1_6048.tif</ImageOrigine>
<CropImageOrigine>2016 535 1928 509
</CropImageOrigine>
</Attribut>
</TexturedSurface>
<TexturedSurface Id ="90713">
<Attribut>
<FaceType>Wall</FaceType>
</Attribut>
</TexturedSurface>
<TexturedSurface Id ="90716">
<Attribut>
<FaceType>Wall</FaceType>
</Attribut>
</TexturedSurface>
<TexturedSurface Id ="90719">
<Attribut>
<FaceType>Wall</FaceType>
</Attribut>
</TexturedSurface>
</WallSurface >
</BuildingPart >
</Building >
</CityModel>
</Chantier_Bati3D>
