<Chantier_Bati3D>
<Bbox>
<Xmin>533311.240</Xmin>
<Xmax>533377.910</Xmax>
<Ymin>152370.570</Ymin>
<Ymax>152432.360</Ymax>
<Zmin>394.669</Zmin>
<Zmax>403.500</Zmax>
</Bbox>
<CityModel Id ="80592">
<Building  Id ="81847">
<Attribut>
<centre>533344.575 147467.005</centre>
</Attribut>
<BuildingPart  Id ="81848">
<RoofSurface  Id ="81854">
<TexturedSurface Id ="81855">
<Attribut>
<FaceType>Roof</FaceType>
<TextureRatio>1.00003</TextureRatio>
<ImageOrigine>2_6076.tif</ImageOrigine>
<CropImageOrigine>1630 1925 1182 1510
</CropImageOrigine>
</Attribut>
</TexturedSurface>
</RoofSurface >
<WallSurface  Id ="90725">
<TexturedSurface Id ="90726">
<Attribut>
<FaceType>Wall</FaceType>
</Attribut>
</TexturedSurface>
<TexturedSurface Id ="90729">
<Attribut>
<FaceType>Wall</FaceType>
</Attribut>
</TexturedSurface>
<TexturedSurface Id ="90732">
<Attribut>
<FaceType>Wall</FaceType>
</Attribut>
</TexturedSurface>
<TexturedSurface Id ="90735">
<Attribut>
<FaceType>Wall</FaceType>
</Attribut>
</TexturedSurface>
<TexturedSurface Id ="90738">
<Attribut>
<FaceType>Wall</FaceType>
</Attribut>
</TexturedSurface>
<TexturedSurface Id ="90741">
<Attribut>
<FaceType>Wall</FaceType>
</Attribut>
</TexturedSurface>
<TexturedSurface Id ="90744">
<Attribut>
<FaceType>Wall</FaceType>
</Attribut>
</TexturedSurface>
<TexturedSurface Id ="90747">
<Attribut>
<FaceType>Wall</FaceType>
</Attribut>
</TexturedSurface>
<TexturedSurface Id ="90750">
<Attribut>
<FaceType>Wall</FaceType>
</Attribut>
</TexturedSurface>
<TexturedSurface Id ="90753">
<Attribut>
<FaceType>Wall</FaceType>
</Attribut>
</TexturedSurface>
<TexturedSurface Id ="90756">
<Attribut>
<FaceType>Wall</FaceType>
</Attribut>
</TexturedSurface>
<TexturedSurface Id ="90759">
<Attribut>
<FaceType>Wall</FaceType>
</Attribut>
</TexturedSurface>
<TexturedSurface Id ="90762">
<Attribut>
<FaceType>Wall</FaceType>
</Attribut>
</TexturedSurface>
<TexturedSurface Id ="90765">
<Attribut>
<FaceType>Wall</FaceType>
</Attribut>
</TexturedSurface>
<TexturedSurface Id ="90768">
<Attribut>
<FaceType>Wall</FaceType>
</Attribut>
</TexturedSurface>
<TexturedSurface Id ="90771">
<Attribut>
<FaceType>Wall</FaceType>
<TextureRatio>1.90473</TextureRatio>
<ImageOrigine>3_6097.tif</ImageOrigine>
<CropImageOrigine>1946 3862 1853 3831
</CropImageOrigine>
</Attribut>
</TexturedSurface>
<TexturedSurface Id ="90774">
<Attribut>
<FaceType>Wall</FaceType>
</Attribut>
</TexturedSurface>
<TexturedSurface Id ="90777">
<Attribut>
<FaceType>Wall</FaceType>
</Attribut>
</TexturedSurface>
<TexturedSurface Id ="90780">
<Attribut>
<FaceType>Wall</FaceType>
</Attribut>
</TexturedSurface>
<TexturedSurface Id ="90783">
<Attribut>
<FaceType>Wall</FaceType>
</Attribut>
</TexturedSurface>
<TexturedSurface Id ="90786">
<Attribut>
<FaceType>Wall</FaceType>
</Attribut>
</TexturedSurface>
<TexturedSurface Id ="90789">
<Attribut>
<FaceType>Wall</FaceType>
</Attribut>
</TexturedSurface>
<TexturedSurface Id ="90792">
<Attribut>
<FaceType>Wall</FaceType>
</Attribut>
</TexturedSurface>
<TexturedSurface Id ="90795">
<Attribut>
<FaceType>Wall</FaceType>
</Attribut>
</TexturedSurface>
<TexturedSurface Id ="90798">
<Attribut>
<FaceType>Wall</FaceType>
</Attribut>
</TexturedSurface>
<TexturedSurface Id ="90801">
<Attribut>
<FaceType>Wall</FaceType>
</Attribut>
</TexturedSurface>
<TexturedSurface Id ="90804">
<Attribut>
<FaceType>Wall</FaceType>
</Attribut>
</TexturedSurface>
<TexturedSurface Id ="90807">
<Attribut>
<FaceType>Wall</FaceType>
</Attribut>
</TexturedSurface>
<TexturedSurface Id ="90810">
<Attribut>
<FaceType>Wall</FaceType>
</Attribut>
</TexturedSurface>
<TexturedSurface Id ="90813">
<Attribut>
<FaceType>Wall</FaceType>
</Attribut>
</TexturedSurface>
<TexturedSurface Id ="90816">
<Attribut>
<FaceType>Wall</FaceType>
</Attribut>
</TexturedSurface>
<TexturedSurface Id ="90819">
<Attribut>
<FaceType>Wall</FaceType>
</Attribut>
</TexturedSurface>
<TexturedSurface Id ="90822">
<Attribut>
<FaceType>Wall</FaceType>
<TextureRatio>1.85993</TextureRatio>
<ImageOrigine>3_6095.tif</ImageOrigine>
<CropImageOrigine>3253 4026 3189 3991
</CropImageOrigine>
</Attribut>
</TexturedSurface>
<TexturedSurface Id ="90825">
<Attribut>
<FaceType>Wall</FaceType>
<TextureRatio>2.11961</TextureRatio>
<ImageOrigine>1_6044.tif</ImageOrigine>
<CropImageOrigine>4068 591 4005 201
</CropImageOrigine>
</Attribut>
</TexturedSurface>
<TexturedSurface Id ="90828">
<Attribut>
<FaceType>Wall</FaceType>
<TextureRatio>4.44315</TextureRatio>
<ImageOrigine>1_6049.tif</ImageOrigine>
<CropImageOrigine>1203 951 952 916
</CropImageOrigine>
</Attribut>
</TexturedSurface>
<TexturedSurface Id ="90831">
<Attribut>
<FaceType>Wall</FaceType>
<TextureRatio>3.45651</TextureRatio>
<ImageOrigine>2_6078.tif</ImageOrigine>
<CropImageOrigine>434 1757 404 1748
</CropImageOrigine>
</Attribut>
</TexturedSurface>
<TexturedSurface Id ="90834">
<Attribut>
<FaceType>Wall</FaceType>
<TextureRatio>2.62681</TextureRatio>
<ImageOrigine>2_6078.tif</ImageOrigine>
<CropImageOrigine>436 1753 410 1742
</CropImageOrigine>
</Attribut>
</TexturedSurface>
<TexturedSurface Id ="90837">
<Attribut>
<FaceType>Wall</FaceType>
<TextureRatio>2.69066</TextureRatio>
<ImageOrigine>2_6078.tif</ImageOrigine>
<CropImageOrigine>436 1747 411 1735
</CropImageOrigine>
</Attribut>
</TexturedSurface>
<TexturedSurface Id ="90840">
<Attribut>
<FaceType>Wall</FaceType>
<TextureRatio>2.58262</TextureRatio>
<ImageOrigine>1_6045.tif</ImageOrigine>
<CropImageOrigine>3622 904 3597 887
</CropImageOrigine>
</Attribut>
</TexturedSurface>
<TexturedSurface Id ="90843">
<Attribut>
<FaceType>Wall</FaceType>
<TextureRatio>3.79142</TextureRatio>
<ImageOrigine>1_6045.tif</ImageOrigine>
<CropImageOrigine>3627 904 3602 890
</CropImageOrigine>
</Attribut>
</TexturedSurface>
<TexturedSurface Id ="90846">
<Attribut>
<FaceType>Wall</FaceType>
<TextureRatio>4.54584</TextureRatio>
<ImageOrigine>1_6049.tif</ImageOrigine>
<CropImageOrigine>1242 950 1196 935
</CropImageOrigine>
</Attribut>
</TexturedSurface>
<TexturedSurface Id ="90849">
<Attribut>
<FaceType>Wall</FaceType>
<TextureRatio>2.21807</TextureRatio>
<ImageOrigine>2_6072.tif</ImageOrigine>
<CropImageOrigine>3907 937 3881 901
</CropImageOrigine>
</Attribut>
</TexturedSurface>
<TexturedSurface Id ="90852">
<Attribut>
<FaceType>Wall</FaceType>
<TextureRatio>4.44326</TextureRatio>
<ImageOrigine>1_6049.tif</ImageOrigine>
<CropImageOrigine>1370 925 1228 900
</CropImageOrigine>
</Attribut>
</TexturedSurface>
<TexturedSurface Id ="90855">
<Attribut>
<FaceType>Wall</FaceType>
</Attribut>
</TexturedSurface>
<TexturedSurface Id ="90858">
<Attribut>
<FaceType>Wall</FaceType>
</Attribut>
</TexturedSurface>
<TexturedSurface Id ="90861">
<Attribut>
<FaceType>Wall</FaceType>
</Attribut>
</TexturedSurface>
<TexturedSurface Id ="90864">
<Attribut>
<FaceType>Wall</FaceType>
</Attribut>
</TexturedSurface>
<TexturedSurface Id ="90867">
<Attribut>
<FaceType>Wall</FaceType>
</Attribut>
</TexturedSurface>
<TexturedSurface Id ="90870">
<Attribut>
<FaceType>Wall</FaceType>
</Attribut>
</TexturedSurface>
<TexturedSurface Id ="90873">
<Attribut>
<FaceType>Wall</FaceType>
</Attribut>
</TexturedSurface>
<TexturedSurface Id ="90876">
<Attribut>
<FaceType>Wall</FaceType>
</Attribut>
</TexturedSurface>
<TexturedSurface Id ="90879">
<Attribut>
<FaceType>Wall</FaceType>
</Attribut>
</TexturedSurface>
<TexturedSurface Id ="90882">
<Attribut>
<FaceType>Wall</FaceType>
<TextureRatio>1.90473</TextureRatio>
<ImageOrigine>3_6097.tif</ImageOrigine>
<CropImageOrigine>2134 3859 2043 3829
</CropImageOrigine>
</Attribut>
</TexturedSurface>
<TexturedSurface Id ="90885">
<Attribut>
<FaceType>Wall</FaceType>
</Attribut>
</TexturedSurface>
<TexturedSurface Id ="90888">
<Attribut>
<FaceType>Wall</FaceType>
</Attribut>
</TexturedSurface>
<TexturedSurface Id ="90891">
<Attribut>
<FaceType>Wall</FaceType>
</Attribut>
</TexturedSurface>
<TexturedSurface Id ="90894">
<Attribut>
<FaceType>Wall</FaceType>
</Attribut>
</TexturedSurface>
<TexturedSurface Id ="90897">
<Attribut>
<FaceType>Wall</FaceType>
</Attribut>
</TexturedSurface>
<TexturedSurface Id ="90900">
<Attribut>
<FaceType>Wall</FaceType>
</Attribut>
</TexturedSurface>
<TexturedSurface Id ="90903">
<Attribut>
<FaceType>Wall</FaceType>
<TextureRatio>15.0915</TextureRatio>
<ImageOrigine>1_6045.tif</ImageOrigine>
<CropImageOrigine>3667 586 3645 565
</CropImageOrigine>
</Attribut>
</TexturedSurface>
<TexturedSurface Id ="90906">
<Attribut>
<FaceType>Wall</FaceType>
</Attribut>
</TexturedSurface>
<TexturedSurface Id ="90909">
<Attribut>
<FaceType>Wall</FaceType>
</Attribut>
</TexturedSurface>
<TexturedSurface Id ="90912">
<Attribut>
<FaceType>Wall</FaceType>
</Attribut>
</TexturedSurface>
</WallSurface >
</BuildingPart >
</Building >
</CityModel>
</Chantier_Bati3D>
