<Chantier_Bati3D>
<Bbox>
<Xmin>532998.547</Xmin>
<Xmax>533221.506</Xmax>
<Ymin>152488.650</Ymin>
<Ymax>152532.800</Ymax>
<Zmin>394.923</Zmin>
<Zmax>407.400</Zmax>
</Bbox>
<CityModel Id ="80592">
<Building  Id ="81858">
<Attribut>
<centre>533110.026 147517.225</centre>
</Attribut>
<BuildingPart  Id ="81859">
<RoofSurface  Id ="81865">
<TexturedSurface Id ="81866">
<Attribut>
<FaceType>Roof</FaceType>
</Attribut>
<subnode Id ="81864-0">
<Attribut>
<Part>0</Part>
<TextureRatio>1.00054</TextureRatio>
<ImageOrigine>2_6079.tif</ImageOrigine>
<CropImageOrigine>1901 3164 1153 2835
</CropImageOrigine>
</Attribut>
</subnode>
<subnode Id ="81864-1">
<Attribut>
<Part>1</Part>
<TextureRatio>1.00011</TextureRatio>
<ImageOrigine>2_6079.tif</ImageOrigine>
<CropImageOrigine>1162 3054 400 2804
</CropImageOrigine>
</Attribut>
</subnode>
<subnode Id ="81864-2">
<Attribut>
<Part>2</Part>
<TextureRatio>0.999876</TextureRatio>
<ImageOrigine>2_6079.tif</ImageOrigine>
<CropImageOrigine>411 3016 349 2802
</CropImageOrigine>
</Attribut>
</subnode>
</TexturedSurface>
</RoofSurface >
<WallSurface  Id ="90918">
<TexturedSurface Id ="90919">
<Attribut>
<FaceType>Wall</FaceType>
<TextureRatio>2.49904</TextureRatio>
<ImageOrigine>3_6095.tif</ImageOrigine>
<CropImageOrigine>2018 3639 1925 3593
</CropImageOrigine>
</Attribut>
</TexturedSurface>
<TexturedSurface Id ="90922">
<Attribut>
<FaceType>Wall</FaceType>
<TextureRatio>2.16853</TextureRatio>
<ImageOrigine>2_6074.tif</ImageOrigine>
<CropImageOrigine>3720 2229 3685 2213
</CropImageOrigine>
</Attribut>
</TexturedSurface>
<TexturedSurface Id ="90925">
<Attribut>
<FaceType>Wall</FaceType>
<TextureRatio>2.43333</TextureRatio>
<ImageOrigine>3_6093.tif</ImageOrigine>
<CropImageOrigine>3409 3300 3289 3255
</CropImageOrigine>
</Attribut>
</TexturedSurface>
<TexturedSurface Id ="90928">
<Attribut>
<FaceType>Wall</FaceType>
<TextureRatio>4.62162</TextureRatio>
<ImageOrigine>3_6093.tif</ImageOrigine>
<CropImageOrigine>3313 3310 3289 3271
</CropImageOrigine>
</Attribut>
</TexturedSurface>
<TexturedSurface Id ="90931">
<Attribut>
<FaceType>Wall</FaceType>
<TextureRatio>2.49844</TextureRatio>
<ImageOrigine>3_6095.tif</ImageOrigine>
<CropImageOrigine>1830 3667 1734 3621
</CropImageOrigine>
</Attribut>
</TexturedSurface>
<TexturedSurface Id ="90934">
<Attribut>
<FaceType>Wall</FaceType>
</Attribut>
</TexturedSurface>
<TexturedSurface Id ="90937">
<Attribut>
<FaceType>Wall</FaceType>
</Attribut>
</TexturedSurface>
<TexturedSurface Id ="90940">
<Attribut>
<FaceType>Wall</FaceType>
</Attribut>
</TexturedSurface>
<TexturedSurface Id ="90943">
<Attribut>
<FaceType>Wall</FaceType>
</Attribut>
</TexturedSurface>
<TexturedSurface Id ="90946">
<Attribut>
<FaceType>Wall</FaceType>
</Attribut>
</TexturedSurface>
<TexturedSurface Id ="90949">
<Attribut>
<FaceType>Wall</FaceType>
</Attribut>
</TexturedSurface>
<TexturedSurface Id ="90952">
<Attribut>
<FaceType>Wall</FaceType>
</Attribut>
</TexturedSurface>
<TexturedSurface Id ="90955">
<Attribut>
<FaceType>Wall</FaceType>
</Attribut>
</TexturedSurface>
<TexturedSurface Id ="90958">
<Attribut>
<FaceType>Wall</FaceType>
</Attribut>
</TexturedSurface>
<TexturedSurface Id ="90961">
<Attribut>
<FaceType>Wall</FaceType>
</Attribut>
</TexturedSurface>
<TexturedSurface Id ="90964">
<Attribut>
<FaceType>Wall</FaceType>
</Attribut>
</TexturedSurface>
<TexturedSurface Id ="90967">
<Attribut>
<FaceType>Wall</FaceType>
</Attribut>
</TexturedSurface>
<TexturedSurface Id ="90970">
<Attribut>
<FaceType>Wall</FaceType>
</Attribut>
</TexturedSurface>
<TexturedSurface Id ="90973">
<Attribut>
<FaceType>Wall</FaceType>
<TextureRatio>2.41991</TextureRatio>
<ImageOrigine>3_6093.tif</ImageOrigine>
<CropImageOrigine>3137 3370 2930 3310
</CropImageOrigine>
</Attribut>
</TexturedSurface>
<TexturedSurface Id ="90976">
<Attribut>
<FaceType>Wall</FaceType>
<TextureRatio>2.50693</TextureRatio>
<ImageOrigine>3_6091.tif</ImageOrigine>
<CropImageOrigine>4068 3508 4028 3447
</CropImageOrigine>
</Attribut>
</TexturedSurface>
<TexturedSurface Id ="90979">
<Attribut>
<FaceType>Wall</FaceType>
<TextureRatio>2.44758</TextureRatio>
<ImageOrigine>3_6095.tif</ImageOrigine>
<CropImageOrigine>1467 3755 1354 3708
</CropImageOrigine>
</Attribut>
</TexturedSurface>
<TexturedSurface Id ="90982">
<Attribut>
<FaceType>Wall</FaceType>
<TextureRatio>2.71647</TextureRatio>
<ImageOrigine>3_6096.tif</ImageOrigine>
<CropImageOrigine>772 3671 743 3606
</CropImageOrigine>
</Attribut>
</TexturedSurface>
<TexturedSurface Id ="90985">
<Attribut>
<FaceType>Wall</FaceType>
<TextureRatio>2.37234</TextureRatio>
<ImageOrigine>3_6091.tif</ImageOrigine>
<CropImageOrigine>3960 3504 3833 3462
</CropImageOrigine>
</Attribut>
</TexturedSurface>
<TexturedSurface Id ="90988">
<Attribut>
<FaceType>Wall</FaceType>
<TextureRatio>2.83917</TextureRatio>
<ImageOrigine>3_6091.tif</ImageOrigine>
<CropImageOrigine>3865 3516 3833 3477
</CropImageOrigine>
</Attribut>
</TexturedSurface>
<TexturedSurface Id ="90991">
<Attribut>
<FaceType>Wall</FaceType>
<TextureRatio>2.35648</TextureRatio>
<ImageOrigine>3_6091.tif</ImageOrigine>
<CropImageOrigine>3864 3531 3737 3489
</CropImageOrigine>
</Attribut>
</TexturedSurface>
<TexturedSurface Id ="90994">
<Attribut>
<FaceType>Wall</FaceType>
<TextureRatio>2.53523</TextureRatio>
<ImageOrigine>2_6076.tif</ImageOrigine>
<CropImageOrigine>3587 2497 3558 2480
</CropImageOrigine>
</Attribut>
</TexturedSurface>
<TexturedSurface Id ="90997">
<Attribut>
<FaceType>Wall</FaceType>
<TextureRatio>2.50839</TextureRatio>
<ImageOrigine>1_6046.tif</ImageOrigine>
<CropImageOrigine>854 175 826 148
</CropImageOrigine>
</Attribut>
</TexturedSurface>
<TexturedSurface Id ="91000">
<Attribut>
<FaceType>Wall</FaceType>
<TextureRatio>2.41699</TextureRatio>
<ImageOrigine>3_6096.tif</ImageOrigine>
<CropImageOrigine>581 3671 539 3549
</CropImageOrigine>
</Attribut>
</TexturedSurface>
<TexturedSurface Id ="91003">
<Attribut>
<FaceType>Wall</FaceType>
</Attribut>
</TexturedSurface>
<TexturedSurface Id ="91006">
<Attribut>
<FaceType>Wall</FaceType>
<TextureRatio>2.34929</TextureRatio>
<ImageOrigine>2_6082.tif</ImageOrigine>
<CropImageOrigine>328 3359 286 3238
</CropImageOrigine>
</Attribut>
</TexturedSurface>
<TexturedSurface Id ="91009">
<Attribut>
<FaceType>Wall</FaceType>
<TextureRatio>2.40204</TextureRatio>
<ImageOrigine>3_6093.tif</ImageOrigine>
<CropImageOrigine>2560 3446 2546 3416
</CropImageOrigine>
</Attribut>
</TexturedSurface>
<TexturedSurface Id ="91012">
<Attribut>
<FaceType>Wall</FaceType>
<TextureRatio>3.65715</TextureRatio>
<ImageOrigine>3_6095.tif</ImageOrigine>
<CropImageOrigine>1069 3775 1051 3733
</CropImageOrigine>
</Attribut>
</TexturedSurface>
<TexturedSurface Id ="91015">
<Attribut>
<FaceType>Wall</FaceType>
<TextureRatio>2.37169</TextureRatio>
<ImageOrigine>3_6091.tif</ImageOrigine>
<CropImageOrigine>3664 3536 3624 3507
</CropImageOrigine>
</Attribut>
</TexturedSurface>
<TexturedSurface Id ="91018">
<Attribut>
<FaceType>Wall</FaceType>
<TextureRatio>2.37641</TextureRatio>
<ImageOrigine>2_6082.tif</ImageOrigine>
<CropImageOrigine>337 3267 288 3093
</CropImageOrigine>
</Attribut>
</TexturedSurface>
<TexturedSurface Id ="91021">
<Attribut>
<FaceType>Wall</FaceType>
<TextureRatio>2.7955</TextureRatio>
<ImageOrigine>1_6044.tif</ImageOrigine>
<CropImageOrigine>2390 110 2010 25
</CropImageOrigine>
</Attribut>
</TexturedSurface>
<TexturedSurface Id ="91024">
<Attribut>
<FaceType>Wall</FaceType>
<TextureRatio>2.9478</TextureRatio>
<ImageOrigine>2_6081.tif</ImageOrigine>
<CropImageOrigine>777 3520 746 3449
</CropImageOrigine>
</Attribut>
</TexturedSurface>
<TexturedSurface Id ="91027">
<Attribut>
<FaceType>Wall</FaceType>
<TextureRatio>2.86408</TextureRatio>
<ImageOrigine>1_6043.tif</ImageOrigine>
<CropImageOrigine>3547 179 3332 117
</CropImageOrigine>
</Attribut>
</TexturedSurface>
<TexturedSurface Id ="91030">
<Attribut>
<FaceType>Wall</FaceType>
</Attribut>
</TexturedSurface>
<TexturedSurface Id ="91033">
<Attribut>
<FaceType>Wall</FaceType>
</Attribut>
</TexturedSurface>
<TexturedSurface Id ="91036">
<Attribut>
<FaceType>Wall</FaceType>
</Attribut>
</TexturedSurface>
<TexturedSurface Id ="91039">
<Attribut>
<FaceType>Wall</FaceType>
</Attribut>
</TexturedSurface>
<TexturedSurface Id ="91042">
<Attribut>
<FaceType>Wall</FaceType>
</Attribut>
</TexturedSurface>
<TexturedSurface Id ="91045">
<Attribut>
<FaceType>Wall</FaceType>
</Attribut>
</TexturedSurface>
<TexturedSurface Id ="91048">
<Attribut>
<FaceType>Wall</FaceType>
</Attribut>
</TexturedSurface>
<TexturedSurface Id ="91051">
<Attribut>
<FaceType>Wall</FaceType>
</Attribut>
</TexturedSurface>
<TexturedSurface Id ="91054">
<Attribut>
<FaceType>Wall</FaceType>
</Attribut>
</TexturedSurface>
<TexturedSurface Id ="91057">
<Attribut>
<FaceType>Wall</FaceType>
</Attribut>
</TexturedSurface>
<TexturedSurface Id ="91060">
<Attribut>
<FaceType>Wall</FaceType>
</Attribut>
</TexturedSurface>
<TexturedSurface Id ="91063">
<Attribut>
<FaceType>Wall</FaceType>
</Attribut>
</TexturedSurface>
<TexturedSurface Id ="91066">
<Attribut>
<FaceType>Wall</FaceType>
</Attribut>
</TexturedSurface>
<TexturedSurface Id ="91069">
<Attribut>
<FaceType>Wall</FaceType>
</Attribut>
</TexturedSurface>
<TexturedSurface Id ="91072">
<Attribut>
<FaceType>Wall</FaceType>
</Attribut>
</TexturedSurface>
<TexturedSurface Id ="91075">
<Attribut>
<FaceType>Wall</FaceType>
<TextureRatio>1.99143</TextureRatio>
<ImageOrigine>2_6074.tif</ImageOrigine>
<CropImageOrigine>3891 2070 3854 2022
</CropImageOrigine>
</Attribut>
</TexturedSurface>
<TexturedSurface Id ="91078">
<Attribut>
<FaceType>Wall</FaceType>
<TextureRatio>2.60804</TextureRatio>
<ImageOrigine>1_6048.tif</ImageOrigine>
<CropImageOrigine>571 360 470 326
</CropImageOrigine>
</Attribut>
</TexturedSurface>
<TexturedSurface Id ="91081">
<Attribut>
<FaceType>Wall</FaceType>
<TextureRatio>2.3322</TextureRatio>
<ImageOrigine>2_6081.tif</ImageOrigine>
<CropImageOrigine>399 3583 360 3510
</CropImageOrigine>
</Attribut>
</TexturedSurface>
<TexturedSurface Id ="91084">
<Attribut>
<FaceType>Wall</FaceType>
<TextureRatio>2.865</TextureRatio>
<ImageOrigine>1_6043.tif</ImageOrigine>
<CropImageOrigine>4008 121 3692 42
</CropImageOrigine>
</Attribut>
</TexturedSurface>
<TexturedSurface Id ="91087">
<Attribut>
<FaceType>Wall</FaceType>
<TextureRatio>1.97411</TextureRatio>
<ImageOrigine>3_6098.tif</ImageOrigine>
<CropImageOrigine>99 3844 57 3761
</CropImageOrigine>
</Attribut>
</TexturedSurface>
<TexturedSurface Id ="91090">
<Attribut>
<FaceType>Wall</FaceType>
<TextureRatio>2.73383</TextureRatio>
<ImageOrigine>1_6046.tif</ImageOrigine>
<CropImageOrigine>1828 223 1740 185
</CropImageOrigine>
</Attribut>
</TexturedSurface>
<TexturedSurface Id ="91093">
<Attribut>
<FaceType>Wall</FaceType>
</Attribut>
</TexturedSurface>
<TexturedSurface Id ="91096">
<Attribut>
<FaceType>Wall</FaceType>
</Attribut>
</TexturedSurface>
<TexturedSurface Id ="91099">
<Attribut>
<FaceType>Wall</FaceType>
</Attribut>
</TexturedSurface>
<TexturedSurface Id ="91102">
<Attribut>
<FaceType>Wall</FaceType>
</Attribut>
</TexturedSurface>
<TexturedSurface Id ="91105">
<Attribut>
<FaceType>Wall</FaceType>
</Attribut>
</TexturedSurface>
<TexturedSurface Id ="91108">
<Attribut>
<FaceType>Wall</FaceType>
</Attribut>
</TexturedSurface>
<TexturedSurface Id ="91111">
<Attribut>
<FaceType>Wall</FaceType>
</Attribut>
</TexturedSurface>
<TexturedSurface Id ="91114">
<Attribut>
<FaceType>Wall</FaceType>
</Attribut>
</TexturedSurface>
<TexturedSurface Id ="91117">
<Attribut>
<FaceType>Wall</FaceType>
</Attribut>
</TexturedSurface>
<TexturedSurface Id ="91120">
<Attribut>
<FaceType>Wall</FaceType>
</Attribut>
</TexturedSurface>
<TexturedSurface Id ="91123">
<Attribut>
<FaceType>Wall</FaceType>
</Attribut>
</TexturedSurface>
<TexturedSurface Id ="91126">
<Attribut>
<FaceType>Wall</FaceType>
</Attribut>
</TexturedSurface>
<TexturedSurface Id ="91129">
<Attribut>
<FaceType>Wall</FaceType>
</Attribut>
</TexturedSurface>
<TexturedSurface Id ="91132">
<Attribut>
<FaceType>Wall</FaceType>
</Attribut>
</TexturedSurface>
<TexturedSurface Id ="91135">
<Attribut>
<FaceType>Wall</FaceType>
</Attribut>
</TexturedSurface>
<TexturedSurface Id ="91138">
<Attribut>
<FaceType>Wall</FaceType>
</Attribut>
</TexturedSurface>
<TexturedSurface Id ="91141">
<Attribut>
<FaceType>Wall</FaceType>
<TextureRatio>2.53782</TextureRatio>
<ImageOrigine>1_6049.tif</ImageOrigine>
<CropImageOrigine>332 297 100 248
</CropImageOrigine>
</Attribut>
</TexturedSurface>
<TexturedSurface Id ="91144">
<Attribut>
<FaceType>Wall</FaceType>
</Attribut>
</TexturedSurface>
<TexturedSurface Id ="91147">
<Attribut>
<FaceType>Wall</FaceType>
<TextureRatio>2.50006</TextureRatio>
<ImageOrigine>3_6095.tif</ImageOrigine>
<CropImageOrigine>2537 3584 2308 3519
</CropImageOrigine>
</Attribut>
</TexturedSurface>
<TexturedSurface Id ="91150">
<Attribut>
<FaceType>Wall</FaceType>
</Attribut>
</TexturedSurface>
<TexturedSurface Id ="91153">
<Attribut>
<FaceType>Wall</FaceType>
</Attribut>
</TexturedSurface>
<TexturedSurface Id ="91156">
<Attribut>
<FaceType>Wall</FaceType>
</Attribut>
</TexturedSurface>
<TexturedSurface Id ="91159">
<Attribut>
<FaceType>Wall</FaceType>
</Attribut>
</TexturedSurface>
<TexturedSurface Id ="91162">
<Attribut>
<FaceType>Wall</FaceType>
</Attribut>
</TexturedSurface>
<TexturedSurface Id ="91165">
<Attribut>
<FaceType>Wall</FaceType>
</Attribut>
</TexturedSurface>
<TexturedSurface Id ="91168">
<Attribut>
<FaceType>Wall</FaceType>
</Attribut>
</TexturedSurface>
<TexturedSurface Id ="91171">
<Attribut>
<FaceType>Wall</FaceType>
</Attribut>
</TexturedSurface>
<TexturedSurface Id ="91174">
<Attribut>
<FaceType>Wall</FaceType>
</Attribut>
</TexturedSurface>
<TexturedSurface Id ="91177">
<Attribut>
<FaceType>Wall</FaceType>
</Attribut>
</TexturedSurface>
<TexturedSurface Id ="91180">
<Attribut>
<FaceType>Wall</FaceType>
</Attribut>
</TexturedSurface>
<TexturedSurface Id ="91183">
<Attribut>
<FaceType>Wall</FaceType>
</Attribut>
</TexturedSurface>
<TexturedSurface Id ="91186">
<Attribut>
<FaceType>Wall</FaceType>
<TextureRatio>2.4996</TextureRatio>
<ImageOrigine>3_6095.tif</ImageOrigine>
<CropImageOrigine>2230 3610 2127 3563
</CropImageOrigine>
</Attribut>
</TexturedSurface>
<TexturedSurface Id ="91189">
<Attribut>
<FaceType>Wall</FaceType>
<TextureRatio>1.97569</TextureRatio>
<ImageOrigine>3_6098.tif</ImageOrigine>
<CropImageOrigine>89 3642 48 3599
</CropImageOrigine>
</Attribut>
</TexturedSurface>
<TexturedSurface Id ="91192">
<Attribut>
<FaceType>Wall</FaceType>
<TextureRatio>2.43516</TextureRatio>
<ImageOrigine>3_6093.tif</ImageOrigine>
<CropImageOrigine>3612 3270 3475 3222
</CropImageOrigine>
</Attribut>
</TexturedSurface>
<TexturedSurface Id ="91195">
<Attribut>
<FaceType>Wall</FaceType>
<TextureRatio>3.82122</TextureRatio>
<ImageOrigine>3_6093.tif</ImageOrigine>
<CropImageOrigine>3503 3279 3475 3241
</CropImageOrigine>
</Attribut>
</TexturedSurface>
</WallSurface >
</BuildingPart >
</Building >
</CityModel>
</Chantier_Bati3D>
