<Chantier_Bati3D>
<Bbox>
<Xmin>533088.060</Xmin>
<Xmax>533103.874</Xmax>
<Ymin>152497.738</Ymin>
<Ymax>152525.960</Ymax>
<Zmin>395.760</Zmin>
<Zmax>410.670</Zmax>
</Bbox>
<CityModel Id ="80592">
<Building  Id ="81869">
<Attribut>
<centre>533095.967 147513.805</centre>
</Attribut>
<BuildingPart  Id ="81870">
<RoofSurface  Id ="81876">
<TexturedSurface Id ="81877">
<Attribut>
<FaceType>Roof</FaceType>
<TextureRatio>0.999838</TextureRatio>
<ImageOrigine>2_6081.tif</ImageOrigine>
<CropImageOrigine>576 3786 441 3572
</CropImageOrigine>
</Attribut>
</TexturedSurface>
</RoofSurface >
<WallSurface  Id ="91201">
<TexturedSurface Id ="91202">
<Attribut>
<FaceType>Wall</FaceType>
<TextureRatio>2.58863</TextureRatio>
<ImageOrigine>2_6081.tif</ImageOrigine>
<CropImageOrigine>611 3767 548 3542
</CropImageOrigine>
</Attribut>
</TexturedSurface>
<TexturedSurface Id ="91205">
<Attribut>
<FaceType>Wall</FaceType>
</Attribut>
</TexturedSurface>
<TexturedSurface Id ="91208">
<Attribut>
<FaceType>Wall</FaceType>
<TextureRatio>1.98603</TextureRatio>
<ImageOrigine>2_6074.tif</ImageOrigine>
<CropImageOrigine>3900 2265 3849 2079
</CropImageOrigine>
</Attribut>
</TexturedSurface>
<TexturedSurface Id ="91211">
<Attribut>
<FaceType>Wall</FaceType>
<TextureRatio>2.48088</TextureRatio>
<ImageOrigine>1_6045.tif</ImageOrigine>
<CropImageOrigine>2018 136 1917 86
</CropImageOrigine>
</Attribut>
</TexturedSurface>
</WallSurface >
</BuildingPart >
</Building >
</CityModel>
</Chantier_Bati3D>
