<Chantier_Bati3D>
<Bbox>
<Xmin>533173.470</Xmin>
<Xmax>533190.530</Xmax>
<Ymin>152498.130</Ymin>
<Ymax>152511.670</Ymax>
<Zmin>395.000</Zmin>
<Zmax>410.670</Zmax>
</Bbox>
<CityModel Id ="80592">
<Building  Id ="81880">
<Attribut>
<centre>533182.000 147506.660</centre>
</Attribut>
<BuildingPart  Id ="81881">
<RoofSurface  Id ="81887">
<TexturedSurface Id ="81888">
<Attribut>
<FaceType>Roof</FaceType>
<TextureRatio>0.999894</TextureRatio>
<ImageOrigine>2_6079.tif</ImageOrigine>
<CropImageOrigine>689 2979 563 2881
</CropImageOrigine>
</Attribut>
</TexturedSurface>
</RoofSurface >
<WallSurface  Id ="91217">
<TexturedSurface Id ="91218">
<Attribut>
<FaceType>Wall</FaceType>
<TextureRatio>3.23441</TextureRatio>
<ImageOrigine>3_6093.tif</ImageOrigine>
<CropImageOrigine>3728 3393 3675 3267
</CropImageOrigine>
</Attribut>
</TexturedSurface>
<TexturedSurface Id ="91221">
<Attribut>
<FaceType>Wall</FaceType>
</Attribut>
</TexturedSurface>
<TexturedSurface Id ="91224">
<Attribut>
<FaceType>Wall</FaceType>
<TextureRatio>2.17624</TextureRatio>
<ImageOrigine>3_6098.tif</ImageOrigine>
<CropImageOrigine>292 3786 241 3651
</CropImageOrigine>
</Attribut>
</TexturedSurface>
<TexturedSurface Id ="91227">
<Attribut>
<FaceType>Wall</FaceType>
</Attribut>
</TexturedSurface>
</WallSurface >
</BuildingPart >
</Building >
</CityModel>
</Chantier_Bati3D>
