<Chantier_Bati3D>
<Bbox>
<Xmin>533131.960</Xmin>
<Xmax>533145.640</Xmax>
<Ymin>152519.350</Ymin>
<Ymax>152525.960</Ymax>
<Zmin>395.439</Zmin>
<Zmax>399.600</Zmax>
</Bbox>
<CityModel Id ="80592">
<Building  Id ="81902">
<Attribut>
<centre>533138.800 147513.805</centre>
</Attribut>
<BuildingPart  Id ="81903">
<RoofSurface  Id ="81909">
<TexturedSurface Id ="81910">
<Attribut>
<FaceType>Roof</FaceType>
<TextureRatio>0.999936</TextureRatio>
<ImageOrigine>3_6095.tif</ImageOrigine>
<CropImageOrigine>2027 3617 1930 3559
</CropImageOrigine>
</Attribut>
</TexturedSurface>
</RoofSurface >
<WallSurface  Id ="91705">
<TexturedSurface Id ="91706">
<Attribut>
<FaceType>Wall</FaceType>
<TextureRatio>2.49999</TextureRatio>
<ImageOrigine>3_6093.tif</ImageOrigine>
<CropImageOrigine>3488 3232 3390 3206
</CropImageOrigine>
</Attribut>
</TexturedSurface>
<TexturedSurface Id ="91709">
<Attribut>
<FaceType>Wall</FaceType>
<TextureRatio>4.15293</TextureRatio>
<ImageOrigine>3_6093.tif</ImageOrigine>
<CropImageOrigine>3406 3274 3390 3221
</CropImageOrigine>
</Attribut>
</TexturedSurface>
<TexturedSurface Id ="91712">
<Attribut>
<FaceType>Wall</FaceType>
</Attribut>
</TexturedSurface>
<TexturedSurface Id ="91715">
<Attribut>
<FaceType>Wall</FaceType>
</Attribut>
</TexturedSurface>
<TexturedSurface Id ="91718">
<Attribut>
<FaceType>Wall</FaceType>
</Attribut>
</TexturedSurface>
<TexturedSurface Id ="91721">
<Attribut>
<FaceType>Wall</FaceType>
</Attribut>
</TexturedSurface>
</WallSurface >
</BuildingPart >
</Building >
</CityModel>
</Chantier_Bati3D>
