<Chantier_Bati3D>
<Bbox>
<Xmin>533196.760</Xmin>
<Xmax>533221.600</Xmax>
<Ymin>152500.940</Ymin>
<Ymax>152569.410</Ymax>
<Zmin>394.915</Zmin>
<Zmax>399.600</Zmax>
</Bbox>
<CityModel Id ="80592">
<Building  Id ="81913">
<Attribut>
<centre>533209.180 147535.530</centre>
</Attribut>
<BuildingPart  Id ="81914">
<RoofSurface  Id ="81920">
<TexturedSurface Id ="81921">
<Attribut>
<FaceType>Roof</FaceType>
<TextureRatio>0.99991</TextureRatio>
<ImageOrigine>2_6079.tif</ImageOrigine>
<CropImageOrigine>546 3348 367 2881
</CropImageOrigine>
</Attribut>
</TexturedSurface>
</RoofSurface >
<WallSurface  Id ="91727">
<TexturedSurface Id ="91728">
<Attribut>
<FaceType>Wall</FaceType>
</Attribut>
</TexturedSurface>
<TexturedSurface Id ="91731">
<Attribut>
<FaceType>Wall</FaceType>
<TextureRatio>2.08032</TextureRatio>
<ImageOrigine>2_6073.tif</ImageOrigine>
<CropImageOrigine>3853 2225 3837 1902
</CropImageOrigine>
</Attribut>
</TexturedSurface>
<TexturedSurface Id ="91734">
<Attribut>
<FaceType>Wall</FaceType>
<TextureRatio>3.01986</TextureRatio>
<ImageOrigine>3_6093.tif</ImageOrigine>
<CropImageOrigine>3900 2866 3867 2853
</CropImageOrigine>
</Attribut>
</TexturedSurface>
<TexturedSurface Id ="91737">
<Attribut>
<FaceType>Wall</FaceType>
<TextureRatio>2.73375</TextureRatio>
<ImageOrigine>3_6093.tif</ImageOrigine>
<CropImageOrigine>3915 3100 3867 2857
</CropImageOrigine>
</Attribut>
</TexturedSurface>
<TexturedSurface Id ="91740">
<Attribut>
<FaceType>Wall</FaceType>
<TextureRatio>2.66344</TextureRatio>
<ImageOrigine>3_6095.tif</ImageOrigine>
<CropImageOrigine>2449 3452 2442 3439
</CropImageOrigine>
</Attribut>
</TexturedSurface>
<TexturedSurface Id ="91743">
<Attribut>
<FaceType>Wall</FaceType>
<TextureRatio>3.97325</TextureRatio>
<ImageOrigine>3_6097.tif</ImageOrigine>
<CropImageOrigine>1034 3214 1024 3155
</CropImageOrigine>
</Attribut>
</TexturedSurface>
<TexturedSurface Id ="91746">
<Attribut>
<FaceType>Wall</FaceType>
<TextureRatio>2.65466</TextureRatio>
<ImageOrigine>3_6093.tif</ImageOrigine>
<CropImageOrigine>3903 3056 3871 3042
</CropImageOrigine>
</Attribut>
</TexturedSurface>
<TexturedSurface Id ="91749">
<Attribut>
<FaceType>Wall</FaceType>
<TextureRatio>2.77693</TextureRatio>
<ImageOrigine>3_6093.tif</ImageOrigine>
<CropImageOrigine>3905 3196 3871 3045
</CropImageOrigine>
</Attribut>
</TexturedSurface>
<TexturedSurface Id ="91752">
<Attribut>
<FaceType>Wall</FaceType>
</Attribut>
</TexturedSurface>
<TexturedSurface Id ="91755">
<Attribut>
<FaceType>Wall</FaceType>
</Attribut>
</TexturedSurface>
<TexturedSurface Id ="91758">
<Attribut>
<FaceType>Wall</FaceType>
</Attribut>
</TexturedSurface>
<TexturedSurface Id ="91761">
<Attribut>
<FaceType>Wall</FaceType>
</Attribut>
</TexturedSurface>
<TexturedSurface Id ="91764">
<Attribut>
<FaceType>Wall</FaceType>
</Attribut>
</TexturedSurface>
<TexturedSurface Id ="91767">
<Attribut>
<FaceType>Wall</FaceType>
</Attribut>
</TexturedSurface>
<TexturedSurface Id ="91770">
<Attribut>
<FaceType>Wall</FaceType>
</Attribut>
</TexturedSurface>
<TexturedSurface Id ="91773">
<Attribut>
<FaceType>Wall</FaceType>
</Attribut>
</TexturedSurface>
<TexturedSurface Id ="91776">
<Attribut>
<FaceType>Wall</FaceType>
</Attribut>
</TexturedSurface>
<TexturedSurface Id ="91779">
<Attribut>
<FaceType>Wall</FaceType>
</Attribut>
</TexturedSurface>
<TexturedSurface Id ="91782">
<Attribut>
<FaceType>Wall</FaceType>
</Attribut>
</TexturedSurface>
<TexturedSurface Id ="91785">
<Attribut>
<FaceType>Wall</FaceType>
</Attribut>
</TexturedSurface>
<TexturedSurface Id ="91788">
<Attribut>
<FaceType>Wall</FaceType>
</Attribut>
</TexturedSurface>
<TexturedSurface Id ="91791">
<Attribut>
<FaceType>Wall</FaceType>
</Attribut>
</TexturedSurface>
<TexturedSurface Id ="91794">
<Attribut>
<FaceType>Wall</FaceType>
</Attribut>
</TexturedSurface>
<TexturedSurface Id ="91797">
<Attribut>
<FaceType>Wall</FaceType>
</Attribut>
</TexturedSurface>
<TexturedSurface Id ="91800">
<Attribut>
<FaceType>Wall</FaceType>
</Attribut>
</TexturedSurface>
<TexturedSurface Id ="91803">
<Attribut>
<FaceType>Wall</FaceType>
</Attribut>
</TexturedSurface>
</WallSurface >
</BuildingPart >
</Building >
</CityModel>
</Chantier_Bati3D>
