<Chantier_Bati3D>
<Bbox>
<Xmin>532901.010</Xmin>
<Xmax>533002.278</Xmax>
<Ymin>152431.580</Ymin>
<Ymax>152475.870</Ymax>
<Zmin>396.171</Zmin>
<Zmax>407.270</Zmax>
</Bbox>
<CityModel Id ="80592">
<Building  Id ="81924">
<Attribut>
<centre>532951.644 147488.760</centre>
</Attribut>
<BuildingPart  Id ="81925">
<RoofSurface  Id ="81931">
<TexturedSurface Id ="81932">
<Attribut>
<FaceType>Roof</FaceType>
<TextureRatio>0.99905</TextureRatio>
<ImageOrigine>2_6081.tif</ImageOrigine>
<CropImageOrigine>1793 3271 1085 2925
</CropImageOrigine>
</Attribut>
</TexturedSurface>
</RoofSurface >
<WallSurface  Id ="91809">
<TexturedSurface Id ="91810">
<Attribut>
<FaceType>Wall</FaceType>
<TextureRatio>3.57295</TextureRatio>
<ImageOrigine>2_6082.tif</ImageOrigine>
<CropImageOrigine>867 2705 843 2646
</CropImageOrigine>
</Attribut>
</TexturedSurface>
<TexturedSurface Id ="91813">
<Attribut>
<FaceType>Wall</FaceType>
<TextureRatio>2.51982</TextureRatio>
<ImageOrigine>1_6042.tif</ImageOrigine>
<CropImageOrigine>3308 354 3238 292
</CropImageOrigine>
</Attribut>
</TexturedSurface>
<TexturedSurface Id ="91816">
<Attribut>
<FaceType>Wall</FaceType>
<TextureRatio>3.59129</TextureRatio>
<ImageOrigine>1_6042.tif</ImageOrigine>
<CropImageOrigine>3356 354 3291 323
</CropImageOrigine>
</Attribut>
</TexturedSurface>
<TexturedSurface Id ="91819">
<Attribut>
<FaceType>Wall</FaceType>
<TextureRatio>2.17681</TextureRatio>
<ImageOrigine>1_6046.tif</ImageOrigine>
<CropImageOrigine>392 777 328 711
</CropImageOrigine>
</Attribut>
</TexturedSurface>
<TexturedSurface Id ="91822">
<Attribut>
<FaceType>Wall</FaceType>
<TextureRatio>3.46026</TextureRatio>
<ImageOrigine>1_6042.tif</ImageOrigine>
<CropImageOrigine>3443 291 3379 260
</CropImageOrigine>
</Attribut>
</TexturedSurface>
<TexturedSurface Id ="91825">
<Attribut>
<FaceType>Wall</FaceType>
<TextureRatio>2.21139</TextureRatio>
<ImageOrigine>1_6046.tif</ImageOrigine>
<CropImageOrigine>513 723 410 602
</CropImageOrigine>
</Attribut>
</TexturedSurface>
<TexturedSurface Id ="91828">
<Attribut>
<FaceType>Wall</FaceType>
<TextureRatio>3.21953</TextureRatio>
<ImageOrigine>1_6042.tif</ImageOrigine>
<CropImageOrigine>3614 170 3507 129
</CropImageOrigine>
</Attribut>
</TexturedSurface>
<TexturedSurface Id ="91831">
<Attribut>
<FaceType>Wall</FaceType>
<TextureRatio>2.70662</TextureRatio>
<ImageOrigine>2_6082.tif</ImageOrigine>
<CropImageOrigine>497 2804 463 2733
</CropImageOrigine>
</Attribut>
</TexturedSurface>
<TexturedSurface Id ="91834">
<Attribut>
<FaceType>Wall</FaceType>
<TextureRatio>3.3605</TextureRatio>
<ImageOrigine>1_6042.tif</ImageOrigine>
<CropImageOrigine>3623 214 3599 188
</CropImageOrigine>
</Attribut>
</TexturedSurface>
<TexturedSurface Id ="91837">
<Attribut>
<FaceType>Wall</FaceType>
<TextureRatio>2.7031</TextureRatio>
<ImageOrigine>2_6082.tif</ImageOrigine>
<CropImageOrigine>487 2745 459 2720
</CropImageOrigine>
</Attribut>
</TexturedSurface>
<TexturedSurface Id ="91840">
<Attribut>
<FaceType>Wall</FaceType>
<TextureRatio>3.39383</TextureRatio>
<ImageOrigine>1_6042.tif</ImageOrigine>
<CropImageOrigine>3670 226 3602 193
</CropImageOrigine>
</Attribut>
</TexturedSurface>
<TexturedSurface Id ="91843">
<Attribut>
<FaceType>Wall</FaceType>
<TextureRatio>2.62787</TextureRatio>
<ImageOrigine>2_6082.tif</ImageOrigine>
<CropImageOrigine>441 2738 410 2700
</CropImageOrigine>
</Attribut>
</TexturedSurface>
<TexturedSurface Id ="91846">
<Attribut>
<FaceType>Wall</FaceType>
<TextureRatio>2.16117</TextureRatio>
<ImageOrigine>1_6042.tif</ImageOrigine>
<CropImageOrigine>3728 284 3649 218
</CropImageOrigine>
</Attribut>
</TexturedSurface>
<TexturedSurface Id ="91849">
<Attribut>
<FaceType>Wall</FaceType>
<TextureRatio>3.59394</TextureRatio>
<ImageOrigine>1_6042.tif</ImageOrigine>
<CropImageOrigine>3801 284 3703 246
</CropImageOrigine>
</Attribut>
</TexturedSurface>
<TexturedSurface Id ="91852">
<Attribut>
<FaceType>Wall</FaceType>
<TextureRatio>2.56215</TextureRatio>
<ImageOrigine>1_6046.tif</ImageOrigine>
<CropImageOrigine>807 733 746 664
</CropImageOrigine>
</Attribut>
</TexturedSurface>
<TexturedSurface Id ="91855">
<Attribut>
<FaceType>Wall</FaceType>
<TextureRatio>2.37901</TextureRatio>
<ImageOrigine>2_6076.tif</ImageOrigine>
<CropImageOrigine>3698 1996 3667 1969
</CropImageOrigine>
</Attribut>
</TexturedSurface>
<TexturedSurface Id ="91858">
<Attribut>
<FaceType>Wall</FaceType>
<TextureRatio>2.5364</TextureRatio>
<ImageOrigine>1_6046.tif</ImageOrigine>
<CropImageOrigine>822 658 782 615
</CropImageOrigine>
</Attribut>
</TexturedSurface>
<TexturedSurface Id ="91861">
<Attribut>
<FaceType>Wall</FaceType>
<TextureRatio>2.40981</TextureRatio>
<ImageOrigine>2_6076.tif</ImageOrigine>
<CropImageOrigine>3675 2114 3644 2018
</CropImageOrigine>
</Attribut>
</TexturedSurface>
<TexturedSurface Id ="91864">
<Attribut>
<FaceType>Wall</FaceType>
<TextureRatio>1.53443</TextureRatio>
<ImageOrigine>3_6096.tif</ImageOrigine>
<CropImageOrigine>554 4059 470 3981
</CropImageOrigine>
</Attribut>
</TexturedSurface>
<TexturedSurface Id ="91867">
<Attribut>
<FaceType>Wall</FaceType>
<TextureRatio>1.99301</TextureRatio>
<ImageOrigine>3_6091.tif</ImageOrigine>
<CropImageOrigine>3674 3889 3554 3841
</CropImageOrigine>
</Attribut>
</TexturedSurface>
<TexturedSurface Id ="91870">
<Attribut>
<FaceType>Wall</FaceType>
<TextureRatio>1.82386</TextureRatio>
<ImageOrigine>3_6091.tif</ImageOrigine>
<CropImageOrigine>3579 3947 3511 3856
</CropImageOrigine>
</Attribut>
</TexturedSurface>
<TexturedSurface Id ="91873">
<Attribut>
<FaceType>Wall</FaceType>
<TextureRatio>2.00853</TextureRatio>
<ImageOrigine>3_6094.tif</ImageOrigine>
<CropImageOrigine>1525 3906 1427 3860
</CropImageOrigine>
</Attribut>
</TexturedSurface>
<TexturedSurface Id ="91876">
<Attribut>
<FaceType>Wall</FaceType>
<TextureRatio>2.07228</TextureRatio>
<ImageOrigine>2_6076.tif</ImageOrigine>
<CropImageOrigine>3955 2187 3922 2109
</CropImageOrigine>
</Attribut>
</TexturedSurface>
<TexturedSurface Id ="91879">
<Attribut>
<FaceType>Wall</FaceType>
<TextureRatio>2.01496</TextureRatio>
<ImageOrigine>3_6091.tif</ImageOrigine>
<CropImageOrigine>3434 3887 3408 3854
</CropImageOrigine>
</Attribut>
</TexturedSurface>
<TexturedSurface Id ="91882">
<Attribut>
<FaceType>Wall</FaceType>
<TextureRatio>4.18405</TextureRatio>
<ImageOrigine>3_6091.tif</ImageOrigine>
<CropImageOrigine>3430 3889 3408 3855
</CropImageOrigine>
</Attribut>
</TexturedSurface>
<TexturedSurface Id ="91885">
<Attribut>
<FaceType>Wall</FaceType>
<TextureRatio>2.04232</TextureRatio>
<ImageOrigine>3_6093.tif</ImageOrigine>
<CropImageOrigine>2327 3786 2305 3750
</CropImageOrigine>
</Attribut>
</TexturedSurface>
<TexturedSurface Id ="91888">
<Attribut>
<FaceType>Wall</FaceType>
<TextureRatio>1.95013</TextureRatio>
<ImageOrigine>3_6096.tif</ImageOrigine>
<CropImageOrigine>235 4037 200 3975
</CropImageOrigine>
</Attribut>
</TexturedSurface>
<TexturedSurface Id ="91891">
<Attribut>
<FaceType>Wall</FaceType>
<TextureRatio>2.03955</TextureRatio>
<ImageOrigine>3_6091.tif</ImageOrigine>
<CropImageOrigine>3406 3914 3053 3833
</CropImageOrigine>
</Attribut>
</TexturedSurface>
<TexturedSurface Id ="91894">
<Attribut>
<FaceType>Wall</FaceType>
<TextureRatio>3.64273</TextureRatio>
<ImageOrigine>2_6082.tif</ImageOrigine>
<CropImageOrigine>914 2897 895 2858
</CropImageOrigine>
</Attribut>
</TexturedSurface>
<TexturedSurface Id ="91897">
<Attribut>
<FaceType>Wall</FaceType>
<TextureRatio>2.01222</TextureRatio>
<ImageOrigine>3_6091.tif</ImageOrigine>
<CropImageOrigine>3071 3944 3034 3912
</CropImageOrigine>
</Attribut>
</TexturedSurface>
<TexturedSurface Id ="91900">
<Attribut>
<FaceType>Wall</FaceType>
<TextureRatio>3.71596</TextureRatio>
<ImageOrigine>2_6082.tif</ImageOrigine>
<CropImageOrigine>934 2867 902 2735
</CropImageOrigine>
</Attribut>
</TexturedSurface>
<TexturedSurface Id ="91903">
<Attribut>
<FaceType>Wall</FaceType>
<TextureRatio>2.47187</TextureRatio>
<ImageOrigine>1_6042.tif</ImageOrigine>
<CropImageOrigine>3246 266 3181 206
</CropImageOrigine>
</Attribut>
</TexturedSurface>
</WallSurface >
</BuildingPart >
</Building >
</CityModel>
</Chantier_Bati3D>
