<Chantier_Bati3D>
<Bbox>
<Xmin>532931.632</Xmin>
<Xmax>532972.780</Xmax>
<Ymin>152421.556</Ymin>
<Ymax>152461.194</Ymax>
<Zmin>396.469</Zmin>
<Zmax>399.100</Zmax>
</Bbox>
<CityModel Id ="80592">
<Building  Id ="81935">
<Attribut>
<centre>532952.206 147481.422</centre>
</Attribut>
<BuildingPart  Id ="81936">
<RoofSurface  Id ="81942">
<TexturedSurface Id ="81943">
<Attribut>
<FaceType>Roof</FaceType>
<TextureRatio>1.00009</TextureRatio>
<ImageOrigine>2_6081.tif</ImageOrigine>
<CropImageOrigine>1551 3175 1286 2877
</CropImageOrigine>
</Attribut>
</TexturedSurface>
</RoofSurface >
<WallSurface  Id ="91909">
<TexturedSurface Id ="91910">
<Attribut>
<FaceType>Wall</FaceType>
<TextureRatio>1.85624</TextureRatio>
<ImageOrigine>3_6091.tif</ImageOrigine>
<CropImageOrigine>3535 4045 3483 4029
</CropImageOrigine>
</Attribut>
</TexturedSurface>
<TexturedSurface Id ="91913">
<Attribut>
<FaceType>Wall</FaceType>
<TextureRatio>2.13087</TextureRatio>
<ImageOrigine>2_6076.tif</ImageOrigine>
<CropImageOrigine>3889 2073 3881 1993
</CropImageOrigine>
</Attribut>
</TexturedSurface>
<TexturedSurface Id ="91916">
<Attribut>
<FaceType>Wall</FaceType>
</Attribut>
</TexturedSurface>
<TexturedSurface Id ="91919">
<Attribut>
<FaceType>Wall</FaceType>
</Attribut>
</TexturedSurface>
<TexturedSurface Id ="91922">
<Attribut>
<FaceType>Wall</FaceType>
</Attribut>
</TexturedSurface>
<TexturedSurface Id ="91925">
<Attribut>
<FaceType>Wall</FaceType>
</Attribut>
</TexturedSurface>
<TexturedSurface Id ="91928">
<Attribut>
<FaceType>Wall</FaceType>
</Attribut>
</TexturedSurface>
<TexturedSurface Id ="91931">
<Attribut>
<FaceType>Wall</FaceType>
</Attribut>
</TexturedSurface>
<TexturedSurface Id ="91934">
<Attribut>
<FaceType>Wall</FaceType>
</Attribut>
</TexturedSurface>
<TexturedSurface Id ="91937">
<Attribut>
<FaceType>Wall</FaceType>
</Attribut>
</TexturedSurface>
<TexturedSurface Id ="91940">
<Attribut>
<FaceType>Wall</FaceType>
</Attribut>
</TexturedSurface>
<TexturedSurface Id ="91943">
<Attribut>
<FaceType>Wall</FaceType>
</Attribut>
</TexturedSurface>
<TexturedSurface Id ="91946">
<Attribut>
<FaceType>Wall</FaceType>
</Attribut>
</TexturedSurface>
<TexturedSurface Id ="91949">
<Attribut>
<FaceType>Wall</FaceType>
</Attribut>
</TexturedSurface>
<TexturedSurface Id ="91952">
<Attribut>
<FaceType>Wall</FaceType>
</Attribut>
</TexturedSurface>
<TexturedSurface Id ="91955">
<Attribut>
<FaceType>Wall</FaceType>
</Attribut>
</TexturedSurface>
<TexturedSurface Id ="91958">
<Attribut>
<FaceType>Wall</FaceType>
</Attribut>
</TexturedSurface>
<TexturedSurface Id ="91961">
<Attribut>
<FaceType>Wall</FaceType>
</Attribut>
</TexturedSurface>
<TexturedSurface Id ="91964">
<Attribut>
<FaceType>Wall</FaceType>
</Attribut>
</TexturedSurface>
<TexturedSurface Id ="91967">
<Attribut>
<FaceType>Wall</FaceType>
</Attribut>
</TexturedSurface>
<TexturedSurface Id ="91970">
<Attribut>
<FaceType>Wall</FaceType>
<TextureRatio>53.6196</TextureRatio>
<ImageOrigine>1_6042.tif</ImageOrigine>
<CropImageOrigine>3519 190 3497 159
</CropImageOrigine>
</Attribut>
</TexturedSurface>
<TexturedSurface Id ="91973">
<Attribut>
<FaceType>Wall</FaceType>
<TextureRatio>3.01859</TextureRatio>
<ImageOrigine>1_6042.tif</ImageOrigine>
<CropImageOrigine>3503 196 3497 184
</CropImageOrigine>
</Attribut>
</TexturedSurface>
<TexturedSurface Id ="91976">
<Attribut>
<FaceType>Wall</FaceType>
<TextureRatio>51.0982</TextureRatio>
<ImageOrigine>1_6042.tif</ImageOrigine>
<CropImageOrigine>3502 216 3483 190
</CropImageOrigine>
</Attribut>
</TexturedSurface>
<TexturedSurface Id ="91979">
<Attribut>
<FaceType>Wall</FaceType>
</Attribut>
</TexturedSurface>
<TexturedSurface Id ="91982">
<Attribut>
<FaceType>Wall</FaceType>
<TextureRatio>53.5248</TextureRatio>
<ImageOrigine>1_6042.tif</ImageOrigine>
<CropImageOrigine>3481 244 3457 211
</CropImageOrigine>
</Attribut>
</TexturedSurface>
<TexturedSurface Id ="91985">
<Attribut>
<FaceType>Wall</FaceType>
<TextureRatio>3.11581</TextureRatio>
<ImageOrigine>1_6042.tif</ImageOrigine>
<CropImageOrigine>3463 250 3457 239
</CropImageOrigine>
</Attribut>
</TexturedSurface>
<TexturedSurface Id ="91988">
<Attribut>
<FaceType>Wall</FaceType>
<TextureRatio>51.1393</TextureRatio>
<ImageOrigine>1_6042.tif</ImageOrigine>
<CropImageOrigine>3462 271 3443 244
</CropImageOrigine>
</Attribut>
</TexturedSurface>
<TexturedSurface Id ="91991">
<Attribut>
<FaceType>Wall</FaceType>
</Attribut>
</TexturedSurface>
<TexturedSurface Id ="91994">
<Attribut>
<FaceType>Wall</FaceType>
</Attribut>
</TexturedSurface>
<TexturedSurface Id ="91997">
<Attribut>
<FaceType>Wall</FaceType>
</Attribut>
</TexturedSurface>
<TexturedSurface Id ="92000">
<Attribut>
<FaceType>Wall</FaceType>
</Attribut>
</TexturedSurface>
<TexturedSurface Id ="92003">
<Attribut>
<FaceType>Wall</FaceType>
</Attribut>
</TexturedSurface>
<TexturedSurface Id ="92006">
<Attribut>
<FaceType>Wall</FaceType>
<TextureRatio>2.34438</TextureRatio>
<ImageOrigine>1_6046.tif</ImageOrigine>
<CropImageOrigine>574 804 493 702
</CropImageOrigine>
</Attribut>
</TexturedSurface>
<TexturedSurface Id ="92009">
<Attribut>
<FaceType>Wall</FaceType>
<TextureRatio>3.4802</TextureRatio>
<ImageOrigine>1_6042.tif</ImageOrigine>
<CropImageOrigine>3656 257 3570 237
</CropImageOrigine>
</Attribut>
</TexturedSurface>
<TexturedSurface Id ="92012">
<Attribut>
<FaceType>Wall</FaceType>
</Attribut>
</TexturedSurface>
</WallSurface >
</BuildingPart >
</Building >
</CityModel>
</Chantier_Bati3D>
