<Chantier_Bati3D>
<Bbox>
<Xmin>532981.411</Xmin>
<Xmax>533002.278</Xmax>
<Ymin>152461.793</Ymin>
<Ymax>152475.520</Ymax>
<Zmin>396.357</Zmin>
<Zmax>404.010</Zmax>
</Bbox>
<CityModel Id ="80592">
<Building  Id ="81946">
<Attribut>
<centre>532991.845 147488.585</centre>
</Attribut>
<BuildingPart  Id ="81947">
<RoofSurface  Id ="81953">
<TexturedSurface Id ="81954">
<Attribut>
<FaceType>Roof</FaceType>
<TextureRatio>0.999588</TextureRatio>
<ImageOrigine>2_6079.tif</ImageOrigine>
<CropImageOrigine>2025 2775 1884 2677
</CropImageOrigine>
</Attribut>
</TexturedSurface>
</RoofSurface >
<WallSurface  Id ="92018">
<TexturedSurface Id ="92019">
<Attribut>
<FaceType>Wall</FaceType>
<TextureRatio>2.12992</TextureRatio>
<ImageOrigine>3_6095.tif</ImageOrigine>
<CropImageOrigine>1069 4056 1011 4023
</CropImageOrigine>
</Attribut>
</TexturedSurface>
<TexturedSurface Id ="92022">
<Attribut>
<FaceType>Wall</FaceType>
<TextureRatio>1.8287</TextureRatio>
<ImageOrigine>3_6091.tif</ImageOrigine>
<CropImageOrigine>3612 3872 3560 3802
</CropImageOrigine>
</Attribut>
</TexturedSurface>
<TexturedSurface Id ="92025">
<Attribut>
<FaceType>Wall</FaceType>
<TextureRatio>9.0234</TextureRatio>
<ImageOrigine>2_6078.tif</ImageOrigine>
<CropImageOrigine>2839 2536 2741 2525
</CropImageOrigine>
</Attribut>
</TexturedSurface>
<TexturedSurface Id ="92028">
<Attribut>
<FaceType>Wall</FaceType>
<TextureRatio>11.7624</TextureRatio>
<ImageOrigine>2_6079.tif</ImageOrigine>
<CropImageOrigine>1934 2730 1885 2670
</CropImageOrigine>
</Attribut>
</TexturedSurface>
<TexturedSurface Id ="92031">
<Attribut>
<FaceType>Wall</FaceType>
<TextureRatio>2.41592</TextureRatio>
<ImageOrigine>2_6076.tif</ImageOrigine>
<CropImageOrigine>3666 2160 3644 2118
</CropImageOrigine>
</Attribut>
</TexturedSurface>
<TexturedSurface Id ="92034">
<Attribut>
<FaceType>Wall</FaceType>
<TextureRatio>1.55784</TextureRatio>
<ImageOrigine>3_6096.tif</ImageOrigine>
<CropImageOrigine>546 4002 468 3936
</CropImageOrigine>
</Attribut>
</TexturedSurface>
</WallSurface >
</BuildingPart >
</Building >
</CityModel>
</Chantier_Bati3D>
