<Chantier_Bati3D>
<Bbox>
<Xmin>532936.400</Xmin>
<Xmax>532960.085</Xmax>
<Ymin>152429.450</Ymin>
<Ymax>152452.906</Ymax>
<Zmin>396.855</Zmin>
<Zmax>404.010</Zmax>
</Bbox>
<CityModel Id ="80592">
<Building  Id ="81957">
<Attribut>
<centre>532948.243 147477.278</centre>
</Attribut>
<BuildingPart  Id ="81958">
<RoofSurface  Id ="81964">
<TexturedSurface Id ="81965">
<Attribut>
<FaceType>Roof</FaceType>
<TextureRatio>1.0002</TextureRatio>
<ImageOrigine>2_6081.tif</ImageOrigine>
<CropImageOrigine>1521 3114 1379 2930
</CropImageOrigine>
</Attribut>
</TexturedSurface>
</RoofSurface >
<WallSurface  Id ="92040">
<TexturedSurface Id ="92041">
<Attribut>
<FaceType>Wall</FaceType>
</Attribut>
</TexturedSurface>
<TexturedSurface Id ="92044">
<Attribut>
<FaceType>Wall</FaceType>
<TextureRatio>6.60905</TextureRatio>
<ImageOrigine>2_6082.tif</ImageOrigine>
<CropImageOrigine>673 2783 560 2650
</CropImageOrigine>
</Attribut>
</TexturedSurface>
<TexturedSurface Id ="92047">
<Attribut>
<FaceType>Wall</FaceType>
<TextureRatio>3.0941</TextureRatio>
<ImageOrigine>2_6082.tif</ImageOrigine>
<CropImageOrigine>673 2657 652 2607
</CropImageOrigine>
</Attribut>
</TexturedSurface>
<TexturedSurface Id ="92050">
<Attribut>
<FaceType>Wall</FaceType>
<TextureRatio>3.64123</TextureRatio>
<ImageOrigine>1_6042.tif</ImageOrigine>
<CropImageOrigine>3496 345 3426 319
</CropImageOrigine>
</Attribut>
</TexturedSurface>
<TexturedSurface Id ="92053">
<Attribut>
<FaceType>Wall</FaceType>
<TextureRatio>1.98796</TextureRatio>
<ImageOrigine>2_6076.tif</ImageOrigine>
<CropImageOrigine>4036 1964 4013 1907
</CropImageOrigine>
</Attribut>
</TexturedSurface>
<TexturedSurface Id ="92056">
<Attribut>
<FaceType>Wall</FaceType>
<TextureRatio>2.2607</TextureRatio>
<ImageOrigine>1_6046.tif</ImageOrigine>
<CropImageOrigine>561 723 466 609
</CropImageOrigine>
</Attribut>
</TexturedSurface>
</WallSurface >
</BuildingPart >
</Building >
</CityModel>
</Chantier_Bati3D>
