<Chantier_Bati3D>
<Bbox>
<Xmin>532965.677</Xmin>
<Xmax>533010.200</Xmax>
<Ymin>152449.000</Ymin>
<Ymax>152494.200</Ymax>
<Zmin>396.229</Zmin>
<Zmax>404.010</Zmax>
</Bbox>
<CityModel Id ="80592">
<Building  Id ="81968">
<Attribut>
<centre>532987.939 147497.925</centre>
</Attribut>
<BuildingPart  Id ="81969">
<RoofSurface  Id ="81975">
<TexturedSurface Id ="81976">
<Attribut>
<FaceType>Roof</FaceType>
<TextureRatio>0.999825</TextureRatio>
<ImageOrigine>2_6081.tif</ImageOrigine>
<CropImageOrigine>1351 3437 1044 3137
</CropImageOrigine>
</Attribut>
</TexturedSurface>
</RoofSurface >
<WallSurface  Id ="92062">
<TexturedSurface Id ="92063">
<Attribut>
<FaceType>Wall</FaceType>
<TextureRatio>2.1901</TextureRatio>
<ImageOrigine>3_6095.tif</ImageOrigine>
<CropImageOrigine>1061 4002 1011 3971
</CropImageOrigine>
</Attribut>
</TexturedSurface>
<TexturedSurface Id ="92066">
<Attribut>
<FaceType>Wall</FaceType>
<TextureRatio>2.29885</TextureRatio>
<ImageOrigine>2_6076.tif</ImageOrigine>
<CropImageOrigine>3752 2295 3731 2259
</CropImageOrigine>
</Attribut>
</TexturedSurface>
<TexturedSurface Id ="92069">
<Attribut>
<FaceType>Wall</FaceType>
<TextureRatio>2.8879</TextureRatio>
<ImageOrigine>1_6044.tif</ImageOrigine>
<CropImageOrigine>1995 166 1957 144
</CropImageOrigine>
</Attribut>
</TexturedSurface>
<TexturedSurface Id ="92072">
<Attribut>
<FaceType>Wall</FaceType>
<TextureRatio>2.25615</TextureRatio>
<ImageOrigine>1_6046.tif</ImageOrigine>
<CropImageOrigine>768 379 728 329
</CropImageOrigine>
</Attribut>
</TexturedSurface>
<TexturedSurface Id ="92075">
<Attribut>
<FaceType>Wall</FaceType>
<TextureRatio>4.09099</TextureRatio>
<ImageOrigine>2_6076.tif</ImageOrigine>
<CropImageOrigine>3690 2333 3663 2322
</CropImageOrigine>
</Attribut>
</TexturedSurface>
<TexturedSurface Id ="92078">
<Attribut>
<FaceType>Wall</FaceType>
<TextureRatio>2.27447</TextureRatio>
<ImageOrigine>3_6095.tif</ImageOrigine>
<CropImageOrigine>1076 3934 985 3899
</CropImageOrigine>
</Attribut>
</TexturedSurface>
<TexturedSurface Id ="92081">
<Attribut>
<FaceType>Wall</FaceType>
<TextureRatio>2.49326</TextureRatio>
<ImageOrigine>2_6082.tif</ImageOrigine>
<CropImageOrigine>394 3084 364 2995
</CropImageOrigine>
</Attribut>
</TexturedSurface>
<TexturedSurface Id ="92084">
<Attribut>
<FaceType>Wall</FaceType>
<TextureRatio>1.85875</TextureRatio>
<ImageOrigine>3_6091.tif</ImageOrigine>
<CropImageOrigine>3598 3938 3465 3759
</CropImageOrigine>
</Attribut>
</TexturedSurface>
<TexturedSurface Id ="92087">
<Attribut>
<FaceType>Wall</FaceType>
<TextureRatio>6.9984</TextureRatio>
<ImageOrigine>2_6079.tif</ImageOrigine>
<CropImageOrigine>2132 2685 2090 2676
</CropImageOrigine>
</Attribut>
</TexturedSurface>
<TexturedSurface Id ="92090">
<Attribut>
<FaceType>Wall</FaceType>
<TextureRatio>2.89239</TextureRatio>
<ImageOrigine>2_6076.tif</ImageOrigine>
<CropImageOrigine>3865 2219 3743 2115
</CropImageOrigine>
</Attribut>
</TexturedSurface>
<TexturedSurface Id ="92093">
<Attribut>
<FaceType>Wall</FaceType>
<TextureRatio>3.03244</TextureRatio>
<ImageOrigine>1_6044.tif</ImageOrigine>
<CropImageOrigine>2011 242 1955 217
</CropImageOrigine>
</Attribut>
</TexturedSurface>
<TexturedSurface Id ="92096">
<Attribut>
<FaceType>Wall</FaceType>
<TextureRatio>2.40721</TextureRatio>
<ImageOrigine>2_6082.tif</ImageOrigine>
<CropImageOrigine>320 2978 233 2916
</CropImageOrigine>
</Attribut>
</TexturedSurface>
<TexturedSurface Id ="92099">
<Attribut>
<FaceType>Wall</FaceType>
<TextureRatio>3.22031</TextureRatio>
<ImageOrigine>3_6091.tif</ImageOrigine>
<CropImageOrigine>3749 3974 3712 3834
</CropImageOrigine>
</Attribut>
</TexturedSurface>
<TexturedSurface Id ="92102">
<Attribut>
<FaceType>Wall</FaceType>
<TextureRatio>1.97938</TextureRatio>
<ImageOrigine>1_6042.tif</ImageOrigine>
<CropImageOrigine>3871 143 3843 117
</CropImageOrigine>
</Attribut>
</TexturedSurface>
<TexturedSurface Id ="92105">
<Attribut>
<FaceType>Wall</FaceType>
<TextureRatio>2.54717</TextureRatio>
<ImageOrigine>1_6046.tif</ImageOrigine>
<CropImageOrigine>864 616 825 570
</CropImageOrigine>
</Attribut>
</TexturedSurface>
<TexturedSurface Id ="92108">
<Attribut>
<FaceType>Wall</FaceType>
<TextureRatio>2.49035</TextureRatio>
<ImageOrigine>2_6076.tif</ImageOrigine>
<CropImageOrigine>3614 2161 3593 2065
</CropImageOrigine>
</Attribut>
</TexturedSurface>
<TexturedSurface Id ="92111">
<Attribut>
<FaceType>Wall</FaceType>
<TextureRatio>1.58038</TextureRatio>
<ImageOrigine>3_6096.tif</ImageOrigine>
<CropImageOrigine>598 3994 458 3885
</CropImageOrigine>
</Attribut>
</TexturedSurface>
</WallSurface >
</BuildingPart >
</Building >
</CityModel>
</Chantier_Bati3D>
