<Chantier_Bati3D>
<Bbox>
<Xmin>532907.980</Xmin>
<Xmax>532930.420</Xmax>
<Ymin>152431.580</Ymin>
<Ymax>152454.020</Ymax>
<Zmin>397.310</Zmin>
<Zmax>411.030</Zmax>
</Bbox>
<CityModel Id ="80592">
<Building  Id ="81979">
<Attribut>
<centre>532919.200 147477.835</centre>
</Attribut>
<BuildingPart  Id ="81980">
<RoofSurface  Id ="81986">
<TexturedSurface Id ="81987">
<Attribut>
<FaceType>Roof</FaceType>
<TextureRatio>0.999965</TextureRatio>
<ImageOrigine>2_6081.tif</ImageOrigine>
<CropImageOrigine>1718 3092 1557 2929
</CropImageOrigine>
</Attribut>
</TexturedSurface>
</RoofSurface >
<WallSurface  Id ="92117">
<TexturedSurface Id ="92118">
<Attribut>
<FaceType>Wall</FaceType>
<TextureRatio>2.73892</TextureRatio>
<ImageOrigine>1_6046.tif</ImageOrigine>
<CropImageOrigine>392 726 352 657
</CropImageOrigine>
</Attribut>
</TexturedSurface>
<TexturedSurface Id ="92121">
<Attribut>
<FaceType>Wall</FaceType>
</Attribut>
</TexturedSurface>
<TexturedSurface Id ="92124">
<Attribut>
<FaceType>Wall</FaceType>
<TextureRatio>1.9</TextureRatio>
<ImageOrigine>3_6091.tif</ImageOrigine>
<CropImageOrigine>3218 4058 3145 4006
</CropImageOrigine>
</Attribut>
</TexturedSurface>
<TexturedSurface Id ="92127">
<Attribut>
<FaceType>Wall</FaceType>
<TextureRatio>3.39344</TextureRatio>
<ImageOrigine>3_6093.tif</ImageOrigine>
<CropImageOrigine>2069 4006 2027 3905
</CropImageOrigine>
</Attribut>
</TexturedSurface>
<TexturedSurface Id ="92130">
<Attribut>
<FaceType>Wall</FaceType>
<TextureRatio>3.56188</TextureRatio>
<ImageOrigine>2_6082.tif</ImageOrigine>
<CropImageOrigine>867 2710 836 2646
</CropImageOrigine>
</Attribut>
</TexturedSurface>
<TexturedSurface Id ="92133">
<Attribut>
<FaceType>Wall</FaceType>
<TextureRatio>2.51273</TextureRatio>
<ImageOrigine>1_6042.tif</ImageOrigine>
<CropImageOrigine>3314 354 3238 284
</CropImageOrigine>
</Attribut>
</TexturedSurface>
<TexturedSurface Id ="92136">
<Attribut>
<FaceType>Wall</FaceType>
<TextureRatio>3.58129</TextureRatio>
<ImageOrigine>1_6042.tif</ImageOrigine>
<CropImageOrigine>3363 354 3291 315
</CropImageOrigine>
</Attribut>
</TexturedSurface>
<TexturedSurface Id ="92139">
<Attribut>
<FaceType>Wall</FaceType>
<TextureRatio>2.17088</TextureRatio>
<ImageOrigine>1_6046.tif</ImageOrigine>
<CropImageOrigine>392 777 318 704
</CropImageOrigine>
</Attribut>
</TexturedSurface>
</WallSurface >
</BuildingPart >
</Building >
</CityModel>
</Chantier_Bati3D>
