<Chantier_Bati3D>
<Bbox>
<Xmin>532972.780</Xmin>
<Xmax>532998.820</Xmax>
<Ymin>152431.580</Ymin>
<Ymax>152457.620</Ymax>
<Zmin>396.171</Zmin>
<Zmax>411.030</Zmax>
</Bbox>
<CityModel Id ="80592">
<Building  Id ="81990">
<Attribut>
<centre>532985.800 147479.635</centre>
</Attribut>
<BuildingPart  Id ="81991">
<RoofSurface  Id ="81997">
<TexturedSurface Id ="81998">
<Attribut>
<FaceType>Roof</FaceType>
<TextureRatio>0.99993</TextureRatio>
<ImageOrigine>2_6081.tif</ImageOrigine>
<CropImageOrigine>1284 3191 1095 3000
</CropImageOrigine>
</Attribut>
</TexturedSurface>
</RoofSurface >
<WallSurface  Id ="92145">
<TexturedSurface Id ="92146">
<Attribut>
<FaceType>Wall</FaceType>
<TextureRatio>2.16315</TextureRatio>
<ImageOrigine>3_6094.tif</ImageOrigine>
<CropImageOrigine>1703 3952 1640 3862
</CropImageOrigine>
</Attribut>
</TexturedSurface>
<TexturedSurface Id ="92149">
<Attribut>
<FaceType>Wall</FaceType>
<TextureRatio>1.92253</TextureRatio>
<ImageOrigine>3_6091.tif</ImageOrigine>
<CropImageOrigine>3671 3971 3563 3913
</CropImageOrigine>
</Attribut>
</TexturedSurface>
<TexturedSurface Id ="92152">
<Attribut>
<FaceType>Wall</FaceType>
<TextureRatio>1.78059</TextureRatio>
<ImageOrigine>3_6091.tif</ImageOrigine>
<CropImageOrigine>3597 4027 3522 3924
</CropImageOrigine>
</Attribut>
</TexturedSurface>
<TexturedSurface Id ="92155">
<Attribut>
<FaceType>Wall</FaceType>
<TextureRatio>2.61979</TextureRatio>
<ImageOrigine>2_6082.tif</ImageOrigine>
<CropImageOrigine>447 2790 401 2700
</CropImageOrigine>
</Attribut>
</TexturedSurface>
<TexturedSurface Id ="92158">
<Attribut>
<FaceType>Wall</FaceType>
<TextureRatio>2.15514</TextureRatio>
<ImageOrigine>1_6042.tif</ImageOrigine>
<CropImageOrigine>3736 284 3649 209
</CropImageOrigine>
</Attribut>
</TexturedSurface>
<TexturedSurface Id ="92161">
<Attribut>
<FaceType>Wall</FaceType>
<TextureRatio>3.58389</TextureRatio>
<ImageOrigine>1_6042.tif</ImageOrigine>
<CropImageOrigine>3809 284 3703 237
</CropImageOrigine>
</Attribut>
</TexturedSurface>
<TexturedSurface Id ="92164">
<Attribut>
<FaceType>Wall</FaceType>
<TextureRatio>2.55505</TextureRatio>
<ImageOrigine>1_6046.tif</ImageOrigine>
<CropImageOrigine>807 733 738 658
</CropImageOrigine>
</Attribut>
</TexturedSurface>
<TexturedSurface Id ="92167">
<Attribut>
<FaceType>Wall</FaceType>
<TextureRatio>2.3717</TextureRatio>
<ImageOrigine>2_6076.tif</ImageOrigine>
<CropImageOrigine>3708 2044 3667 1969
</CropImageOrigine>
</Attribut>
</TexturedSurface>
</WallSurface >
</BuildingPart >
</Building >
</CityModel>
</Chantier_Bati3D>
