<Chantier_Bati3D>
<Bbox>
<Xmin>532919.550</Xmin>
<Xmax>532937.500</Xmax>
<Ymin>152446.370</Ymin>
<Ymax>152460.200</Ymax>
<Zmin>397.316</Zmin>
<Zmax>411.030</Zmax>
</Bbox>
<CityModel Id ="80592">
<Building  Id ="82001">
<Attribut>
<centre>532928.525 147480.925</centre>
</Attribut>
<BuildingPart  Id ="82002">
<RoofSurface  Id ="82008">
<TexturedSurface Id ="82009">
<Attribut>
<FaceType>Roof</FaceType>
<TextureRatio>0.999675</TextureRatio>
<ImageOrigine>2_6081.tif</ImageOrigine>
<CropImageOrigine>1652 3149 1525 3046
</CropImageOrigine>
</Attribut>
</TexturedSurface>
</RoofSurface >
<WallSurface  Id ="92173">
<TexturedSurface Id ="92174">
<Attribut>
<FaceType>Wall</FaceType>
<TextureRatio>1.93613</TextureRatio>
<ImageOrigine>3_6091.tif</ImageOrigine>
<CropImageOrigine>3309 4011 3185 3952
</CropImageOrigine>
</Attribut>
</TexturedSurface>
<TexturedSurface Id ="92177">
<Attribut>
<FaceType>Wall</FaceType>
<TextureRatio>3.29564</TextureRatio>
<ImageOrigine>2_6082.tif</ImageOrigine>
<CropImageOrigine>784 2813 756 2783
</CropImageOrigine>
</Attribut>
</TexturedSurface>
<TexturedSurface Id ="92180">
<Attribut>
<FaceType>Wall</FaceType>
<TextureRatio>1.92324</TextureRatio>
<ImageOrigine>3_6091.tif</ImageOrigine>
<CropImageOrigine>3211 4028 3168 3981
</CropImageOrigine>
</Attribut>
</TexturedSurface>
<TexturedSurface Id ="92183">
<Attribut>
<FaceType>Wall</FaceType>
<TextureRatio>3.34648</TextureRatio>
<ImageOrigine>2_6082.tif</ImageOrigine>
<CropImageOrigine>801 2796 772 2754
</CropImageOrigine>
</Attribut>
</TexturedSurface>
<TexturedSurface Id ="92186">
<Attribut>
<FaceType>Wall</FaceType>
</Attribut>
</TexturedSurface>
<TexturedSurface Id ="92189">
<Attribut>
<FaceType>Wall</FaceType>
</Attribut>
</TexturedSurface>
<TexturedSurface Id ="92192">
<Attribut>
<FaceType>Wall</FaceType>
</Attribut>
</TexturedSurface>
<TexturedSurface Id ="92195">
<Attribut>
<FaceType>Wall</FaceType>
<TextureRatio>2.13644</TextureRatio>
<ImageOrigine>1_6046.tif</ImageOrigine>
<CropImageOrigine>424 681 352 609
</CropImageOrigine>
</Attribut>
</TexturedSurface>
<TexturedSurface Id ="92198">
<Attribut>
<FaceType>Wall</FaceType>
<TextureRatio>2.81671</TextureRatio>
<ImageOrigine>1_6046.tif</ImageOrigine>
<CropImageOrigine>424 632 384 566
</CropImageOrigine>
</Attribut>
</TexturedSurface>
</WallSurface >
</BuildingPart >
</Building >
</CityModel>
</Chantier_Bati3D>
