<Chantier_Bati3D>
<Bbox>
<Xmin>532904.475</Xmin>
<Xmax>532955.571</Xmax>
<Ymin>152463.420</Ymin>
<Ymax>152475.870</Ymax>
<Zmin>397.048</Zmin>
<Zmax>411.030</Zmax>
</Bbox>
<CityModel Id ="80592">
<Building  Id ="82012">
<Attribut>
<centre>532930.023 147488.760</centre>
</Attribut>
<BuildingPart  Id ="82013">
<RoofSurface  Id ="82019">
<TexturedSurface Id ="82020">
<Attribut>
<FaceType>Roof</FaceType>
<TextureRatio>0.999974</TextureRatio>
<ImageOrigine>2_6081.tif</ImageOrigine>
<CropImageOrigine>1772 3277 1413 3135
</CropImageOrigine>
</Attribut>
</TexturedSurface>
</RoofSurface >
<WallSurface  Id ="92204">
<TexturedSurface Id ="92205">
<Attribut>
<FaceType>Wall</FaceType>
<TextureRatio>3.63181</TextureRatio>
<ImageOrigine>2_6082.tif</ImageOrigine>
<CropImageOrigine>914 2902 881 2803
</CropImageOrigine>
</Attribut>
</TexturedSurface>
<TexturedSurface Id ="92208">
<Attribut>
<FaceType>Wall</FaceType>
<TextureRatio>3.07314</TextureRatio>
<ImageOrigine>1_6042.tif</ImageOrigine>
<CropImageOrigine>3547 160 3195 69
</CropImageOrigine>
</Attribut>
</TexturedSurface>
<TexturedSurface Id ="92211">
<Attribut>
<FaceType>Wall</FaceType>
<TextureRatio>2.04213</TextureRatio>
<ImageOrigine>2_6076.tif</ImageOrigine>
<CropImageOrigine>3990 2214 3945 2128
</CropImageOrigine>
</Attribut>
</TexturedSurface>
<TexturedSurface Id ="92214">
<Attribut>
<FaceType>Wall</FaceType>
<TextureRatio>2.03331</TextureRatio>
<ImageOrigine>3_6091.tif</ImageOrigine>
<CropImageOrigine>3414 3925 3053 3833
</CropImageOrigine>
</Attribut>
</TexturedSurface>
</WallSurface >
</BuildingPart >
</Building >
</CityModel>
</Chantier_Bati3D>
