<Chantier_Bati3D>
<Bbox>
<Xmin>532730.795</Xmin>
<Xmax>532786.555</Xmax>
<Ymin>152370.185</Ymin>
<Ymax>152373.815</Ymax>
<Zmin>399.562</Zmin>
<Zmax>407.500</Zmax>
</Bbox>
<CityModel Id ="80592">
<Building  Id ="82023">
<Attribut>
<centre>532758.675 147437.733</centre>
</Attribut>
<BuildingPart  Id ="82024">
<RoofSurface  Id ="82030">
<TexturedSurface Id ="82031">
<Attribut>
<FaceType>Roof</FaceType>
<TextureRatio>0.999985</TextureRatio>
<ImageOrigine>2_6084.tif</ImageOrigine>
<CropImageOrigine>547 2272 158 2199
</CropImageOrigine>
</Attribut>
</TexturedSurface>
</RoofSurface >
<WallSurface  Id ="92220">
<TexturedSurface Id ="92221">
<Attribut>
<FaceType>Wall</FaceType>
</Attribut>
</TexturedSurface>
<TexturedSurface Id ="92224">
<Attribut>
<FaceType>Wall</FaceType>
</Attribut>
</TexturedSurface>
<TexturedSurface Id ="92227">
<Attribut>
<FaceType>Wall</FaceType>
</Attribut>
</TexturedSurface>
<TexturedSurface Id ="92230">
<Attribut>
<FaceType>Wall</FaceType>
<TextureRatio>3.16314</TextureRatio>
<ImageOrigine>2_6084.tif</ImageOrigine>
<CropImageOrigine>560 2224 543 2198
</CropImageOrigine>
</Attribut>
</TexturedSurface>
<TexturedSurface Id ="92233">
<Attribut>
<FaceType>Wall</FaceType>
<TextureRatio>4.06284</TextureRatio>
<ImageOrigine>1_6040.tif</ImageOrigine>
<CropImageOrigine>3563 451 3197 406
</CropImageOrigine>
</Attribut>
</TexturedSurface>
<TexturedSurface Id ="92236">
<Attribut>
<FaceType>Wall</FaceType>
</Attribut>
</TexturedSurface>
<TexturedSurface Id ="92239">
<Attribut>
<FaceType>Wall</FaceType>
</Attribut>
</TexturedSurface>
<TexturedSurface Id ="92242">
<Attribut>
<FaceType>Wall</FaceType>
</Attribut>
</TexturedSurface>
</WallSurface >
</BuildingPart >
</Building >
</CityModel>
</Chantier_Bati3D>
