<Chantier_Bati3D>
<Bbox>
<Xmin>532764.015</Xmin>
<Xmax>532782.915</Xmax>
<Ymin>152385.935</Ymin>
<Ymax>152401.265</Ymax>
<Zmin>399.704</Zmin>
<Zmax>407.500</Zmax>
</Bbox>
<CityModel Id ="80592">
<Building  Id ="82034">
<Attribut>
<centre>532773.465 147451.457</centre>
</Attribut>
<BuildingPart  Id ="82035">
<RoofSurface  Id ="82041">
<TexturedSurface Id ="82042">
<Attribut>
<FaceType>Roof</FaceType>
<TextureRatio>0.999951</TextureRatio>
<ImageOrigine>2_6084.tif</ImageOrigine>
<CropImageOrigine>342 2456 197 2335
</CropImageOrigine>
</Attribut>
</TexturedSurface>
</RoofSurface >
<WallSurface  Id ="92248">
<TexturedSurface Id ="92249">
<Attribut>
<FaceType>Wall</FaceType>
<TextureRatio>3.71662</TextureRatio>
<ImageOrigine>1_6040.tif</ImageOrigine>
<CropImageOrigine>3534 331 3397 304
</CropImageOrigine>
</Attribut>
</TexturedSurface>
<TexturedSurface Id ="92252">
<Attribut>
<FaceType>Wall</FaceType>
<TextureRatio>2.68921</TextureRatio>
<ImageOrigine>2_6079.tif</ImageOrigine>
<CropImageOrigine>3373 2274 3353 2235
</CropImageOrigine>
</Attribut>
</TexturedSurface>
<TexturedSurface Id ="92255">
<Attribut>
<FaceType>Wall</FaceType>
</Attribut>
</TexturedSurface>
<TexturedSurface Id ="92258">
<Attribut>
<FaceType>Wall</FaceType>
<TextureRatio>2.68079</TextureRatio>
<ImageOrigine>2_6079.tif</ImageOrigine>
<CropImageOrigine>3376 2304 3356 2271
</CropImageOrigine>
</Attribut>
</TexturedSurface>
<TexturedSurface Id ="92261">
<Attribut>
<FaceType>Wall</FaceType>
<TextureRatio>4.62803</TextureRatio>
<ImageOrigine>1_6043.tif</ImageOrigine>
<CropImageOrigine>1715 1019 1703 1007
</CropImageOrigine>
</Attribut>
</TexturedSurface>
<TexturedSurface Id ="92264">
<Attribut>
<FaceType>Wall</FaceType>
<TextureRatio>2.6891</TextureRatio>
<ImageOrigine>2_6079.tif</ImageOrigine>
<CropImageOrigine>3370 2340 3350 2300
</CropImageOrigine>
</Attribut>
</TexturedSurface>
<TexturedSurface Id ="92267">
<Attribut>
<FaceType>Wall</FaceType>
</Attribut>
</TexturedSurface>
<TexturedSurface Id ="92270">
<Attribut>
<FaceType>Wall</FaceType>
<TextureRatio>2.71314</TextureRatio>
<ImageOrigine>2_6084.tif</ImageOrigine>
<CropImageOrigine>360 2439 336 2398
</CropImageOrigine>
</Attribut>
</TexturedSurface>
<TexturedSurface Id ="92273">
<Attribut>
<FaceType>Wall</FaceType>
<TextureRatio>3.5267</TextureRatio>
<ImageOrigine>1_6040.tif</ImageOrigine>
<CropImageOrigine>3415 266 3394 250
</CropImageOrigine>
</Attribut>
</TexturedSurface>
<TexturedSurface Id ="92276">
<Attribut>
<FaceType>Wall</FaceType>
<TextureRatio>2.70373</TextureRatio>
<ImageOrigine>2_6084.tif</ImageOrigine>
<CropImageOrigine>350 2403 327 2368
</CropImageOrigine>
</Attribut>
</TexturedSurface>
<TexturedSurface Id ="92279">
<Attribut>
<FaceType>Wall</FaceType>
</Attribut>
</TexturedSurface>
<TexturedSurface Id ="92282">
<Attribut>
<FaceType>Wall</FaceType>
<TextureRatio>2.71328</TextureRatio>
<ImageOrigine>2_6084.tif</ImageOrigine>
<CropImageOrigine>351 2372 328 2331
</CropImageOrigine>
</Attribut>
</TexturedSurface>
</WallSurface >
</BuildingPart >
</Building >
</CityModel>
</Chantier_Bati3D>
