<Chantier_Bati3D>
<Bbox>
<Xmin>532900.815</Xmin>
<Xmax>532906.395</Xmax>
<Ymin>152408.835</Ymin>
<Ymax>152421.565</Ymax>
<Zmin>397.512</Zmin>
<Zmax>415.500</Zmax>
</Bbox>
<CityModel Id ="80592">
<Building  Id ="82045">
<Attribut>
<centre>532903.605 147461.608</centre>
</Attribut>
<BuildingPart  Id ="82046">
<RoofSurface  Id ="82052">
<TexturedSurface Id ="82053">
<Attribut>
<FaceType>Roof</FaceType>
<TextureRatio>0.999893</TextureRatio>
<ImageOrigine>2_6081.tif</ImageOrigine>
<CropImageOrigine>1737 2851 1690 2762
</CropImageOrigine>
</Attribut>
</TexturedSurface>
</RoofSurface >
<WallSurface  Id ="92288">
<TexturedSurface Id ="92289">
<Attribut>
<FaceType>Wall</FaceType>
<TextureRatio>3.69674</TextureRatio>
<ImageOrigine>2_6082.tif</ImageOrigine>
<CropImageOrigine>893 2541 850 2443
</CropImageOrigine>
</Attribut>
</TexturedSurface>
<TexturedSurface Id ="92292">
<Attribut>
<FaceType>Wall</FaceType>
<TextureRatio>4.0466</TextureRatio>
<ImageOrigine>1_6042.tif</ImageOrigine>
<CropImageOrigine>3248 515 3219 480
</CropImageOrigine>
</Attribut>
</TexturedSurface>
<TexturedSurface Id ="92295">
<Attribut>
<FaceType>Wall</FaceType>
<TextureRatio>2.16939</TextureRatio>
<ImageOrigine>1_6046.tif</ImageOrigine>
<CropImageOrigine>260 931 190 880
</CropImageOrigine>
</Attribut>
</TexturedSurface>
<TexturedSurface Id ="92298">
<Attribut>
<FaceType>Wall</FaceType>
<TextureRatio>2.48275</TextureRatio>
<ImageOrigine>1_6046.tif</ImageOrigine>
<CropImageOrigine>260 904 210 875
</CropImageOrigine>
</Attribut>
</TexturedSurface>
<TexturedSurface Id ="92301">
<Attribut>
<FaceType>Wall</FaceType>
<TextureRatio>3.98321</TextureRatio>
<ImageOrigine>1_6046.tif</ImageOrigine>
<CropImageOrigine>268 899 210 874
</CropImageOrigine>
</Attribut>
</TexturedSurface>
<TexturedSurface Id ="92304">
<Attribut>
<FaceType>Wall</FaceType>
<TextureRatio>2.49537</TextureRatio>
<ImageOrigine>1_6046.tif</ImageOrigine>
<CropImageOrigine>268 898 217 854
</CropImageOrigine>
</Attribut>
</TexturedSurface>
<TexturedSurface Id ="92307">
<Attribut>
<FaceType>Wall</FaceType>
</Attribut>
</TexturedSurface>
<TexturedSurface Id ="92310">
<Attribut>
<FaceType>Wall</FaceType>
<TextureRatio>3.21287</TextureRatio>
<ImageOrigine>2_6078.tif</ImageOrigine>
<CropImageOrigine>3401 2224 3362 2211
</CropImageOrigine>
</Attribut>
</TexturedSurface>
<TexturedSurface Id ="92313">
<Attribut>
<FaceType>Wall</FaceType>
<TextureRatio>5.02184</TextureRatio>
<ImageOrigine>2_6078.tif</ImageOrigine>
<CropImageOrigine>3426 2252 3362 2217
</CropImageOrigine>
</Attribut>
</TexturedSurface>
<TexturedSurface Id ="92316">
<Attribut>
<FaceType>Wall</FaceType>
</Attribut>
</TexturedSurface>
</WallSurface >
</BuildingPart >
</Building >
</CityModel>
</Chantier_Bati3D>
