<Chantier_Bati3D>
<Bbox>
<Xmin>532846.775</Xmin>
<Xmax>532898.065</Xmax>
<Ymin>152408.820</Ymin>
<Ymax>152421.568</Ymax>
<Zmin>397.619</Zmin>
<Zmax>415.500</Zmax>
</Bbox>
<CityModel Id ="80592">
<Building  Id ="82056">
<Attribut>
<centre>532872.420 147461.609</centre>
</Attribut>
<BuildingPart  Id ="82057">
<RoofSurface  Id ="82063">
<TexturedSurface Id ="82064">
<Attribut>
<FaceType>Roof</FaceType>
<TextureRatio>0.999988</TextureRatio>
<ImageOrigine>2_6081.tif</ImageOrigine>
<CropImageOrigine>2104 2847 1742 2703
</CropImageOrigine>
</Attribut>
</TexturedSurface>
</RoofSurface >
<WallSurface  Id ="92322">
<TexturedSurface Id ="92323">
<Attribut>
<FaceType>Wall</FaceType>
<TextureRatio>2.51687</TextureRatio>
<ImageOrigine>2_6078.tif</ImageOrigine>
<CropImageOrigine>3769 2272 3723 2241
</CropImageOrigine>
</Attribut>
</TexturedSurface>
<TexturedSurface Id ="92326">
<Attribut>
<FaceType>Wall</FaceType>
<TextureRatio>1.77927</TextureRatio>
<ImageOrigine>3_6089.tif</ImageOrigine>
<CropImageOrigine>4049 3932 3970 3872
</CropImageOrigine>
</Attribut>
</TexturedSurface>
<TexturedSurface Id ="92329">
<Attribut>
<FaceType>Wall</FaceType>
<TextureRatio>2.10232</TextureRatio>
<ImageOrigine>1_6040.tif</ImageOrigine>
<CropImageOrigine>3957 136 3903 10
</CropImageOrigine>
</Attribut>
</TexturedSurface>
<TexturedSurface Id ="92332">
<Attribut>
<FaceType>Wall</FaceType>
<TextureRatio>3.28857</TextureRatio>
<ImageOrigine>1_6040.tif</ImageOrigine>
<CropImageOrigine>3986 136 3907 94
</CropImageOrigine>
</Attribut>
</TexturedSurface>
<TexturedSurface Id ="92335">
<Attribut>
<FaceType>Wall</FaceType>
<TextureRatio>2.51695</TextureRatio>
<ImageOrigine>2_6078.tif</ImageOrigine>
<CropImageOrigine>3773 2209 3726 2179
</CropImageOrigine>
</Attribut>
</TexturedSurface>
<TexturedSurface Id ="92338">
<Attribut>
<FaceType>Wall</FaceType>
<TextureRatio>3.96326</TextureRatio>
<ImageOrigine>1_6042.tif</ImageOrigine>
<CropImageOrigine>3196 545 2904 465
</CropImageOrigine>
</Attribut>
</TexturedSurface>
<TexturedSurface Id ="92341">
<Attribut>
<FaceType>Wall</FaceType>
<TextureRatio>3.8567</TextureRatio>
<ImageOrigine>2_6082.tif</ImageOrigine>
<CropImageOrigine>932 2472 898 2437
</CropImageOrigine>
</Attribut>
</TexturedSurface>
<TexturedSurface Id ="92344">
<Attribut>
<FaceType>Wall</FaceType>
<TextureRatio>4.0464</TextureRatio>
<ImageOrigine>1_6042.tif</ImageOrigine>
<CropImageOrigine>3228 522 3173 483
</CropImageOrigine>
</Attribut>
</TexturedSurface>
<TexturedSurface Id ="92347">
<Attribut>
<FaceType>Wall</FaceType>
<TextureRatio>2.42309</TextureRatio>
<ImageOrigine>1_6046.tif</ImageOrigine>
<CropImageOrigine>221 933 161 829
</CropImageOrigine>
</Attribut>
</TexturedSurface>
<TexturedSurface Id ="92350">
<Attribut>
<FaceType>Wall</FaceType>
</Attribut>
</TexturedSurface>
<TexturedSurface Id ="92353">
<Attribut>
<FaceType>Wall</FaceType>
<TextureRatio>3.85641</TextureRatio>
<ImageOrigine>2_6082.tif</ImageOrigine>
<CropImageOrigine>940 2534 906 2497
</CropImageOrigine>
</Attribut>
</TexturedSurface>
<TexturedSurface Id ="92356">
<Attribut>
<FaceType>Wall</FaceType>
</Attribut>
</TexturedSurface>
</WallSurface >
</BuildingPart >
</Building >
</CityModel>
</Chantier_Bati3D>
