<Chantier_Bati3D>
<Bbox>
<Xmin>532733.355</Xmin>
<Xmax>532786.555</Xmax>
<Ymin>152413.385</Ymin>
<Ymax>152417.015</Ymax>
<Zmin>399.821</Zmin>
<Zmax>407.500</Zmax>
</Bbox>
<CityModel Id ="80592">
<Building  Id ="82067">
<Attribut>
<centre>532759.955 147459.333</centre>
</Attribut>
<BuildingPart  Id ="82068">
<RoofSurface  Id ="82074">
<TexturedSurface Id ="82075">
<Attribut>
<FaceType>Roof</FaceType>
<TextureRatio>0.999971</TextureRatio>
<ImageOrigine>2_6084.tif</ImageOrigine>
<CropImageOrigine>567 2567 196 2495
</CropImageOrigine>
</Attribut>
</TexturedSurface>
</RoofSurface >
<WallSurface  Id ="92362">
<TexturedSurface Id ="92363">
<Attribut>
<FaceType>Wall</FaceType>
</Attribut>
</TexturedSurface>
<TexturedSurface Id ="92366">
<Attribut>
<FaceType>Wall</FaceType>
</Attribut>
</TexturedSurface>
<TexturedSurface Id ="92369">
<Attribut>
<FaceType>Wall</FaceType>
<TextureRatio>1.7657</TextureRatio>
<ImageOrigine>3_6089.tif</ImageOrigine>
<CropImageOrigine>3599 4013 3238 3949
</CropImageOrigine>
</Attribut>
</TexturedSurface>
<TexturedSurface Id ="92372">
<Attribut>
<FaceType>Wall</FaceType>
<TextureRatio>3.12226</TextureRatio>
<ImageOrigine>2_6084.tif</ImageOrigine>
<CropImageOrigine>579 2520 563 2491
</CropImageOrigine>
</Attribut>
</TexturedSurface>
<TexturedSurface Id ="92375">
<Attribut>
<FaceType>Wall</FaceType>
<TextureRatio>3.23387</TextureRatio>
<ImageOrigine>1_6040.tif</ImageOrigine>
<CropImageOrigine>3547 165 3195 120
</CropImageOrigine>
</Attribut>
</TexturedSurface>
<TexturedSurface Id ="92378">
<Attribut>
<FaceType>Wall</FaceType>
</Attribut>
</TexturedSurface>
<TexturedSurface Id ="92381">
<Attribut>
<FaceType>Wall</FaceType>
</Attribut>
</TexturedSurface>
<TexturedSurface Id ="92384">
<Attribut>
<FaceType>Wall</FaceType>
</Attribut>
</TexturedSurface>
</WallSurface >
</BuildingPart >
</Building >
</CityModel>
</Chantier_Bati3D>
