<Chantier_Bati3D>
<Bbox>
<Xmin>532733.355</Xmin>
<Xmax>532786.555</Xmax>
<Ymin>152402.595</Ymin>
<Ymax>152430.145</Ymax>
<Zmin>399.714</Zmin>
<Zmax>404.270</Zmax>
</Bbox>
<CityModel Id ="80592">
<Building  Id ="82078">
<Attribut>
<centre>532759.955 147465.897</centre>
</Attribut>
<BuildingPart  Id ="82079">
<RoofSurface  Id ="82085">
<TexturedSurface Id ="82086">
<Attribut>
<FaceType>Roof</FaceType>
<TextureRatio>0.999721</TextureRatio>
<ImageOrigine>2_6084.tif</ImageOrigine>
<CropImageOrigine>574 2652 196 2424
</CropImageOrigine>
</Attribut>
</TexturedSurface>
</RoofSurface >
<WallSurface  Id ="92390">
<TexturedSurface Id ="92391">
<Attribut>
<FaceType>Wall</FaceType>
<TextureRatio>3.03826</TextureRatio>
<ImageOrigine>2_6084.tif</ImageOrigine>
<CropImageOrigine>535 2498 527 2493
</CropImageOrigine>
</Attribut>
</TexturedSurface>
<TexturedSurface Id ="92394">
<Attribut>
<FaceType>Wall</FaceType>
</Attribut>
</TexturedSurface>
<TexturedSurface Id ="92397">
<Attribut>
<FaceType>Wall</FaceType>
<TextureRatio>3.04865</TextureRatio>
<ImageOrigine>2_6084.tif</ImageOrigine>
<CropImageOrigine>539 2495 523 2422
</CropImageOrigine>
</Attribut>
</TexturedSurface>
<TexturedSurface Id ="92400">
<Attribut>
<FaceType>Wall</FaceType>
<TextureRatio>3.41394</TextureRatio>
<ImageOrigine>1_6040.tif</ImageOrigine>
<CropImageOrigine>3268 234 3234 224
</CropImageOrigine>
</Attribut>
</TexturedSurface>
<TexturedSurface Id ="92403">
<Attribut>
<FaceType>Wall</FaceType>
<TextureRatio>2.3023</TextureRatio>
<ImageOrigine>2_6079.tif</ImageOrigine>
<CropImageOrigine>3619 2360 3609 2357
</CropImageOrigine>
</Attribut>
</TexturedSurface>
<TexturedSurface Id ="92406">
<Attribut>
<FaceType>Wall</FaceType>
<TextureRatio>3.41629</TextureRatio>
<ImageOrigine>1_6040.tif</ImageOrigine>
<CropImageOrigine>3491 231 3261 203
</CropImageOrigine>
</Attribut>
</TexturedSurface>
<TexturedSurface Id ="92409">
<Attribut>
<FaceType>Wall</FaceType>
<TextureRatio>2.56306</TextureRatio>
<ImageOrigine>2_6084.tif</ImageOrigine>
<CropImageOrigine>264 2459 252 2455
</CropImageOrigine>
</Attribut>
</TexturedSurface>
<TexturedSurface Id ="92412">
<Attribut>
<FaceType>Wall</FaceType>
<TextureRatio>4.40521</TextureRatio>
<ImageOrigine>1_6045.tif</ImageOrigine>
<CropImageOrigine>199 1104 138 1093
</CropImageOrigine>
</Attribut>
</TexturedSurface>
<TexturedSurface Id ="92415">
<Attribut>
<FaceType>Wall</FaceType>
<TextureRatio>2.73685</TextureRatio>
<ImageOrigine>2_6079.tif</ImageOrigine>
<CropImageOrigine>3337 2376 3325 2343
</CropImageOrigine>
</Attribut>
</TexturedSurface>
<TexturedSurface Id ="92418">
<Attribut>
<FaceType>Wall</FaceType>
</Attribut>
</TexturedSurface>
<TexturedSurface Id ="92421">
<Attribut>
<FaceType>Wall</FaceType>
</Attribut>
</TexturedSurface>
<TexturedSurface Id ="92424">
<Attribut>
<FaceType>Wall</FaceType>
</Attribut>
</TexturedSurface>
<TexturedSurface Id ="92427">
<Attribut>
<FaceType>Wall</FaceType>
</Attribut>
</TexturedSurface>
<TexturedSurface Id ="92430">
<Attribut>
<FaceType>Wall</FaceType>
</Attribut>
</TexturedSurface>
<TexturedSurface Id ="92433">
<Attribut>
<FaceType>Wall</FaceType>
</Attribut>
</TexturedSurface>
<TexturedSurface Id ="92436">
<Attribut>
<FaceType>Wall</FaceType>
</Attribut>
</TexturedSurface>
<TexturedSurface Id ="92439">
<Attribut>
<FaceType>Wall</FaceType>
</Attribut>
</TexturedSurface>
<TexturedSurface Id ="92442">
<Attribut>
<FaceType>Wall</FaceType>
</Attribut>
</TexturedSurface>
<TexturedSurface Id ="92445">
<Attribut>
<FaceType>Wall</FaceType>
</Attribut>
</TexturedSurface>
<TexturedSurface Id ="92448">
<Attribut>
<FaceType>Wall</FaceType>
</Attribut>
</TexturedSurface>
<TexturedSurface Id ="92451">
<Attribut>
<FaceType>Wall</FaceType>
<TextureRatio>2.73617</TextureRatio>
<ImageOrigine>2_6079.tif</ImageOrigine>
<CropImageOrigine>3331 2529 3319 2480
</CropImageOrigine>
</Attribut>
</TexturedSurface>
<TexturedSurface Id ="92454">
<Attribut>
<FaceType>Wall</FaceType>
<TextureRatio>1.83767</TextureRatio>
<ImageOrigine>3_6089.tif</ImageOrigine>
<CropImageOrigine>3582 3915 3265 3868
</CropImageOrigine>
</Attribut>
</TexturedSurface>
<TexturedSurface Id ="92457">
<Attribut>
<FaceType>Wall</FaceType>
<TextureRatio>3.04806</TextureRatio>
<ImageOrigine>2_6084.tif</ImageOrigine>
<CropImageOrigine>553 2610 536 2522
</CropImageOrigine>
</Attribut>
</TexturedSurface>
<TexturedSurface Id ="92460">
<Attribut>
<FaceType>Wall</FaceType>
<TextureRatio>12.4094</TextureRatio>
<ImageOrigine>2_6082.tif</ImageOrigine>
<CropImageOrigine>1949 2367 1943 2364
</CropImageOrigine>
</Attribut>
</TexturedSurface>
<TexturedSurface Id ="92463">
<Attribut>
<FaceType>Wall</FaceType>
<TextureRatio>3.03813</TextureRatio>
<ImageOrigine>2_6084.tif</ImageOrigine>
<CropImageOrigine>538 2525 530 2520
</CropImageOrigine>
</Attribut>
</TexturedSurface>
<TexturedSurface Id ="92466">
<Attribut>
<FaceType>Wall</FaceType>
<TextureRatio>1.76922</TextureRatio>
<ImageOrigine>3_6089.tif</ImageOrigine>
<CropImageOrigine>3283 4002 3238 3987
</CropImageOrigine>
</Attribut>
</TexturedSurface>
<TexturedSurface Id ="92469">
<Attribut>
<FaceType>Wall</FaceType>
<TextureRatio>3.1304</TextureRatio>
<ImageOrigine>2_6084.tif</ImageOrigine>
<CropImageOrigine>579 2517 569 2491
</CropImageOrigine>
</Attribut>
</TexturedSurface>
<TexturedSurface Id ="92472">
<Attribut>
<FaceType>Wall</FaceType>
<TextureRatio>3.23937</TextureRatio>
<ImageOrigine>1_6040.tif</ImageOrigine>
<CropImageOrigine>3240 165 3195 155
</CropImageOrigine>
</Attribut>
</TexturedSurface>
</WallSurface >
</BuildingPart >
</Building >
</CityModel>
</Chantier_Bati3D>
