<Chantier_Bati3D>
<Bbox>
<Xmin>532844.165</Xmin>
<Xmax>532846.635</Xmax>
<Ymin>152377.285</Ymin>
<Ymax>152409.915</Ymax>
<Zmin>398.444</Zmin>
<Zmax>403.530</Zmax>
</Bbox>
<CityModel Id ="80592">
<Building  Id ="82089">
<Attribut>
<centre>532845.400 147455.782</centre>
</Attribut>
<BuildingPart  Id ="82090">
<RoofSurface  Id ="82096">
<TexturedSurface Id ="82097">
<Attribut>
<FaceType>Roof</FaceType>
<TextureRatio>0.999986</TextureRatio>
<ImageOrigine>2_6081.tif</ImageOrigine>
<CropImageOrigine>2107 2703 2056 2482
</CropImageOrigine>
</Attribut>
</TexturedSurface>
</RoofSurface >
<WallSurface  Id ="92478">
<TexturedSurface Id ="92479">
<Attribut>
<FaceType>Wall</FaceType>
<TextureRatio>2.13896</TextureRatio>
<ImageOrigine>1_6040.tif</ImageOrigine>
<CropImageOrigine>3915 344 3890 118
</CropImageOrigine>
</Attribut>
</TexturedSurface>
<TexturedSurface Id ="92482">
<Attribut>
<FaceType>Wall</FaceType>
</Attribut>
</TexturedSurface>
<TexturedSurface Id ="92485">
<Attribut>
<FaceType>Wall</FaceType>
<TextureRatio>2.49622</TextureRatio>
<ImageOrigine>2_6078.tif</ImageOrigine>
<CropImageOrigine>3785 2190 3758 1969
</CropImageOrigine>
</Attribut>
</TexturedSurface>
<TexturedSurface Id ="92488">
<Attribut>
<FaceType>Wall</FaceType>
</Attribut>
</TexturedSurface>
</WallSurface >
</BuildingPart >
</Building >
</CityModel>
</Chantier_Bati3D>
