<Chantier_Bati3D>
<Bbox>
<Xmin>532844.025</Xmin>
<Xmax>532846.785</Xmax>
<Ymin>152371.095</Ymin>
<Ymax>152377.285</Ymax>
<Zmin>398.413</Zmin>
<Zmax>411.380</Zmax>
</Bbox>
<CityModel Id ="80592">
<Building  Id ="82100">
<Attribut>
<centre>532845.405 147439.467</centre>
</Attribut>
<BuildingPart  Id ="82101">
<RoofSurface  Id ="82107">
<TexturedSurface Id ="82108">
<Attribut>
<FaceType>Roof</FaceType>
<TextureRatio>0.99999</TextureRatio>
<ImageOrigine>2_6081.tif</ImageOrigine>
<CropImageOrigine>2073 2488 2048 2443
</CropImageOrigine>
</Attribut>
</TexturedSurface>
</RoofSurface >
<WallSurface  Id ="92494">
<TexturedSurface Id ="92495">
<Attribut>
<FaceType>Wall</FaceType>
</Attribut>
</TexturedSurface>
<TexturedSurface Id ="92498">
<Attribut>
<FaceType>Wall</FaceType>
</Attribut>
</TexturedSurface>
<TexturedSurface Id ="92501">
<Attribut>
<FaceType>Wall</FaceType>
</Attribut>
</TexturedSurface>
<TexturedSurface Id ="92504">
<Attribut>
<FaceType>Wall</FaceType>
</Attribut>
</TexturedSurface>
</WallSurface >
</BuildingPart >
</Building >
</CityModel>
</Chantier_Bati3D>
