<Chantier_Bati3D>
<Bbox>
<Xmin>532785.615</Xmin>
<Xmax>532840.385</Xmax>
<Ymin>152363.165</Ymin>
<Ymax>152382.005</Ymax>
<Zmin>398.499</Zmin>
<Zmax>411.380</Zmax>
</Bbox>
<CityModel Id ="80592">
<Building  Id ="82111">
<Attribut>
<centre>532813.000 147441.827</centre>
</Attribut>
<BuildingPart  Id ="82112">
<RoofSurface  Id ="82118">
<TexturedSurface Id ="82119">
<Attribut>
<FaceType>Roof</FaceType>
<TextureRatio>1.00008</TextureRatio>
<ImageOrigine>2_6081.tif</ImageOrigine>
<CropImageOrigine>2469 2513 2082 2331
</CropImageOrigine>
</Attribut>
</TexturedSurface>
</RoofSurface >
<WallSurface  Id ="92510">
<TexturedSurface Id ="92511">
<Attribut>
<FaceType>Wall</FaceType>
</Attribut>
</TexturedSurface>
<TexturedSurface Id ="92514">
<Attribut>
<FaceType>Wall</FaceType>
<TextureRatio>2.7651</TextureRatio>
<ImageOrigine>2_6079.tif</ImageOrigine>
<CropImageOrigine>3339 2198 3310 2175
</CropImageOrigine>
</Attribut>
</TexturedSurface>
<TexturedSurface Id ="92517">
<Attribut>
<FaceType>Wall</FaceType>
</Attribut>
</TexturedSurface>
<TexturedSurface Id ="92520">
<Attribut>
<FaceType>Wall</FaceType>
<TextureRatio>2.47574</TextureRatio>
<ImageOrigine>2_6084.tif</ImageOrigine>
<CropImageOrigine>196 2316 158 2273
</CropImageOrigine>
</Attribut>
</TexturedSurface>
<TexturedSurface Id ="92523">
<Attribut>
<FaceType>Wall</FaceType>
<TextureRatio>3.94917</TextureRatio>
<ImageOrigine>1_6040.tif</ImageOrigine>
<CropImageOrigine>3571 393 3536 370
</CropImageOrigine>
</Attribut>
</TexturedSurface>
<TexturedSurface Id ="92526">
<Attribut>
<FaceType>Wall</FaceType>
<TextureRatio>2.46652</TextureRatio>
<ImageOrigine>2_6084.tif</ImageOrigine>
<CropImageOrigine>185 2278 150 2268
</CropImageOrigine>
</Attribut>
</TexturedSurface>
<TexturedSurface Id ="92529">
<Attribut>
<FaceType>Wall</FaceType>
</Attribut>
</TexturedSurface>
<TexturedSurface Id ="92532">
<Attribut>
<FaceType>Wall</FaceType>
<TextureRatio>2.47331</TextureRatio>
<ImageOrigine>2_6084.tif</ImageOrigine>
<CropImageOrigine>189 2272 152 2243
</CropImageOrigine>
</Attribut>
</TexturedSurface>
<TexturedSurface Id ="92535">
<Attribut>
<FaceType>Wall</FaceType>
<TextureRatio>4.05267</TextureRatio>
<ImageOrigine>1_6040.tif</ImageOrigine>
<CropImageOrigine>3573 422 3540 399
</CropImageOrigine>
</Attribut>
</TexturedSurface>
<TexturedSurface Id ="92538">
<Attribut>
<FaceType>Wall</FaceType>
<TextureRatio>2.46657</TextureRatio>
<ImageOrigine>2_6084.tif</ImageOrigine>
<CropImageOrigine>181 2248 146 2238
</CropImageOrigine>
</Attribut>
</TexturedSurface>
<TexturedSurface Id ="92541">
<Attribut>
<FaceType>Wall</FaceType>
</Attribut>
</TexturedSurface>
<TexturedSurface Id ="92544">
<Attribut>
<FaceType>Wall</FaceType>
<TextureRatio>2.47587</TextureRatio>
<ImageOrigine>2_6084.tif</ImageOrigine>
<CropImageOrigine>187 2242 148 2200
</CropImageOrigine>
</Attribut>
</TexturedSurface>
<TexturedSurface Id ="92547">
<Attribut>
<FaceType>Wall</FaceType>
<TextureRatio>4.21186</TextureRatio>
<ImageOrigine>1_6040.tif</ImageOrigine>
<CropImageOrigine>3597 463 3540 439
</CropImageOrigine>
</Attribut>
</TexturedSurface>
<TexturedSurface Id ="92550">
<Attribut>
<FaceType>Wall</FaceType>
<TextureRatio>2.35169</TextureRatio>
<ImageOrigine>1_6045.tif</ImageOrigine>
<CropImageOrigine>252 1330 217 1303
</CropImageOrigine>
</Attribut>
</TexturedSurface>
<TexturedSurface Id ="92553">
<Attribut>
<FaceType>Wall</FaceType>
<TextureRatio>5.72916</TextureRatio>
<ImageOrigine>1_6043.tif</ImageOrigine>
<CropImageOrigine>1800 1189 1774 1174
</CropImageOrigine>
</Attribut>
</TexturedSurface>
<TexturedSurface Id ="92556">
<Attribut>
<FaceType>Wall</FaceType>
<TextureRatio>9.92323</TextureRatio>
<ImageOrigine>2_6082.tif</ImageOrigine>
<CropImageOrigine>1553 2078 1543 2070
</CropImageOrigine>
</Attribut>
</TexturedSurface>
<TexturedSurface Id ="92559">
<Attribut>
<FaceType>Wall</FaceType>
<TextureRatio>4.16551</TextureRatio>
<ImageOrigine>1_6040.tif</ImageOrigine>
<CropImageOrigine>3637 448 3584 423
</CropImageOrigine>
</Attribut>
</TexturedSurface>
<TexturedSurface Id ="92562">
<Attribut>
<FaceType>Wall</FaceType>
<TextureRatio>2.37525</TextureRatio>
<ImageOrigine>2_6084.tif</ImageOrigine>
<CropImageOrigine>110 2225 72 2205
</CropImageOrigine>
</Attribut>
</TexturedSurface>
<TexturedSurface Id ="92565">
<Attribut>
<FaceType>Wall</FaceType>
<TextureRatio>4.23041</TextureRatio>
<ImageOrigine>1_6040.tif</ImageOrigine>
<CropImageOrigine>3919 462 3608 413
</CropImageOrigine>
</Attribut>
</TexturedSurface>
<TexturedSurface Id ="92568">
<Attribut>
<FaceType>Wall</FaceType>
<TextureRatio>4.99889</TextureRatio>
<ImageOrigine>1_6044.tif</ImageOrigine>
<CropImageOrigine>1172 1085 1151 1058
</CropImageOrigine>
</Attribut>
</TexturedSurface>
<TexturedSurface Id ="92571">
<Attribut>
<FaceType>Wall</FaceType>
</Attribut>
</TexturedSurface>
<TexturedSurface Id ="92574">
<Attribut>
<FaceType>Wall</FaceType>
</Attribut>
</TexturedSurface>
<TexturedSurface Id ="92577">
<Attribut>
<FaceType>Wall</FaceType>
</Attribut>
</TexturedSurface>
<TexturedSurface Id ="92580">
<Attribut>
<FaceType>Wall</FaceType>
</Attribut>
</TexturedSurface>
<TexturedSurface Id ="92583">
<Attribut>
<FaceType>Wall</FaceType>
</Attribut>
</TexturedSurface>
<TexturedSurface Id ="92586">
<Attribut>
<FaceType>Wall</FaceType>
</Attribut>
</TexturedSurface>
<TexturedSurface Id ="92589">
<Attribut>
<FaceType>Wall</FaceType>
</Attribut>
</TexturedSurface>
<TexturedSurface Id ="92592">
<Attribut>
<FaceType>Wall</FaceType>
<TextureRatio>2.42052</TextureRatio>
<ImageOrigine>2_6078.tif</ImageOrigine>
<CropImageOrigine>3849 2005 3811 1979
</CropImageOrigine>
</Attribut>
</TexturedSurface>
<TexturedSurface Id ="92595">
<Attribut>
<FaceType>Wall</FaceType>
</Attribut>
</TexturedSurface>
<TexturedSurface Id ="92598">
<Attribut>
<FaceType>Wall</FaceType>
<TextureRatio>2.3751</TextureRatio>
<ImageOrigine>2_6084.tif</ImageOrigine>
<CropImageOrigine>124 2338 86 2307
</CropImageOrigine>
</Attribut>
</TexturedSurface>
<TexturedSurface Id ="92601">
<Attribut>
<FaceType>Wall</FaceType>
</Attribut>
</TexturedSurface>
<TexturedSurface Id ="92604">
<Attribut>
<FaceType>Wall</FaceType>
<TextureRatio>2.40811</TextureRatio>
<ImageOrigine>2_6084.tif</ImageOrigine>
<CropImageOrigine>146 2310 110 2297
</CropImageOrigine>
</Attribut>
</TexturedSurface>
</WallSurface >
</BuildingPart >
</Building >
</CityModel>
</Chantier_Bati3D>
