<Chantier_Bati3D>
<Bbox>
<Xmin>532764.785</Xmin>
<Xmax>532778.340</Xmax>
<Ymin>152401.265</Ymin>
<Ymax>152402.750</Ymax>
<Zmin>399.862</Zmin>
<Zmax>400.340</Zmax>
</Bbox>
<CityModel Id ="80592">
<Building  Id ="82122">
<Attribut>
<centre>532771.563 147452.200</centre>
</Attribut>
<BuildingPart  Id ="82123">
<RoofSurface  Id ="82129">
<TexturedSurface Id ="82130">
<Attribut>
<FaceType>Roof</FaceType>
<TextureRatio>0.999952</TextureRatio>
<ImageOrigine>2_6084.tif</ImageOrigine>
<CropImageOrigine>356 2456 261 2435
</CropImageOrigine>
</Attribut>
</TexturedSurface>
</RoofSurface >
<WallSurface  Id ="92610">
<TexturedSurface Id ="92611">
<Attribut>
<FaceType>Wall</FaceType>
</Attribut>
</TexturedSurface>
<TexturedSurface Id ="92614">
<Attribut>
<FaceType>Wall</FaceType>
<TextureRatio>2.84312</TextureRatio>
<ImageOrigine>1_6040.tif</ImageOrigine>
<CropImageOrigine>3397 230 3396 219
</CropImageOrigine>
</Attribut>
</TexturedSurface>
<TexturedSurface Id ="92617">
<Attribut>
<FaceType>Wall</FaceType>
</Attribut>
</TexturedSurface>
<TexturedSurface Id ="92620">
<Attribut>
<FaceType>Wall</FaceType>
<TextureRatio>2.65251</TextureRatio>
<ImageOrigine>2_6079.tif</ImageOrigine>
<CropImageOrigine>3381 2348 3379 2337
</CropImageOrigine>
</Attribut>
</TexturedSurface>
</WallSurface >
</BuildingPart >
</Building >
</CityModel>
</Chantier_Bati3D>
