<Chantier_Bati3D>
<Bbox>
<Xmin>532764.785</Xmin>
<Xmax>532778.415</Xmax>
<Ymin>152384.605</Ymin>
<Ymax>152385.935</Ymax>
<Zmin>399.784</Zmin>
<Zmax>400.340</Zmax>
</Bbox>
<CityModel Id ="80592">
<Building  Id ="82133">
<Attribut>
<centre>532771.600 147443.793</centre>
</Attribut>
<BuildingPart  Id ="82134">
<RoofSurface  Id ="82140">
<TexturedSurface Id ="82141">
<Attribut>
<FaceType>Roof</FaceType>
<TextureRatio>0.999959</TextureRatio>
<ImageOrigine>2_6084.tif</ImageOrigine>
<CropImageOrigine>341 2343 246 2323
</CropImageOrigine>
</Attribut>
</TexturedSurface>
</RoofSurface >
<WallSurface  Id ="92626">
<TexturedSurface Id ="92627">
<Attribut>
<FaceType>Wall</FaceType>
</Attribut>
</TexturedSurface>
<TexturedSurface Id ="92630">
<Attribut>
<FaceType>Wall</FaceType>
<TextureRatio>2.71992</TextureRatio>
<ImageOrigine>2_6084.tif</ImageOrigine>
<CropImageOrigine>342 2333 339 2323
</CropImageOrigine>
</Attribut>
</TexturedSurface>
<TexturedSurface Id ="92633">
<Attribut>
<FaceType>Wall</FaceType>
</Attribut>
</TexturedSurface>
<TexturedSurface Id ="92636">
<Attribut>
<FaceType>Wall</FaceType>
<TextureRatio>2.65349</TextureRatio>
<ImageOrigine>2_6079.tif</ImageOrigine>
<CropImageOrigine>3386 2237 3384 2227
</CropImageOrigine>
</Attribut>
</TexturedSurface>
</WallSurface >
</BuildingPart >
</Building >
</CityModel>
</Chantier_Bati3D>
