<Chantier_Bati3D>
<Bbox>
<Xmin>532782.915</Xmin>
<Xmax>532790.165</Xmax>
<Ymin>152385.935</Ymin>
<Ymax>152391.385</Ymax>
<Zmin>399.565</Zmin>
<Zmax>400.340</Zmax>
</Bbox>
<CityModel Id ="80592">
<Building  Id ="82144">
<Attribut>
<centre>532786.540 147446.517</centre>
</Attribut>
<BuildingPart  Id ="82145">
<RoofSurface  Id ="82151">
<TexturedSurface Id ="82152">
<Attribut>
<FaceType>Roof</FaceType>
<TextureRatio>0.999985</TextureRatio>
<ImageOrigine>2_6081.tif</ImageOrigine>
<CropImageOrigine>2492 2517 2437 2473
</CropImageOrigine>
</Attribut>
</TexturedSurface>
</RoofSurface >
<WallSurface  Id ="92642">
<TexturedSurface Id ="92643">
<Attribut>
<FaceType>Wall</FaceType>
</Attribut>
</TexturedSurface>
<TexturedSurface Id ="92646">
<Attribut>
<FaceType>Wall</FaceType>
</Attribut>
</TexturedSurface>
<TexturedSurface Id ="92649">
<Attribut>
<FaceType>Wall</FaceType>
<TextureRatio>3.73697</TextureRatio>
<ImageOrigine>1_6040.tif</ImageOrigine>
<CropImageOrigine>3563 321 3515 314
</CropImageOrigine>
</Attribut>
</TexturedSurface>
<TexturedSurface Id ="92652">
<Attribut>
<FaceType>Wall</FaceType>
</Attribut>
</TexturedSurface>
</WallSurface >
</BuildingPart >
</Building >
</CityModel>
</Chantier_Bati3D>
