<Chantier_Bati3D>
<Bbox>
<Xmin>532782.915</Xmin>
<Xmax>532790.165</Xmax>
<Ymin>152395.815</Ymin>
<Ymax>152401.265</Ymax>
<Zmin>399.610</Zmin>
<Zmax>400.340</Zmax>
</Bbox>
<CityModel Id ="80592">
<Building  Id ="82155">
<Attribut>
<centre>532786.540 147451.457</centre>
</Attribut>
<BuildingPart  Id ="82156">
<RoofSurface  Id ="82162">
<TexturedSurface Id ="82163">
<Attribut>
<FaceType>Roof</FaceType>
<TextureRatio>0.999966</TextureRatio>
<ImageOrigine>2_6081.tif</ImageOrigine>
<CropImageOrigine>2503 2582 2448 2538
</CropImageOrigine>
</Attribut>
</TexturedSurface>
</RoofSurface >
<WallSurface  Id ="92658">
<TexturedSurface Id ="92659">
<Attribut>
<FaceType>Wall</FaceType>
<TextureRatio>1.7021</TextureRatio>
<ImageOrigine>3_6089.tif</ImageOrigine>
<CropImageOrigine>3616 4053 3568 4045
</CropImageOrigine>
</Attribut>
</TexturedSurface>
<TexturedSurface Id ="92662">
<Attribut>
<FaceType>Wall</FaceType>
</Attribut>
</TexturedSurface>
<TexturedSurface Id ="92665">
<Attribut>
<FaceType>Wall</FaceType>
<TextureRatio>4.42579</TextureRatio>
<ImageOrigine>1_6042.tif</ImageOrigine>
<CropImageOrigine>2540 721 2493 711
</CropImageOrigine>
</Attribut>
</TexturedSurface>
<TexturedSurface Id ="92668">
<Attribut>
<FaceType>Wall</FaceType>
</Attribut>
</TexturedSurface>
</WallSurface >
</BuildingPart >
</Building >
</CityModel>
</Chantier_Bati3D>
