<Chantier_Bati3D>
<Bbox>
<Xmin>532730.795</Xmin>
<Xmax>532786.555</Xmax>
<Ymin>152357.055</Ymin>
<Ymax>152384.605</Ymax>
<Zmin>399.505</Zmin>
<Zmax>404.270</Zmax>
</Bbox>
<CityModel Id ="80592">
<Building  Id ="82166">
<Attribut>
<centre>532758.675 147443.127</centre>
</Attribut>
<BuildingPart  Id ="82167">
<RoofSurface  Id ="82173">
<TexturedSurface Id ="82174">
<Attribut>
<FaceType>Roof</FaceType>
<TextureRatio>0.999526</TextureRatio>
<ImageOrigine>2_6084.tif</ImageOrigine>
<CropImageOrigine>554 2344 157 2116
</CropImageOrigine>
</Attribut>
</TexturedSurface>
</RoofSurface >
<WallSurface  Id ="92674">
<TexturedSurface Id ="92675">
<Attribut>
<FaceType>Wall</FaceType>
<TextureRatio>3.03908</TextureRatio>
<ImageOrigine>2_6084.tif</ImageOrigine>
<CropImageOrigine>498 2206 490 2202
</CropImageOrigine>
</Attribut>
</TexturedSurface>
<TexturedSurface Id ="92678">
<Attribut>
<FaceType>Wall</FaceType>
</Attribut>
</TexturedSurface>
<TexturedSurface Id ="92681">
<Attribut>
<FaceType>Wall</FaceType>
<TextureRatio>3.04939</TextureRatio>
<ImageOrigine>2_6084.tif</ImageOrigine>
<CropImageOrigine>503 2203 484 2116
</CropImageOrigine>
</Attribut>
</TexturedSurface>
<TexturedSurface Id ="92684">
<Attribut>
<FaceType>Wall</FaceType>
<TextureRatio>4.4169</TextureRatio>
<ImageOrigine>1_6040.tif</ImageOrigine>
<CropImageOrigine>3560 532 3252 498
</CropImageOrigine>
</Attribut>
</TexturedSurface>
<TexturedSurface Id ="92687">
<Attribut>
<FaceType>Wall</FaceType>
<TextureRatio>2.33525</TextureRatio>
<ImageOrigine>1_6045.tif</ImageOrigine>
<CropImageOrigine>236 1374 217 1328
</CropImageOrigine>
</Attribut>
</TexturedSurface>
<TexturedSurface Id ="92690">
<Attribut>
<FaceType>Wall</FaceType>
</Attribut>
</TexturedSurface>
<TexturedSurface Id ="92693">
<Attribut>
<FaceType>Wall</FaceType>
</Attribut>
</TexturedSurface>
<TexturedSurface Id ="92696">
<Attribut>
<FaceType>Wall</FaceType>
</Attribut>
</TexturedSurface>
<TexturedSurface Id ="92699">
<Attribut>
<FaceType>Wall</FaceType>
</Attribut>
</TexturedSurface>
<TexturedSurface Id ="92702">
<Attribut>
<FaceType>Wall</FaceType>
</Attribut>
</TexturedSurface>
<TexturedSurface Id ="92705">
<Attribut>
<FaceType>Wall</FaceType>
</Attribut>
</TexturedSurface>
<TexturedSurface Id ="92708">
<Attribut>
<FaceType>Wall</FaceType>
</Attribut>
</TexturedSurface>
<TexturedSurface Id ="92711">
<Attribut>
<FaceType>Wall</FaceType>
</Attribut>
</TexturedSurface>
<TexturedSurface Id ="92714">
<Attribut>
<FaceType>Wall</FaceType>
</Attribut>
</TexturedSurface>
<TexturedSurface Id ="92717">
<Attribut>
<FaceType>Wall</FaceType>
</Attribut>
</TexturedSurface>
<TexturedSurface Id ="92720">
<Attribut>
<FaceType>Wall</FaceType>
</Attribut>
</TexturedSurface>
<TexturedSurface Id ="92723">
<Attribut>
<FaceType>Wall</FaceType>
<TextureRatio>2.73709</TextureRatio>
<ImageOrigine>2_6079.tif</ImageOrigine>
<CropImageOrigine>3345 2227 3332 2196
</CropImageOrigine>
</Attribut>
</TexturedSurface>
<TexturedSurface Id ="92726">
<Attribut>
<FaceType>Wall</FaceType>
</Attribut>
</TexturedSurface>
<TexturedSurface Id ="92729">
<Attribut>
<FaceType>Wall</FaceType>
<TextureRatio>3.04921</TextureRatio>
<ImageOrigine>2_6084.tif</ImageOrigine>
<CropImageOrigine>515 2303 498 2231
</CropImageOrigine>
</Attribut>
</TexturedSurface>
<TexturedSurface Id ="92732">
<Attribut>
<FaceType>Wall</FaceType>
<TextureRatio>22.9111</TextureRatio>
<ImageOrigine>2_6081.tif</ImageOrigine>
<CropImageOrigine>2767 2351 2758 2349
</CropImageOrigine>
</Attribut>
</TexturedSurface>
<TexturedSurface Id ="92735">
<Attribut>
<FaceType>Wall</FaceType>
<TextureRatio>3.03906</TextureRatio>
<ImageOrigine>2_6084.tif</ImageOrigine>
<CropImageOrigine>502 2233 493 2229
</CropImageOrigine>
</Attribut>
</TexturedSurface>
<TexturedSurface Id ="92738">
<Attribut>
<FaceType>Wall</FaceType>
</Attribut>
</TexturedSurface>
<TexturedSurface Id ="92741">
<Attribut>
<FaceType>Wall</FaceType>
<TextureRatio>3.17134</TextureRatio>
<ImageOrigine>2_6084.tif</ImageOrigine>
<CropImageOrigine>560 2223 550 2198
</CropImageOrigine>
</Attribut>
</TexturedSurface>
<TexturedSurface Id ="92744">
<Attribut>
<FaceType>Wall</FaceType>
<TextureRatio>4.07001</TextureRatio>
<ImageOrigine>1_6040.tif</ImageOrigine>
<CropImageOrigine>3258 451 3197 439
</CropImageOrigine>
</Attribut>
</TexturedSurface>
</WallSurface >
</BuildingPart >
</Building >
</CityModel>
</Chantier_Bati3D>
