<Chantier_Bati3D>
<Bbox>
<Xmin>532887.700</Xmin>
<Xmax>532890.485</Xmax>
<Ymin>152273.635</Ymin>
<Ymax>152306.780</Ymax>
<Zmin>397.129</Zmin>
<Zmax>403.500</Zmax>
</Bbox>
<CityModel Id ="80592">
<Building  Id ="82177">
<Attribut>
<centre>532889.093 147404.215</centre>
</Attribut>
<BuildingPart  Id ="82178">
<RoofSurface  Id ="82184">
<TexturedSurface Id ="82185">
<Attribut>
<FaceType>Roof</FaceType>
<TextureRatio>0.999999</TextureRatio>
<ImageOrigine>2_6078.tif</ImageOrigine>
<CropImageOrigine>3550 1478 3519 1252
</CropImageOrigine>
</Attribut>
</TexturedSurface>
</RoofSurface >
<WallSurface  Id ="92750">
<TexturedSurface Id ="92751">
<Attribut>
<FaceType>Wall</FaceType>
<TextureRatio>4.04157</TextureRatio>
<ImageOrigine>2_6082.tif</ImageOrigine>
<CropImageOrigine>881 1765 844 1561
</CropImageOrigine>
</Attribut>
</TexturedSurface>
<TexturedSurface Id ="92754">
<Attribut>
<FaceType>Wall</FaceType>
</Attribut>
</TexturedSurface>
<TexturedSurface Id ="92757">
<Attribut>
<FaceType>Wall</FaceType>
<TextureRatio>2.38308</TextureRatio>
<ImageOrigine>1_6046.tif</ImageOrigine>
<CropImageOrigine>285 1755 244 1570
</CropImageOrigine>
</Attribut>
</TexturedSurface>
<TexturedSurface Id ="92760">
<Attribut>
<FaceType>Wall</FaceType>
</Attribut>
</TexturedSurface>
<TexturedSurface Id ="92763">
<Attribut>
<FaceType>Wall</FaceType>
</Attribut>
</TexturedSurface>
</WallSurface >
</BuildingPart >
</Building >
</CityModel>
</Chantier_Bati3D>
