<Chantier_Bati3D>
<Bbox>
<Xmin>532789.896</Xmin>
<Xmax>532843.810</Xmax>
<Ymin>152267.216</Ymin>
<Ymax>152343.825</Ymax>
<Zmin>398.056</Zmin>
<Zmax>399.600</Zmax>
</Bbox>
<CityModel Id ="80592">
<Building  Id ="82188">
<Attribut>
<centre>532816.853 147422.738</centre>
</Attribut>
<BuildingPart  Id ="82189">
<RoofSurface  Id ="82195">
<TexturedSurface Id ="82196">
<Attribut>
<FaceType>Roof</FaceType>
<TextureRatio>1.00014</TextureRatio>
<ImageOrigine>2_6081.tif</ImageOrigine>
<CropImageOrigine>2385 2218 1975 1746
</CropImageOrigine>
</Attribut>
</TexturedSurface>
</RoofSurface >
<WallSurface  Id ="92769">
<TexturedSurface Id ="92770">
<Attribut>
<FaceType>Wall</FaceType>
</Attribut>
</TexturedSurface>
<TexturedSurface Id ="92773">
<Attribut>
<FaceType>Wall</FaceType>
</Attribut>
</TexturedSurface>
<TexturedSurface Id ="92776">
<Attribut>
<FaceType>Wall</FaceType>
<TextureRatio>2.68235</TextureRatio>
<ImageOrigine>1_6040.tif</ImageOrigine>
<CropImageOrigine>3779 1049 3693 974
</CropImageOrigine>
</Attribut>
</TexturedSurface>
<TexturedSurface Id ="92779">
<Attribut>
<FaceType>Wall</FaceType>
<TextureRatio>3.37617</TextureRatio>
<ImageOrigine>1_6045.tif</ImageOrigine>
<CropImageOrigine>552 1875 492 1802
</CropImageOrigine>
</Attribut>
</TexturedSurface>
<TexturedSurface Id ="92782">
<Attribut>
<FaceType>Wall</FaceType>
<TextureRatio>2.53099</TextureRatio>
<ImageOrigine>1_6040.tif</ImageOrigine>
<CropImageOrigine>3879 1007 3838 972
</CropImageOrigine>
</Attribut>
</TexturedSurface>
<TexturedSurface Id ="92785">
<Attribut>
<FaceType>Wall</FaceType>
<TextureRatio>5.70932</TextureRatio>
<ImageOrigine>1_6044.tif</ImageOrigine>
<CropImageOrigine>1227 1628 1222 1624
</CropImageOrigine>
</Attribut>
</TexturedSurface>
<TexturedSurface Id ="92788">
<Attribut>
<FaceType>Wall</FaceType>
<TextureRatio>4.53971</TextureRatio>
<ImageOrigine>1_6045.tif</ImageOrigine>
<CropImageOrigine>591 1831 586 1829
</CropImageOrigine>
</Attribut>
</TexturedSurface>
<TexturedSurface Id ="92791">
<Attribut>
<FaceType>Wall</FaceType>
<TextureRatio>21.806</TextureRatio>
<ImageOrigine>1_6043.tif</ImageOrigine>
<CropImageOrigine>2136 1705 2134 1703
</CropImageOrigine>
</Attribut>
</TexturedSurface>
<TexturedSurface Id ="92794">
<Attribut>
<FaceType>Wall</FaceType>
<TextureRatio>2.5245</TextureRatio>
<ImageOrigine>1_6040.tif</ImageOrigine>
<CropImageOrigine>3883 1005 3876 1001
</CropImageOrigine>
</Attribut>
</TexturedSurface>
<TexturedSurface Id ="92797">
<Attribut>
<FaceType>Wall</FaceType>
<TextureRatio>4.07536</TextureRatio>
<ImageOrigine>1_6040.tif</ImageOrigine>
<CropImageOrigine>3882 1045 3844 1003
</CropImageOrigine>
</Attribut>
</TexturedSurface>
<TexturedSurface Id ="92800">
<Attribut>
<FaceType>Wall</FaceType>
<TextureRatio>2.60419</TextureRatio>
<ImageOrigine>1_6040.tif</ImageOrigine>
<CropImageOrigine>3861 1056 3844 1043
</CropImageOrigine>
</Attribut>
</TexturedSurface>
<TexturedSurface Id ="92803">
<Attribut>
<FaceType>Wall</FaceType>
<TextureRatio>11.007</TextureRatio>
<ImageOrigine>2_6079.tif</ImageOrigine>
<CropImageOrigine>3077 1474 3034 1436
</CropImageOrigine>
</Attribut>
</TexturedSurface>
<TexturedSurface Id ="92806">
<Attribut>
<FaceType>Wall</FaceType>
<TextureRatio>2.52635</TextureRatio>
<ImageOrigine>1_6040.tif</ImageOrigine>
<CropImageOrigine>3901 1022 3890 1014
</CropImageOrigine>
</Attribut>
</TexturedSurface>
<TexturedSurface Id ="92809">
<Attribut>
<FaceType>Wall</FaceType>
</Attribut>
</TexturedSurface>
<TexturedSurface Id ="92812">
<Attribut>
<FaceType>Wall</FaceType>
</Attribut>
</TexturedSurface>
<TexturedSurface Id ="92815">
<Attribut>
<FaceType>Wall</FaceType>
</Attribut>
</TexturedSurface>
<TexturedSurface Id ="92818">
<Attribut>
<FaceType>Wall</FaceType>
</Attribut>
</TexturedSurface>
<TexturedSurface Id ="92821">
<Attribut>
<FaceType>Wall</FaceType>
</Attribut>
</TexturedSurface>
<TexturedSurface Id ="92824">
<Attribut>
<FaceType>Wall</FaceType>
</Attribut>
</TexturedSurface>
<TexturedSurface Id ="92827">
<Attribut>
<FaceType>Wall</FaceType>
</Attribut>
</TexturedSurface>
<TexturedSurface Id ="92830">
<Attribut>
<FaceType>Wall</FaceType>
</Attribut>
</TexturedSurface>
<TexturedSurface Id ="92833">
<Attribut>
<FaceType>Wall</FaceType>
</Attribut>
</TexturedSurface>
<TexturedSurface Id ="92836">
<Attribut>
<FaceType>Wall</FaceType>
</Attribut>
</TexturedSurface>
<TexturedSurface Id ="92839">
<Attribut>
<FaceType>Wall</FaceType>
</Attribut>
</TexturedSurface>
<TexturedSurface Id ="92842">
<Attribut>
<FaceType>Wall</FaceType>
<TextureRatio>5.45083</TextureRatio>
<ImageOrigine>2_6082.tif</ImageOrigine>
<CropImageOrigine>1201 1744 1195 1738
</CropImageOrigine>
</Attribut>
</TexturedSurface>
<TexturedSurface Id ="92845">
<Attribut>
<FaceType>Wall</FaceType>
<TextureRatio>22.1163</TextureRatio>
<ImageOrigine>2_6081.tif</ImageOrigine>
<CropImageOrigine>2035 2029 2033 2027
</CropImageOrigine>
</Attribut>
</TexturedSurface>
<TexturedSurface Id ="92848">
<Attribut>
<FaceType>Wall</FaceType>
</Attribut>
</TexturedSurface>
<TexturedSurface Id ="92851">
<Attribut>
<FaceType>Wall</FaceType>
<TextureRatio>22.2494</TextureRatio>
<ImageOrigine>2_6081.tif</ImageOrigine>
<CropImageOrigine>2037 2032 2033 2028
</CropImageOrigine>
</Attribut>
</TexturedSurface>
<TexturedSurface Id ="92854">
<Attribut>
<FaceType>Wall</FaceType>
<TextureRatio>5.47934</TextureRatio>
<ImageOrigine>2_6082.tif</ImageOrigine>
<CropImageOrigine>1226 1743 1201 1712
</CropImageOrigine>
</Attribut>
</TexturedSurface>
<TexturedSurface Id ="92857">
<Attribut>
<FaceType>Wall</FaceType>
<TextureRatio>2.50364</TextureRatio>
<ImageOrigine>2_6078.tif</ImageOrigine>
<CropImageOrigine>3914 1530 3879 1494
</CropImageOrigine>
</Attribut>
</TexturedSurface>
<TexturedSurface Id ="92860">
<Attribut>
<FaceType>Wall</FaceType>
<TextureRatio>2.35082</TextureRatio>
<ImageOrigine>2_6078.tif</ImageOrigine>
<CropImageOrigine>3913 1572 3907 1528
</CropImageOrigine>
</Attribut>
</TexturedSurface>
<TexturedSurface Id ="92863">
<Attribut>
<FaceType>Wall</FaceType>
<TextureRatio>3.01372</TextureRatio>
<ImageOrigine>1_6045.tif</ImageOrigine>
<CropImageOrigine>599 1586 525 1493
</CropImageOrigine>
</Attribut>
</TexturedSurface>
<TexturedSurface Id ="92866">
<Attribut>
<FaceType>Wall</FaceType>
</Attribut>
</TexturedSurface>
<TexturedSurface Id ="92869">
<Attribut>
<FaceType>Wall</FaceType>
</Attribut>
</TexturedSurface>
<TexturedSurface Id ="92872">
<Attribut>
<FaceType>Wall</FaceType>
<TextureRatio>9.47809</TextureRatio>
<ImageOrigine>2_6078.tif</ImageOrigine>
<CropImageOrigine>4056 1683 3907 1673
</CropImageOrigine>
</Attribut>
</TexturedSurface>
<TexturedSurface Id ="92875">
<Attribut>
<FaceType>Wall</FaceType>
<TextureRatio>3.60876</TextureRatio>
<ImageOrigine>2_6079.tif</ImageOrigine>
<CropImageOrigine>3285 1954 3210 1872
</CropImageOrigine>
</Attribut>
</TexturedSurface>
<TexturedSurface Id ="92878">
<Attribut>
<FaceType>Wall</FaceType>
<TextureRatio>3.11634</TextureRatio>
<ImageOrigine>2_6084.tif</ImageOrigine>
<CropImageOrigine>128 2075 93 2032
</CropImageOrigine>
</Attribut>
</TexturedSurface>
<TexturedSurface Id ="92881">
<Attribut>
<FaceType>Wall</FaceType>
<TextureRatio>2.41063</TextureRatio>
<ImageOrigine>1_6040.tif</ImageOrigine>
<CropImageOrigine>3594 638 3579 624
</CropImageOrigine>
</Attribut>
</TexturedSurface>
<TexturedSurface Id ="92884">
<Attribut>
<FaceType>Wall</FaceType>
<TextureRatio>3.07096</TextureRatio>
<ImageOrigine>2_6084.tif</ImageOrigine>
<CropImageOrigine>127 2021 110 2000
</CropImageOrigine>
</Attribut>
</TexturedSurface>
<TexturedSurface Id ="92887">
<Attribut>
<FaceType>Wall</FaceType>
<TextureRatio>2.4434</TextureRatio>
<ImageOrigine>1_6040.tif</ImageOrigine>
<CropImageOrigine>3690 755 3578 655
</CropImageOrigine>
</Attribut>
</TexturedSurface>
<TexturedSurface Id ="92890">
<Attribut>
<FaceType>Wall</FaceType>
<TextureRatio>2.42776</TextureRatio>
<ImageOrigine>1_6040.tif</ImageOrigine>
<CropImageOrigine>3692 795 3687 753
</CropImageOrigine>
</Attribut>
</TexturedSurface>
<TexturedSurface Id ="92893">
<Attribut>
<FaceType>Wall</FaceType>
<TextureRatio>6.83007</TextureRatio>
<ImageOrigine>2_6082.tif</ImageOrigine>
<CropImageOrigine>1445 1722 1413 1681
</CropImageOrigine>
</Attribut>
</TexturedSurface>
<TexturedSurface Id ="92896">
<Attribut>
<FaceType>Wall</FaceType>
</Attribut>
</TexturedSurface>
<TexturedSurface Id ="92899">
<Attribut>
<FaceType>Wall</FaceType>
<TextureRatio>6.80678</TextureRatio>
<ImageOrigine>2_6082.tif</ImageOrigine>
<CropImageOrigine>1444 1681 1442 1679
</CropImageOrigine>
</Attribut>
</TexturedSurface>
<TexturedSurface Id ="92902">
<Attribut>
<FaceType>Wall</FaceType>
<TextureRatio>3.18168</TextureRatio>
<ImageOrigine>2_6079.tif</ImageOrigine>
<CropImageOrigine>3290 1728 3259 1695
</CropImageOrigine>
</Attribut>
</TexturedSurface>
<TexturedSurface Id ="92905">
<Attribut>
<FaceType>Wall</FaceType>
</Attribut>
</TexturedSurface>
<TexturedSurface Id ="92908">
<Attribut>
<FaceType>Wall</FaceType>
</Attribut>
</TexturedSurface>
<TexturedSurface Id ="92911">
<Attribut>
<FaceType>Wall</FaceType>
<TextureRatio>2.63553</TextureRatio>
<ImageOrigine>2_6084.tif</ImageOrigine>
<CropImageOrigine>48 1780 0 1722
</CropImageOrigine>
</Attribut>
</TexturedSurface>
<TexturedSurface Id ="92914">
<Attribut>
<FaceType>Wall</FaceType>
<TextureRatio>2.68159</TextureRatio>
<ImageOrigine>1_6040.tif</ImageOrigine>
<CropImageOrigine>3683 965 3632 920
</CropImageOrigine>
</Attribut>
</TexturedSurface>
<TexturedSurface Id ="92917">
<Attribut>
<FaceType>Wall</FaceType>
<TextureRatio>4.91219</TextureRatio>
<ImageOrigine>1_6040.tif</ImageOrigine>
<CropImageOrigine>3682 1025 3630 963
</CropImageOrigine>
</Attribut>
</TexturedSurface>
<TexturedSurface Id ="92920">
<Attribut>
<FaceType>Wall</FaceType>
</Attribut>
</TexturedSurface>
<TexturedSurface Id ="92923">
<Attribut>
<FaceType>Wall</FaceType>
<TextureRatio>3.10392</TextureRatio>
<ImageOrigine>1_6045.tif</ImageOrigine>
<CropImageOrigine>410 1865 361 1805
</CropImageOrigine>
</Attribut>
</TexturedSurface>
</WallSurface >
</BuildingPart >
</Building >
</CityModel>
</Chantier_Bati3D>
