<Chantier_Bati3D>
<Bbox>
<Xmin>532796.800</Xmin>
<Xmax>532856.200</Xmax>
<Ymin>152302.850</Ymin>
<Ymax>152354.600</Ymax>
<Zmin>398.132</Zmin>
<Zmax>403.500</Zmax>
</Bbox>
<CityModel Id ="80592">
<Building  Id ="82199">
<Attribut>
<centre>532826.500 147428.125</centre>
</Attribut>
<BuildingPart  Id ="82200">
<RoofSurface  Id ="82206">
<TexturedSurface Id ="82207">
<Attribut>
<FaceType>Roof</FaceType>
<TextureRatio>1.00095</TextureRatio>
<ImageOrigine>2_6081.tif</ImageOrigine>
<CropImageOrigine>2342 2344 1963 1949
</CropImageOrigine>
</Attribut>
</TexturedSurface>
</RoofSurface >
<WallSurface  Id ="92929">
<TexturedSurface Id ="92930">
<Attribut>
<FaceType>Wall</FaceType>
<TextureRatio>5.55498</TextureRatio>
<ImageOrigine>1_6040.tif</ImageOrigine>
<CropImageOrigine>3888 664 3800 567
</CropImageOrigine>
</Attribut>
</TexturedSurface>
<TexturedSurface Id ="92933">
<Attribut>
<FaceType>Wall</FaceType>
<TextureRatio>9.0821</TextureRatio>
<ImageOrigine>2_6078.tif</ImageOrigine>
<CropImageOrigine>4045 1664 3932 1654
</CropImageOrigine>
</Attribut>
</TexturedSurface>
<TexturedSurface Id ="92936">
<Attribut>
<FaceType>Wall</FaceType>
<TextureRatio>3.61107</TextureRatio>
<ImageOrigine>2_6079.tif</ImageOrigine>
<CropImageOrigine>3266 1929 3188 1852
</CropImageOrigine>
</Attribut>
</TexturedSurface>
<TexturedSurface Id ="92939">
<Attribut>
<FaceType>Wall</FaceType>
<TextureRatio>3.02153</TextureRatio>
<ImageOrigine>2_6084.tif</ImageOrigine>
<CropImageOrigine>83 2054 48 2026
</CropImageOrigine>
</Attribut>
</TexturedSurface>
<TexturedSurface Id ="92942">
<Attribut>
<FaceType>Wall</FaceType>
<TextureRatio>2.37639</TextureRatio>
<ImageOrigine>1_6040.tif</ImageOrigine>
<CropImageOrigine>3714 707 3619 626
</CropImageOrigine>
</Attribut>
</TexturedSurface>
<TexturedSurface Id ="92945">
<Attribut>
<FaceType>Wall</FaceType>
<TextureRatio>2.39807</TextureRatio>
<ImageOrigine>1_6040.tif</ImageOrigine>
<CropImageOrigine>3718 777 3702 700
</CropImageOrigine>
</Attribut>
</TexturedSurface>
<TexturedSurface Id ="92948">
<Attribut>
<FaceType>Wall</FaceType>
<TextureRatio>6.80939</TextureRatio>
<ImageOrigine>2_6082.tif</ImageOrigine>
<CropImageOrigine>1440 1742 1394 1685
</CropImageOrigine>
</Attribut>
</TexturedSurface>
<TexturedSurface Id ="92951">
<Attribut>
<FaceType>Wall</FaceType>
<TextureRatio>6.55666</TextureRatio>
<ImageOrigine>1_6042.tif</ImageOrigine>
<CropImageOrigine>2721 1278 2695 1258
</CropImageOrigine>
</Attribut>
</TexturedSurface>
<TexturedSurface Id ="92954">
<Attribut>
<FaceType>Wall</FaceType>
<TextureRatio>6.23251</TextureRatio>
<ImageOrigine>2_6079.tif</ImageOrigine>
<CropImageOrigine>3244 1746 3163 1678
</CropImageOrigine>
</Attribut>
</TexturedSurface>
<TexturedSurface Id ="92957">
<Attribut>
<FaceType>Wall</FaceType>
<TextureRatio>2.22439</TextureRatio>
<ImageOrigine>2_6078.tif</ImageOrigine>
<CropImageOrigine>4020 1571 4005 1549
</CropImageOrigine>
</Attribut>
</TexturedSurface>
<TexturedSurface Id ="92960">
<Attribut>
<FaceType>Wall</FaceType>
<TextureRatio>6.0141</TextureRatio>
<ImageOrigine>1_6040.tif</ImageOrigine>
<CropImageOrigine>3790 756 3743 745
</CropImageOrigine>
</Attribut>
</TexturedSurface>
<TexturedSurface Id ="92963">
<Attribut>
<FaceType>Wall</FaceType>
<TextureRatio>2.30453</TextureRatio>
<ImageOrigine>1_6040.tif</ImageOrigine>
<CropImageOrigine>3791 770 3777 745
</CropImageOrigine>
</Attribut>
</TexturedSurface>
<TexturedSurface Id ="92966">
<Attribut>
<FaceType>Wall</FaceType>
<TextureRatio>5.58427</TextureRatio>
<ImageOrigine>1_6042.tif</ImageOrigine>
<CropImageOrigine>2884 1252 2805 1193
</CropImageOrigine>
</Attribut>
</TexturedSurface>
<TexturedSurface Id ="92969">
<Attribut>
<FaceType>Wall</FaceType>
<TextureRatio>7.62335</TextureRatio>
<ImageOrigine>2_6079.tif</ImageOrigine>
<CropImageOrigine>3074 1692 3042 1668
</CropImageOrigine>
</Attribut>
</TexturedSurface>
<TexturedSurface Id ="92972">
<Attribut>
<FaceType>Wall</FaceType>
<TextureRatio>2.49572</TextureRatio>
<ImageOrigine>2_6078.tif</ImageOrigine>
<CropImageOrigine>3942 1549 3881 1493
</CropImageOrigine>
</Attribut>
</TexturedSurface>
<TexturedSurface Id ="92975">
<Attribut>
<FaceType>Wall</FaceType>
<TextureRatio>2.3202</TextureRatio>
<ImageOrigine>2_6078.tif</ImageOrigine>
<CropImageOrigine>3941 1621 3922 1544
</CropImageOrigine>
</Attribut>
</TexturedSurface>
<TexturedSurface Id ="92978">
<Attribut>
<FaceType>Wall</FaceType>
<TextureRatio>2.91814</TextureRatio>
<ImageOrigine>1_6045.tif</ImageOrigine>
<CropImageOrigine>572 1544 494 1456
</CropImageOrigine>
</Attribut>
</TexturedSurface>
<TexturedSurface Id ="92981">
<Attribut>
<FaceType>Wall</FaceType>
<TextureRatio>5.09346</TextureRatio>
<ImageOrigine>1_6040.tif</ImageOrigine>
<CropImageOrigine>3925 610 3887 599
</CropImageOrigine>
</Attribut>
</TexturedSurface>
<TexturedSurface Id ="92984">
<Attribut>
<FaceType>Wall</FaceType>
<TextureRatio>2.94978</TextureRatio>
<ImageOrigine>1_6045.tif</ImageOrigine>
<CropImageOrigine>659 1458 581 1369
</CropImageOrigine>
</Attribut>
</TexturedSurface>
<TexturedSurface Id ="92987">
<Attribut>
<FaceType>Wall</FaceType>
<TextureRatio>2.59497</TextureRatio>
<ImageOrigine>2_6078.tif</ImageOrigine>
<CropImageOrigine>3732 1803 3716 1776
</CropImageOrigine>
</Attribut>
</TexturedSurface>
<TexturedSurface Id ="92990">
<Attribut>
<FaceType>Wall</FaceType>
<TextureRatio>34.6278</TextureRatio>
<ImageOrigine>2_6079.tif</ImageOrigine>
<CropImageOrigine>2902 1994 2886 1992
</CropImageOrigine>
</Attribut>
</TexturedSurface>
<TexturedSurface Id ="92993">
<Attribut>
<FaceType>Wall</FaceType>
<TextureRatio>2.58536</TextureRatio>
<ImageOrigine>2_6078.tif</ImageOrigine>
<CropImageOrigine>3737 1816 3721 1801
</CropImageOrigine>
</Attribut>
</TexturedSurface>
<TexturedSurface Id ="92996">
<Attribut>
<FaceType>Wall</FaceType>
<TextureRatio>5.41618</TextureRatio>
<ImageOrigine>1_6040.tif</ImageOrigine>
<CropImageOrigine>3992 567 3907 475
</CropImageOrigine>
</Attribut>
</TexturedSurface>
<TexturedSurface Id ="92999">
<Attribut>
<FaceType>Wall</FaceType>
<TextureRatio>11.2685</TextureRatio>
<ImageOrigine>2_6078.tif</ImageOrigine>
<CropImageOrigine>3845 1743 3805 1739
</CropImageOrigine>
</Attribut>
</TexturedSurface>
<TexturedSurface Id ="93002">
<Attribut>
<FaceType>Wall</FaceType>
<TextureRatio>6.76752</TextureRatio>
<ImageOrigine>2_6082.tif</ImageOrigine>
<CropImageOrigine>1229 1962 1217 1954
</CropImageOrigine>
</Attribut>
</TexturedSurface>
<TexturedSurface Id ="93005">
<Attribut>
<FaceType>Wall</FaceType>
<TextureRatio>21.7515</TextureRatio>
<ImageOrigine>2_6079.tif</ImageOrigine>
<CropImageOrigine>3018 1928 3002 1926
</CropImageOrigine>
</Attribut>
</TexturedSurface>
</WallSurface >
</BuildingPart >
</Building >
</CityModel>
</Chantier_Bati3D>
