<Chantier_Bati3D>
<Bbox>
<Xmin>532749.270</Xmin>
<Xmax>532794.100</Xmax>
<Ymin>152316.800</Ymin>
<Ymax>152324.000</Ymax>
<Zmin>399.185</Zmin>
<Zmax>407.400</Zmax>
</Bbox>
<CityModel Id ="80592">
<Building  Id ="82210">
<Attribut>
<centre>532771.685 147412.825</centre>
</Attribut>
<BuildingPart  Id ="82211">
<RoofSurface  Id ="82217">
<TexturedSurface Id ="82218">
<Attribut>
<FaceType>Roof</FaceType>
<TextureRatio>1.00003</TextureRatio>
<ImageOrigine>2_6084.tif</ImageOrigine>
<CropImageOrigine>375 1938 62 1852
</CropImageOrigine>
</Attribut>
</TexturedSurface>
</RoofSurface >
<WallSurface  Id ="93011">
<TexturedSurface Id ="93012">
<Attribut>
<FaceType>Wall</FaceType>
<TextureRatio>13.0098</TextureRatio>
<ImageOrigine>2_6079.tif</ImageOrigine>
<CropImageOrigine>3325 1816 3301 1812
</CropImageOrigine>
</Attribut>
</TexturedSurface>
<TexturedSurface Id ="93015">
<Attribut>
<FaceType>Wall</FaceType>
<TextureRatio>2.81891</TextureRatio>
<ImageOrigine>2_6079.tif</ImageOrigine>
<CropImageOrigine>3324 1825 3304 1812
</CropImageOrigine>
</Attribut>
</TexturedSurface>
<TexturedSurface Id ="93018">
<Attribut>
<FaceType>Wall</FaceType>
<TextureRatio>14.4239</TextureRatio>
<ImageOrigine>2_6084.tif</ImageOrigine>
<CropImageOrigine>391 1939 69 1901
</CropImageOrigine>
</Attribut>
</TexturedSurface>
<TexturedSurface Id ="93021">
<Attribut>
<FaceType>Wall</FaceType>
<TextureRatio>2.89225</TextureRatio>
<ImageOrigine>2_6084.tif</ImageOrigine>
<CropImageOrigine>391 1903 372 1891
</CropImageOrigine>
</Attribut>
</TexturedSurface>
<TexturedSurface Id ="93024">
<Attribut>
<FaceType>Wall</FaceType>
<TextureRatio>14.802</TextureRatio>
<ImageOrigine>2_6082.tif</ImageOrigine>
<CropImageOrigine>1801 1752 1795 1748
</CropImageOrigine>
</Attribut>
</TexturedSurface>
<TexturedSurface Id ="93027">
<Attribut>
<FaceType>Wall</FaceType>
<TextureRatio>2.89699</TextureRatio>
<ImageOrigine>2_6084.tif</ImageOrigine>
<CropImageOrigine>392 1893 371 1865
</CropImageOrigine>
</Attribut>
</TexturedSurface>
<TexturedSurface Id ="93030">
<Attribut>
<FaceType>Wall</FaceType>
<TextureRatio>2.81684</TextureRatio>
<ImageOrigine>1_6040.tif</ImageOrigine>
<CropImageOrigine>3350 776 3332 763
</CropImageOrigine>
</Attribut>
</TexturedSurface>
<TexturedSurface Id ="93033">
<Attribut>
<FaceType>Wall</FaceType>
<TextureRatio>2.89002</TextureRatio>
<ImageOrigine>2_6084.tif</ImageOrigine>
<CropImageOrigine>385 1865 366 1852
</CropImageOrigine>
</Attribut>
</TexturedSurface>
<TexturedSurface Id ="93036">
<Attribut>
<FaceType>Wall</FaceType>
</Attribut>
</TexturedSurface>
<TexturedSurface Id ="93039">
<Attribut>
<FaceType>Wall</FaceType>
</Attribut>
</TexturedSurface>
<TexturedSurface Id ="93042">
<Attribut>
<FaceType>Wall</FaceType>
</Attribut>
</TexturedSurface>
<TexturedSurface Id ="93045">
<Attribut>
<FaceType>Wall</FaceType>
</Attribut>
</TexturedSurface>
<TexturedSurface Id ="93048">
<Attribut>
<FaceType>Wall</FaceType>
</Attribut>
</TexturedSurface>
<TexturedSurface Id ="93051">
<Attribut>
<FaceType>Wall</FaceType>
<TextureRatio>2.68154</TextureRatio>
<ImageOrigine>1_6045.tif</ImageOrigine>
<CropImageOrigine>312 1612 275 1589
</CropImageOrigine>
</Attribut>
</TexturedSurface>
<TexturedSurface Id ="93054">
<Attribut>
<FaceType>Wall</FaceType>
<TextureRatio>2.82562</TextureRatio>
<ImageOrigine>2_6079.tif</ImageOrigine>
<CropImageOrigine>3321 1816 3301 1791
</CropImageOrigine>
</Attribut>
</TexturedSurface>
</WallSurface >
</BuildingPart >
</Building >
</CityModel>
</Chantier_Bati3D>
