<Chantier_Bati3D>
<Bbox>
<Xmin>532749.270</Xmin>
<Xmax>532800.520</Xmax>
<Ymin>152302.400</Ymin>
<Ymax>152319.620</Ymax>
<Zmin>399.033</Zmin>
<Zmax>411.300</Zmax>
</Bbox>
<CityModel Id ="80592">
<Building  Id ="82221">
<Attribut>
<centre>532774.895 147410.635</centre>
</Attribut>
<BuildingPart  Id ="82222">
<RoofSurface  Id ="82228">
<TexturedSurface Id ="82229">
<Attribut>
<FaceType>Roof</FaceType>
<TextureRatio>1.00008</TextureRatio>
<ImageOrigine>2_6084.tif</ImageOrigine>
<CropImageOrigine>357 1908 0 1752
</CropImageOrigine>
</Attribut>
</TexturedSurface>
</RoofSurface >
<WallSurface  Id ="93060">
<TexturedSurface Id ="93061">
<Attribut>
<FaceType>Wall</FaceType>
<TextureRatio>3.23631</TextureRatio>
<ImageOrigine>2_6079.tif</ImageOrigine>
<CropImageOrigine>3332 1796 3262 1744
</CropImageOrigine>
</Attribut>
</TexturedSurface>
<TexturedSurface Id ="93064">
<Attribut>
<FaceType>Wall</FaceType>
<TextureRatio>2.86451</TextureRatio>
<ImageOrigine>2_6084.tif</ImageOrigine>
<CropImageOrigine>104 1910 50 1885
</CropImageOrigine>
</Attribut>
</TexturedSurface>
<TexturedSurface Id ="93067">
<Attribut>
<FaceType>Wall</FaceType>
<TextureRatio>11.567</TextureRatio>
<ImageOrigine>2_6079.tif</ImageOrigine>
<CropImageOrigine>3387 1780 3321 1772
</CropImageOrigine>
</Attribut>
</TexturedSurface>
<TexturedSurface Id ="93070">
<Attribut>
<FaceType>Wall</FaceType>
<TextureRatio>3.11088</TextureRatio>
<ImageOrigine>2_6079.tif</ImageOrigine>
<CropImageOrigine>3392 1786 3357 1774
</CropImageOrigine>
</Attribut>
</TexturedSurface>
<TexturedSurface Id ="93073">
<Attribut>
<FaceType>Wall</FaceType>
<TextureRatio>12.5593</TextureRatio>
<ImageOrigine>2_6084.tif</ImageOrigine>
<CropImageOrigine>231 1890 112 1876
</CropImageOrigine>
</Attribut>
</TexturedSurface>
<TexturedSurface Id ="93076">
<Attribut>
<FaceType>Wall</FaceType>
<TextureRatio>3.05616</TextureRatio>
<ImageOrigine>2_6084.tif</ImageOrigine>
<CropImageOrigine>236 1879 198 1869
</CropImageOrigine>
</Attribut>
</TexturedSurface>
<TexturedSurface Id ="93079">
<Attribut>
<FaceType>Wall</FaceType>
<TextureRatio>12.344</TextureRatio>
<ImageOrigine>2_6084.tif</ImageOrigine>
<CropImageOrigine>384 1873 203 1851
</CropImageOrigine>
</Attribut>
</TexturedSurface>
<TexturedSurface Id ="93082">
<Attribut>
<FaceType>Wall</FaceType>
<TextureRatio>2.88086</TextureRatio>
<ImageOrigine>2_6084.tif</ImageOrigine>
<CropImageOrigine>384 1855 348 1791
</CropImageOrigine>
</Attribut>
</TexturedSurface>
<TexturedSurface Id ="93085">
<Attribut>
<FaceType>Wall</FaceType>
<TextureRatio>8.01128</TextureRatio>
<ImageOrigine>1_6040.tif</ImageOrigine>
<CropImageOrigine>3361 846 3336 828
</CropImageOrigine>
</Attribut>
</TexturedSurface>
<TexturedSurface Id ="93088">
<Attribut>
<FaceType>Wall</FaceType>
<TextureRatio>2.8879</TextureRatio>
<ImageOrigine>2_6084.tif</ImageOrigine>
<CropImageOrigine>380 1792 348 1762
</CropImageOrigine>
</Attribut>
</TexturedSurface>
<TexturedSurface Id ="93091">
<Attribut>
<FaceType>Wall</FaceType>
<TextureRatio>6.67232</TextureRatio>
<ImageOrigine>1_6040.tif</ImageOrigine>
<CropImageOrigine>3363 869 3338 855
</CropImageOrigine>
</Attribut>
</TexturedSurface>
<TexturedSurface Id ="93094">
<Attribut>
<FaceType>Wall</FaceType>
<TextureRatio>2.88328</TextureRatio>
<ImageOrigine>2_6084.tif</ImageOrigine>
<CropImageOrigine>374 1768 345 1752
</CropImageOrigine>
</Attribut>
</TexturedSurface>
<TexturedSurface Id ="93097">
<Attribut>
<FaceType>Wall</FaceType>
<TextureRatio>6.77523</TextureRatio>
<ImageOrigine>1_6040.tif</ImageOrigine>
<CropImageOrigine>3642 878 3340 839
</CropImageOrigine>
</Attribut>
</TexturedSurface>
<TexturedSurface Id ="93100">
<Attribut>
<FaceType>Wall</FaceType>
<TextureRatio>2.3808</TextureRatio>
<ImageOrigine>1_6045.tif</ImageOrigine>
<CropImageOrigine>322 1696 289 1684
</CropImageOrigine>
</Attribut>
</TexturedSurface>
<TexturedSurface Id ="93103">
<Attribut>
<FaceType>Wall</FaceType>
<TextureRatio>11.9882</TextureRatio>
<ImageOrigine>1_6043.tif</ImageOrigine>
<CropImageOrigine>1863 1569 1852 1562
</CropImageOrigine>
</Attribut>
</TexturedSurface>
<TexturedSurface Id ="93106">
<Attribut>
<FaceType>Wall</FaceType>
<TextureRatio>2.38511</TextureRatio>
<ImageOrigine>1_6045.tif</ImageOrigine>
<CropImageOrigine>324 1688 290 1665
</CropImageOrigine>
</Attribut>
</TexturedSurface>
<TexturedSurface Id ="93109">
<Attribut>
<FaceType>Wall</FaceType>
<TextureRatio>2.76999</TextureRatio>
<ImageOrigine>1_6045.tif</ImageOrigine>
<CropImageOrigine>355 1670 290 1622
</CropImageOrigine>
</Attribut>
</TexturedSurface>
</WallSurface >
</BuildingPart >
</Building >
</CityModel>
</Chantier_Bati3D>
