<Chantier_Bati3D>
<Bbox>
<Xmin>532836.280</Xmin>
<Xmax>532894.115</Xmax>
<Ymin>152259.204</Ymin>
<Ymax>152276.426</Ymax>
<Zmin>397.042</Zmin>
<Zmax>411.300</Zmax>
</Bbox>
<CityModel Id ="80592">
<Building  Id ="82232">
<Attribut>
<centre>532865.198 147389.038</centre>
</Attribut>
<BuildingPart  Id ="82233">
<RoofSurface  Id ="82239">
<TexturedSurface Id ="82240">
<Attribut>
<FaceType>Roof</FaceType>
<TextureRatio>0.999955</TextureRatio>
<ImageOrigine>2_6078.tif</ImageOrigine>
<CropImageOrigine>3923 1282 3526 1145
</CropImageOrigine>
</Attribut>
</TexturedSurface>
</RoofSurface >
<WallSurface  Id ="93115">
<TexturedSurface Id ="93116">
<Attribut>
<FaceType>Wall</FaceType>
<TextureRatio>2.65671</TextureRatio>
<ImageOrigine>2_6078.tif</ImageOrigine>
<CropImageOrigine>3568 1281 3493 1217
</CropImageOrigine>
</Attribut>
</TexturedSurface>
<TexturedSurface Id ="93119">
<Attribut>
<FaceType>Wall</FaceType>
<TextureRatio>3.63703</TextureRatio>
<ImageOrigine>2_6082.tif</ImageOrigine>
<CropImageOrigine>872 1566 830 1534
</CropImageOrigine>
</Attribut>
</TexturedSurface>
<TexturedSurface Id ="93122">
<Attribut>
<FaceType>Wall</FaceType>
<TextureRatio>5.01594</TextureRatio>
<ImageOrigine>2_6078.tif</ImageOrigine>
<CropImageOrigine>3725 1270 3554 1245
</CropImageOrigine>
</Attribut>
</TexturedSurface>
<TexturedSurface Id ="93125">
<Attribut>
<FaceType>Wall</FaceType>
<TextureRatio>2.46781</TextureRatio>
<ImageOrigine>2_6078.tif</ImageOrigine>
<CropImageOrigine>3730 1276 3688 1253
</CropImageOrigine>
</Attribut>
</TexturedSurface>
<TexturedSurface Id ="93128">
<Attribut>
<FaceType>Wall</FaceType>
<TextureRatio>5.04909</TextureRatio>
<ImageOrigine>2_6078.tif</ImageOrigine>
<CropImageOrigine>3815 1280 3694 1259
</CropImageOrigine>
</Attribut>
</TexturedSurface>
<TexturedSurface Id ="93131">
<Attribut>
<FaceType>Wall</FaceType>
<TextureRatio>4.21157</TextureRatio>
<ImageOrigine>2_6082.tif</ImageOrigine>
<CropImageOrigine>1094 1523 1069 1505
</CropImageOrigine>
</Attribut>
</TexturedSurface>
<TexturedSurface Id ="93134">
<Attribut>
<FaceType>Wall</FaceType>
<TextureRatio>5.01396</TextureRatio>
<ImageOrigine>2_6078.tif</ImageOrigine>
<CropImageOrigine>3858 1277 3783 1258
</CropImageOrigine>
</Attribut>
</TexturedSurface>
<TexturedSurface Id ="93137">
<Attribut>
<FaceType>Wall</FaceType>
<TextureRatio>2.34052</TextureRatio>
<ImageOrigine>2_6078.tif</ImageOrigine>
<CropImageOrigine>3877 1297 3820 1260
</CropImageOrigine>
</Attribut>
</TexturedSurface>
<TexturedSurface Id ="93140">
<Attribut>
<FaceType>Wall</FaceType>
<TextureRatio>4.44049</TextureRatio>
<ImageOrigine>2_6082.tif</ImageOrigine>
<CropImageOrigine>1187 1529 1132 1469
</CropImageOrigine>
</Attribut>
</TexturedSurface>
<TexturedSurface Id ="93143">
<Attribut>
<FaceType>Wall</FaceType>
<TextureRatio>2.53169</TextureRatio>
<ImageOrigine>1_6040.tif</ImageOrigine>
<CropImageOrigine>3965 1073 3884 1023
</CropImageOrigine>
</Attribut>
</TexturedSurface>
<TexturedSurface Id ="93146">
<Attribut>
<FaceType>Wall</FaceType>
<TextureRatio>2.13752</TextureRatio>
<ImageOrigine>1_6040.tif</ImageOrigine>
<CropImageOrigine>3966 1092 3925 1061
</CropImageOrigine>
</Attribut>
</TexturedSurface>
<TexturedSurface Id ="93149">
<Attribut>
<FaceType>Wall</FaceType>
<TextureRatio>11.5852</TextureRatio>
<ImageOrigine>1_6040.tif</ImageOrigine>
<CropImageOrigine>3969 1092 3926 1080
</CropImageOrigine>
</Attribut>
</TexturedSurface>
<TexturedSurface Id ="93152">
<Attribut>
<FaceType>Wall</FaceType>
<TextureRatio>2.13399</TextureRatio>
<ImageOrigine>1_6040.tif</ImageOrigine>
<CropImageOrigine>3969 1100 3929 1080
</CropImageOrigine>
</Attribut>
</TexturedSurface>
<TexturedSurface Id ="93155">
<Attribut>
<FaceType>Wall</FaceType>
<TextureRatio>33.922</TextureRatio>
<ImageOrigine>1_6042.tif</ImageOrigine>
<CropImageOrigine>3284 1510 2990 1460
</CropImageOrigine>
</Attribut>
</TexturedSurface>
<TexturedSurface Id ="93158">
<Attribut>
<FaceType>Wall</FaceType>
<TextureRatio>2.34335</TextureRatio>
<ImageOrigine>1_6046.tif</ImageOrigine>
<CropImageOrigine>277 1844 239 1834
</CropImageOrigine>
</Attribut>
</TexturedSurface>
<TexturedSurface Id ="93161">
<Attribut>
<FaceType>Wall</FaceType>
<TextureRatio>31.2558</TextureRatio>
<ImageOrigine>1_6046.tif</ImageOrigine>
<CropImageOrigine>279 1836 239 1834
</CropImageOrigine>
</Attribut>
</TexturedSurface>
<TexturedSurface Id ="93164">
<Attribut>
<FaceType>Wall</FaceType>
<TextureRatio>2.34752</TextureRatio>
<ImageOrigine>1_6046.tif</ImageOrigine>
<CropImageOrigine>279 1835 239 1816
</CropImageOrigine>
</Attribut>
</TexturedSurface>
<TexturedSurface Id ="93167">
<Attribut>
<FaceType>Wall</FaceType>
<TextureRatio>3.05711</TextureRatio>
<ImageOrigine>1_6046.tif</ImageOrigine>
<CropImageOrigine>310 1817 239 1773
</CropImageOrigine>
</Attribut>
</TexturedSurface>
</WallSurface >
</BuildingPart >
</Building >
</CityModel>
</Chantier_Bati3D>
