<Chantier_Bati3D>
<Bbox>
<Xmin>532836.280</Xmin>
<Xmax>532893.970</Xmax>
<Ymin>152302.404</Ymin>
<Ymax>152319.620</Ymax>
<Zmin>397.243</Zmin>
<Zmax>411.300</Zmax>
</Bbox>
<CityModel Id ="80592">
<Building  Id ="82254">
<Attribut>
<centre>532865.125 147410.635</centre>
</Attribut>
<BuildingPart  Id ="82255">
<RoofSurface  Id ="82261">
<TexturedSurface Id ="82262">
<Attribut>
<FaceType>Roof</FaceType>
<TextureRatio>0.999958</TextureRatio>
<ImageOrigine>2_6078.tif</ImageOrigine>
<CropImageOrigine>3905 1577 3509 1441
</CropImageOrigine>
</Attribut>
</TexturedSurface>
</RoofSurface >
<WallSurface  Id ="93213">
<TexturedSurface Id ="93214">
<Attribut>
<FaceType>Wall</FaceType>
<TextureRatio>3.05299</TextureRatio>
<ImageOrigine>2_6078.tif</ImageOrigine>
<CropImageOrigine>3510 1525 3477 1511
</CropImageOrigine>
</Attribut>
</TexturedSurface>
<TexturedSurface Id ="93217">
<Attribut>
<FaceType>Wall</FaceType>
<TextureRatio>3.04951</TextureRatio>
<ImageOrigine>2_6078.tif</ImageOrigine>
<CropImageOrigine>3550 1570 3477 1513
</CropImageOrigine>
</Attribut>
</TexturedSurface>
<TexturedSurface Id ="93220">
<Attribut>
<FaceType>Wall</FaceType>
<TextureRatio>4.40413</TextureRatio>
<ImageOrigine>2_6082.tif</ImageOrigine>
<CropImageOrigine>908 1849 867 1823
</CropImageOrigine>
</Attribut>
</TexturedSurface>
<TexturedSurface Id ="93223">
<Attribut>
<FaceType>Wall</FaceType>
<TextureRatio>7.64903</TextureRatio>
<ImageOrigine>2_6078.tif</ImageOrigine>
<CropImageOrigine>3707 1559 3537 1540
</CropImageOrigine>
</Attribut>
</TexturedSurface>
<TexturedSurface Id ="93226">
<Attribut>
<FaceType>Wall</FaceType>
<TextureRatio>2.80398</TextureRatio>
<ImageOrigine>2_6078.tif</ImageOrigine>
<CropImageOrigine>3712 1565 3671 1548
</CropImageOrigine>
</Attribut>
</TexturedSurface>
<TexturedSurface Id ="93229">
<Attribut>
<FaceType>Wall</FaceType>
<TextureRatio>7.72727</TextureRatio>
<ImageOrigine>2_6078.tif</ImageOrigine>
<CropImageOrigine>3797 1570 3676 1554
</CropImageOrigine>
</Attribut>
</TexturedSurface>
<TexturedSurface Id ="93232">
<Attribut>
<FaceType>Wall</FaceType>
<TextureRatio>5.27275</TextureRatio>
<ImageOrigine>2_6082.tif</ImageOrigine>
<CropImageOrigine>1130 1806 1106 1794
</CropImageOrigine>
</Attribut>
</TexturedSurface>
<TexturedSurface Id ="93235">
<Attribut>
<FaceType>Wall</FaceType>
<TextureRatio>7.64596</TextureRatio>
<ImageOrigine>2_6078.tif</ImageOrigine>
<CropImageOrigine>3840 1566 3766 1554
</CropImageOrigine>
</Attribut>
</TexturedSurface>
<TexturedSurface Id ="93238">
<Attribut>
<FaceType>Wall</FaceType>
<TextureRatio>2.64046</TextureRatio>
<ImageOrigine>2_6078.tif</ImageOrigine>
<CropImageOrigine>3858 1586 3803 1556
</CropImageOrigine>
</Attribut>
</TexturedSurface>
<TexturedSurface Id ="93241">
<Attribut>
<FaceType>Wall</FaceType>
<TextureRatio>4.78879</TextureRatio>
<ImageOrigine>1_6040.tif</ImageOrigine>
<CropImageOrigine>3946 762 3871 698
</CropImageOrigine>
</Attribut>
</TexturedSurface>
<TexturedSurface Id ="93244">
<Attribut>
<FaceType>Wall</FaceType>
<TextureRatio>2.27436</TextureRatio>
<ImageOrigine>1_6040.tif</ImageOrigine>
<CropImageOrigine>3951 799 3871 744
</CropImageOrigine>
</Attribut>
</TexturedSurface>
<TexturedSurface Id ="93247">
<Attribut>
<FaceType>Wall</FaceType>
<TextureRatio>2.13709</TextureRatio>
<ImageOrigine>1_6040.tif</ImageOrigine>
<CropImageOrigine>3952 818 3912 782
</CropImageOrigine>
</Attribut>
</TexturedSurface>
<TexturedSurface Id ="93250">
<Attribut>
<FaceType>Wall</FaceType>
<TextureRatio>6.69068</TextureRatio>
<ImageOrigine>1_6040.tif</ImageOrigine>
<CropImageOrigine>3955 818 3913 801
</CropImageOrigine>
</Attribut>
</TexturedSurface>
<TexturedSurface Id ="93253">
<Attribut>
<FaceType>Wall</FaceType>
<TextureRatio>2.13356</TextureRatio>
<ImageOrigine>1_6040.tif</ImageOrigine>
<CropImageOrigine>3956 827 3917 801
</CropImageOrigine>
</Attribut>
</TexturedSurface>
<TexturedSurface Id ="93256">
<Attribut>
<FaceType>Wall</FaceType>
<TextureRatio>10.8599</TextureRatio>
<ImageOrigine>1_6042.tif</ImageOrigine>
<CropImageOrigine>3246 1243 2952 1186
</CropImageOrigine>
</Attribut>
</TexturedSurface>
<TexturedSurface Id ="93259">
<Attribut>
<FaceType>Wall</FaceType>
<TextureRatio>2.34301</TextureRatio>
<ImageOrigine>1_6046.tif</ImageOrigine>
<CropImageOrigine>242 1585 204 1572
</CropImageOrigine>
</Attribut>
</TexturedSurface>
<TexturedSurface Id ="93262">
<Attribut>
<FaceType>Wall</FaceType>
<TextureRatio>10.6869</TextureRatio>
<ImageOrigine>1_6046.tif</ImageOrigine>
<CropImageOrigine>244 1577 204 1572
</CropImageOrigine>
</Attribut>
</TexturedSurface>
<TexturedSurface Id ="93265">
<Attribut>
<FaceType>Wall</FaceType>
<TextureRatio>2.34709</TextureRatio>
<ImageOrigine>1_6046.tif</ImageOrigine>
<CropImageOrigine>244 1577 204 1553
</CropImageOrigine>
</Attribut>
</TexturedSurface>
<TexturedSurface Id ="93268">
<Attribut>
<FaceType>Wall</FaceType>
<TextureRatio>2.69944</TextureRatio>
<ImageOrigine>1_6046.tif</ImageOrigine>
<CropImageOrigine>275 1558 204 1510
</CropImageOrigine>
</Attribut>
</TexturedSurface>
</WallSurface >
</BuildingPart >
</Building >
</CityModel>
</Chantier_Bati3D>
