<Chantier_Bati3D>
<Bbox>
<Xmin>532749.270</Xmin>
<Xmax>532800.520</Xmax>
<Ymin>152259.200</Ymin>
<Ymax>152276.420</Ymax>
<Zmin>398.834</Zmin>
<Zmax>411.300</Zmax>
</Bbox>
<CityModel Id ="80592">
<Building  Id ="82265">
<Attribut>
<centre>532774.895 147389.035</centre>
</Attribut>
<BuildingPart  Id ="82266">
<RoofSurface  Id ="82272">
<TexturedSurface Id ="82273">
<Attribut>
<FaceType>Roof</FaceType>
<TextureRatio>1.00005</TextureRatio>
<ImageOrigine>2_6082.tif</ImageOrigine>
<CropImageOrigine>1752 1477 1409 1324
</CropImageOrigine>
</Attribut>
</TexturedSurface>
</RoofSurface >
<WallSurface  Id ="93274">
<TexturedSurface Id ="93275">
<Attribut>
<FaceType>Wall</FaceType>
<TextureRatio>2.79631</TextureRatio>
<ImageOrigine>2_6079.tif</ImageOrigine>
<CropImageOrigine>3346 1512 3276 1455
</CropImageOrigine>
</Attribut>
</TexturedSurface>
<TexturedSurface Id ="93278">
<Attribut>
<FaceType>Wall</FaceType>
<TextureRatio>2.51483</TextureRatio>
<ImageOrigine>2_6084.tif</ImageOrigine>
<CropImageOrigine>67 1619 12 1588
</CropImageOrigine>
</Attribut>
</TexturedSurface>
<TexturedSurface Id ="93281">
<Attribut>
<FaceType>Wall</FaceType>
<TextureRatio>6.68288</TextureRatio>
<ImageOrigine>2_6084.tif</ImageOrigine>
<CropImageOrigine>104 1598 29 1584
</CropImageOrigine>
</Attribut>
</TexturedSurface>
<TexturedSurface Id ="93284">
<Attribut>
<FaceType>Wall</FaceType>
<TextureRatio>2.70101</TextureRatio>
<ImageOrigine>2_6079.tif</ImageOrigine>
<CropImageOrigine>3406 1502 3370 1485
</CropImageOrigine>
</Attribut>
</TexturedSurface>
<TexturedSurface Id ="93287">
<Attribut>
<FaceType>Wall</FaceType>
<TextureRatio>6.75073</TextureRatio>
<ImageOrigine>2_6084.tif</ImageOrigine>
<CropImageOrigine>194 1598 74 1579
</CropImageOrigine>
</Attribut>
</TexturedSurface>
<TexturedSurface Id ="93290">
<Attribut>
<FaceType>Wall</FaceType>
<TextureRatio>2.66073</TextureRatio>
<ImageOrigine>2_6084.tif</ImageOrigine>
<CropImageOrigine>199 1588 160 1572
</CropImageOrigine>
</Attribut>
</TexturedSurface>
<TexturedSurface Id ="93293">
<Attribut>
<FaceType>Wall</FaceType>
<TextureRatio>6.67953</TextureRatio>
<ImageOrigine>2_6084.tif</ImageOrigine>
<CropImageOrigine>347 1582 165 1554
</CropImageOrigine>
</Attribut>
</TexturedSurface>
<TexturedSurface Id ="93296">
<Attribut>
<FaceType>Wall</FaceType>
<TextureRatio>2.88144</TextureRatio>
<ImageOrigine>2_6084.tif</ImageOrigine>
<CropImageOrigine>347 1563 310 1494
</CropImageOrigine>
</Attribut>
</TexturedSurface>
<TexturedSurface Id ="93299">
<Attribut>
<FaceType>Wall</FaceType>
<TextureRatio>5.90065</TextureRatio>
<ImageOrigine>1_6040.tif</ImageOrigine>
<CropImageOrigine>3379 1120 3353 1107
</CropImageOrigine>
</Attribut>
</TexturedSurface>
<TexturedSurface Id ="93302">
<Attribut>
<FaceType>Wall</FaceType>
<TextureRatio>2.88847</TextureRatio>
<ImageOrigine>2_6084.tif</ImageOrigine>
<CropImageOrigine>343 1501 310 1465
</CropImageOrigine>
</Attribut>
</TexturedSurface>
<TexturedSurface Id ="93305">
<Attribut>
<FaceType>Wall</FaceType>
<TextureRatio>11.5392</TextureRatio>
<ImageOrigine>1_6040.tif</ImageOrigine>
<CropImageOrigine>3380 1143 3354 1133
</CropImageOrigine>
</Attribut>
</TexturedSurface>
<TexturedSurface Id ="93308">
<Attribut>
<FaceType>Wall</FaceType>
<TextureRatio>2.88378</TextureRatio>
<ImageOrigine>2_6084.tif</ImageOrigine>
<CropImageOrigine>338 1476 307 1455
</CropImageOrigine>
</Attribut>
</TexturedSurface>
<TexturedSurface Id ="93311">
<Attribut>
<FaceType>Wall</FaceType>
<TextureRatio>11.846</TextureRatio>
<ImageOrigine>1_6040.tif</ImageOrigine>
<CropImageOrigine>3657 1152 3357 1117
</CropImageOrigine>
</Attribut>
</TexturedSurface>
<TexturedSurface Id ="93314">
<Attribut>
<FaceType>Wall</FaceType>
<TextureRatio>2.38116</TextureRatio>
<ImageOrigine>1_6045.tif</ImageOrigine>
<CropImageOrigine>356 1954 323 1944
</CropImageOrigine>
</Attribut>
</TexturedSurface>
<TexturedSurface Id ="93317">
<Attribut>
<FaceType>Wall</FaceType>
<TextureRatio>47.7698</TextureRatio>
<ImageOrigine>1_6043.tif</ImageOrigine>
<CropImageOrigine>1901 1830 1890 1827
</CropImageOrigine>
</Attribut>
</TexturedSurface>
<TexturedSurface Id ="93320">
<Attribut>
<FaceType>Wall</FaceType>
<TextureRatio>2.81706</TextureRatio>
<ImageOrigine>2_6079.tif</ImageOrigine>
<CropImageOrigine>3350 1428 3320 1394
</CropImageOrigine>
</Attribut>
</TexturedSurface>
<TexturedSurface Id ="93323">
<Attribut>
<FaceType>Wall</FaceType>
<TextureRatio>3.15101</TextureRatio>
<ImageOrigine>1_6045.tif</ImageOrigine>
<CropImageOrigine>389 1927 324 1883
</CropImageOrigine>
</Attribut>
</TexturedSurface>
</WallSurface >
</BuildingPart >
</Building >
</CityModel>
</Chantier_Bati3D>
