<Chantier_Bati3D>
<Bbox>
<Xmin>533131.530</Xmin>
<Xmax>533153.250</Xmax>
<Ymin>152634.040</Ymin>
<Ymax>152640.140</Ymax>
<Zmin>395.549</Zmin>
<Zmax>400.090</Zmax>
</Bbox>
<CityModel Id ="80592">
<Building  Id ="82276">
<Attribut>
<centre>533142.390 147570.895</centre>
</Attribut>
<BuildingPart  Id ="82277">
<RoofSurface  Id ="82283">
<TexturedSurface Id ="82284">
<Attribut>
<FaceType>Roof</FaceType>
<TextureRatio>0.999934</TextureRatio>
<ImageOrigine>3_6096.tif</ImageOrigine>
<CropImageOrigine>1349 2782 1196 2719
</CropImageOrigine>
</Attribut>
</TexturedSurface>
</RoofSurface >
<WallSurface  Id ="93329">
<TexturedSurface Id ="93330">
<Attribut>
<FaceType>Wall</FaceType>
</Attribut>
</TexturedSurface>
<TexturedSurface Id ="93333">
<Attribut>
<FaceType>Wall</FaceType>
<TextureRatio>4.16246</TextureRatio>
<ImageOrigine>3_6093.tif</ImageOrigine>
<CropImageOrigine>3288 2535 3273 2489
</CropImageOrigine>
</Attribut>
</TexturedSurface>
<TexturedSurface Id ="93336">
<Attribut>
<FaceType>Wall</FaceType>
</Attribut>
</TexturedSurface>
<TexturedSurface Id ="93339">
<Attribut>
<FaceType>Wall</FaceType>
<TextureRatio>2.36153</TextureRatio>
<ImageOrigine>2_6074.tif</ImageOrigine>
<CropImageOrigine>3537 2980 3524 2934
</CropImageOrigine>
</Attribut>
</TexturedSurface>
</WallSurface >
</BuildingPart >
</Building >
</CityModel>
</Chantier_Bati3D>
