<Chantier_Bati3D>
<Bbox>
<Xmin>533130.360</Xmin>
<Xmax>533154.321</Xmax>
<Ymin>152623.061</Ymin>
<Ymax>152634.040</Ymax>
<Zmin>395.525</Zmin>
<Zmax>406.840</Zmax>
</Bbox>
<CityModel Id ="80592">
<Building  Id ="82287">
<Attribut>
<centre>533142.341 147567.845</centre>
</Attribut>
<BuildingPart  Id ="82288">
<RoofSurface  Id ="82294">
<TexturedSurface Id ="82295">
<Attribut>
<FaceType>Roof</FaceType>
<TextureRatio>0.999847</TextureRatio>
<ImageOrigine>2_6079.tif</ImageOrigine>
<CropImageOrigine>950 3826 782 3746
</CropImageOrigine>
</Attribut>
</TexturedSurface>
</RoofSurface >
<WallSurface  Id ="93345">
<TexturedSurface Id ="93346">
<Attribut>
<FaceType>Wall</FaceType>
<TextureRatio>2.16424</TextureRatio>
<ImageOrigine>2_6074.tif</ImageOrigine>
<CropImageOrigine>3553 2925 3519 2903
</CropImageOrigine>
</Attribut>
</TexturedSurface>
<TexturedSurface Id ="93349">
<Attribut>
<FaceType>Wall</FaceType>
<TextureRatio>2.3582</TextureRatio>
<ImageOrigine>2_6074.tif</ImageOrigine>
<CropImageOrigine>3549 2926 3519 2907
</CropImageOrigine>
</Attribut>
</TexturedSurface>
<TexturedSurface Id ="93352">
<Attribut>
<FaceType>Wall</FaceType>
<TextureRatio>2.56317</TextureRatio>
<ImageOrigine>3_6097.tif</ImageOrigine>
<CropImageOrigine>637 2594 605 2573
</CropImageOrigine>
</Attribut>
</TexturedSurface>
<TexturedSurface Id ="93355">
<Attribut>
<FaceType>Wall</FaceType>
<TextureRatio>2.35241</TextureRatio>
<ImageOrigine>2_6074.tif</ImageOrigine>
<CropImageOrigine>3553 2952 3522 2913
</CropImageOrigine>
</Attribut>
</TexturedSurface>
<TexturedSurface Id ="93358">
<Attribut>
<FaceType>Wall</FaceType>
<TextureRatio>4.33972</TextureRatio>
<ImageOrigine>3_6093.tif</ImageOrigine>
<CropImageOrigine>3448 2527 3375 2503
</CropImageOrigine>
</Attribut>
</TexturedSurface>
<TexturedSurface Id ="93361">
<Attribut>
<FaceType>Wall</FaceType>
<TextureRatio>3.77782</TextureRatio>
<ImageOrigine>3_6093.tif</ImageOrigine>
<CropImageOrigine>3400 2534 3375 2512
</CropImageOrigine>
</Attribut>
</TexturedSurface>
<TexturedSurface Id ="93364">
<Attribut>
<FaceType>Wall</FaceType>
</Attribut>
</TexturedSurface>
<TexturedSurface Id ="93367">
<Attribut>
<FaceType>Wall</FaceType>
</Attribut>
</TexturedSurface>
<TexturedSurface Id ="93370">
<Attribut>
<FaceType>Wall</FaceType>
</Attribut>
</TexturedSurface>
<TexturedSurface Id ="93373">
<Attribut>
<FaceType>Wall</FaceType>
</Attribut>
</TexturedSurface>
<TexturedSurface Id ="93376">
<Attribut>
<FaceType>Wall</FaceType>
</Attribut>
</TexturedSurface>
<TexturedSurface Id ="93379">
<Attribut>
<FaceType>Wall</FaceType>
<TextureRatio>2.70897</TextureRatio>
<ImageOrigine>3_6097.tif</ImageOrigine>
<CropImageOrigine>531 2576 503 2553
</CropImageOrigine>
</Attribut>
</TexturedSurface>
<TexturedSurface Id ="93382">
<Attribut>
<FaceType>Wall</FaceType>
<TextureRatio>4.3393</TextureRatio>
<ImageOrigine>3_6093.tif</ImageOrigine>
<CropImageOrigine>3348 2543 3277 2520
</CropImageOrigine>
</Attribut>
</TexturedSurface>
<TexturedSurface Id ="93385">
<Attribut>
<FaceType>Wall</FaceType>
<TextureRatio>4.14989</TextureRatio>
<ImageOrigine>3_6093.tif</ImageOrigine>
<CropImageOrigine>3301 2565 3277 2529
</CropImageOrigine>
</Attribut>
</TexturedSurface>
<TexturedSurface Id ="93388">
<Attribut>
<FaceType>Wall</FaceType>
<TextureRatio>2.96694</TextureRatio>
<ImageOrigine>3_6093.tif</ImageOrigine>
<CropImageOrigine>3300 2571 3276 2550
</CropImageOrigine>
</Attribut>
</TexturedSurface>
<TexturedSurface Id ="93391">
<Attribut>
<FaceType>Wall</FaceType>
<TextureRatio>2.39863</TextureRatio>
<ImageOrigine>2_6079.tif</ImageOrigine>
<CropImageOrigine>965 3797 944 3761
</CropImageOrigine>
</Attribut>
</TexturedSurface>
<TexturedSurface Id ="93394">
<Attribut>
<FaceType>Wall</FaceType>
<TextureRatio>4.14987</TextureRatio>
<ImageOrigine>3_6093.tif</ImageOrigine>
<CropImageOrigine>3309 2615 3282 2561
</CropImageOrigine>
</Attribut>
</TexturedSurface>
<TexturedSurface Id ="93397">
<Attribut>
<FaceType>Wall</FaceType>
<TextureRatio>2.36689</TextureRatio>
<ImageOrigine>2_6079.tif</ImageOrigine>
<CropImageOrigine>962 3751 942 3720
</CropImageOrigine>
</Attribut>
</TexturedSurface>
<TexturedSurface Id ="93400">
<Attribut>
<FaceType>Wall</FaceType>
<TextureRatio>2.51096</TextureRatio>
<ImageOrigine>2_6079.tif</ImageOrigine>
<CropImageOrigine>958 3750 789 3716
</CropImageOrigine>
</Attribut>
</TexturedSurface>
<TexturedSurface Id ="93403">
<Attribut>
<FaceType>Wall</FaceType>
<TextureRatio>2.35246</TextureRatio>
<ImageOrigine>2_6074.tif</ImageOrigine>
<CropImageOrigine>3554 2920 3523 2865
</CropImageOrigine>
</Attribut>
</TexturedSurface>
</WallSurface >
</BuildingPart >
</Building >
</CityModel>
</Chantier_Bati3D>
