<Chantier_Bati3D>
<Bbox>
<Xmin>533130.920</Xmin>
<Xmax>533153.880</Xmax>
<Ymin>152640.140</Ymin>
<Ymax>152663.080</Ymax>
<Zmin>395.549</Zmin>
<Zmax>403.620</Zmax>
</Bbox>
<CityModel Id ="80592">
<Building  Id ="82298">
<Attribut>
<centre>533142.400 147582.365</centre>
</Attribut>
<BuildingPart  Id ="82299">
<RoofSurface  Id ="82305">
<TexturedSurface Id ="82306">
<Attribut>
<FaceType>Roof</FaceType>
<TextureRatio>0.999809</TextureRatio>
<ImageOrigine>2_6079.tif</ImageOrigine>
<CropImageOrigine>947 4015 779 3853
</CropImageOrigine>
</Attribut>
</TexturedSurface>
</RoofSurface >
<WallSurface  Id ="93409">
<TexturedSurface Id ="93410">
<Attribut>
<FaceType>Wall</FaceType>
<TextureRatio>4.16725</TextureRatio>
<ImageOrigine>3_6093.tif</ImageOrigine>
<CropImageOrigine>3284 2500 3246 2340
</CropImageOrigine>
</Attribut>
</TexturedSurface>
<TexturedSurface Id ="93413">
<Attribut>
<FaceType>Wall</FaceType>
<TextureRatio>2.35321</TextureRatio>
<ImageOrigine>2_6079.tif</ImageOrigine>
<CropImageOrigine>958 3858 787 3830
</CropImageOrigine>
</Attribut>
</TexturedSurface>
<TexturedSurface Id ="93416">
<Attribut>
<FaceType>Wall</FaceType>
<TextureRatio>2.36039</TextureRatio>
<ImageOrigine>2_6074.tif</ImageOrigine>
<CropImageOrigine>3541 3131 3516 2972
</CropImageOrigine>
</Attribut>
</TexturedSurface>
<TexturedSurface Id ="93419">
<Attribut>
<FaceType>Wall</FaceType>
<TextureRatio>5.44161</TextureRatio>
<ImageOrigine>3_6093.tif</ImageOrigine>
<CropImageOrigine>3414 2348 3246 2314
</CropImageOrigine>
</Attribut>
</TexturedSurface>
</WallSurface >
</BuildingPart >
</Building >
</CityModel>
</Chantier_Bati3D>
