<Chantier_Bati3D>
<Bbox>
<Xmin>533138.700</Xmin>
<Xmax>533146.100</Xmax>
<Ymin>152629.070</Ymin>
<Ymax>152634.040</Ymax>
<Zmin>395.652</Zmin>
<Zmax>409.950</Zmax>
</Bbox>
<CityModel Id ="80592">
<Building  Id ="82309">
<Attribut>
<centre>533142.400 147567.845</centre>
</Attribut>
<BuildingPart  Id ="82310">
<RoofSurface  Id ="82316">
<TexturedSurface Id ="82317">
<Attribut>
<FaceType>Roof</FaceType>
<TextureRatio>0.99987</TextureRatio>
<ImageOrigine>2_6079.tif</ImageOrigine>
<CropImageOrigine>886 3834 833 3797
</CropImageOrigine>
</Attribut>
</TexturedSurface>
</RoofSurface >
<WallSurface  Id ="93425">
<TexturedSurface Id ="93426">
<Attribut>
<FaceType>Wall</FaceType>
<TextureRatio>2.32184</TextureRatio>
<ImageOrigine>2_6079.tif</ImageOrigine>
<CropImageOrigine>907 3825 878 3778
</CropImageOrigine>
</Attribut>
</TexturedSurface>
<TexturedSurface Id ="93429">
<Attribut>
<FaceType>Wall</FaceType>
<TextureRatio>3.91661</TextureRatio>
<ImageOrigine>3_6093.tif</ImageOrigine>
<CropImageOrigine>3367 2571 3336 2533
</CropImageOrigine>
</Attribut>
</TexturedSurface>
<TexturedSurface Id ="93432">
<Attribut>
<FaceType>Wall</FaceType>
<TextureRatio>2.44159</TextureRatio>
<ImageOrigine>2_6079.tif</ImageOrigine>
<CropImageOrigine>901 3798 842 3758
</CropImageOrigine>
</Attribut>
</TexturedSurface>
<TexturedSurface Id ="93435">
<Attribut>
<FaceType>Wall</FaceType>
<TextureRatio>2.27508</TextureRatio>
<ImageOrigine>2_6074.tif</ImageOrigine>
<CropImageOrigine>3616 2943 3576 2903
</CropImageOrigine>
</Attribut>
</TexturedSurface>
<TexturedSurface Id ="93438">
<Attribut>
<FaceType>Wall</FaceType>
<TextureRatio>2.10593</TextureRatio>
<ImageOrigine>2_6074.tif</ImageOrigine>
<CropImageOrigine>3615 2950 3569 2921
</CropImageOrigine>
</Attribut>
</TexturedSurface>
<TexturedSurface Id ="93441">
<Attribut>
<FaceType>Wall</FaceType>
<TextureRatio>2.79253</TextureRatio>
<ImageOrigine>3_6097.tif</ImageOrigine>
<CropImageOrigine>581 2579 545 2552
</CropImageOrigine>
</Attribut>
</TexturedSurface>
<TexturedSurface Id ="93444">
<Attribut>
<FaceType>Wall</FaceType>
<TextureRatio>4.32835</TextureRatio>
<ImageOrigine>3_6093.tif</ImageOrigine>
<CropImageOrigine>3404 2539 3326 2512
</CropImageOrigine>
</Attribut>
</TexturedSurface>
<TexturedSurface Id ="93447">
<Attribut>
<FaceType>Wall</FaceType>
<TextureRatio>3.94325</TextureRatio>
<ImageOrigine>3_6093.tif</ImageOrigine>
<CropImageOrigine>3356 2546 3326 2520
</CropImageOrigine>
</Attribut>
</TexturedSurface>
</WallSurface >
</BuildingPart >
</Building >
</CityModel>
</Chantier_Bati3D>
