<Chantier_Bati3D>
<Bbox>
<Xmin>533276.650</Xmin>
<Xmax>533282.840</Xmax>
<Ymin>152758.790</Ymin>
<Ymax>152771.660</Ymax>
<Zmin>3.500</Zmin>
<Zmax>3.500</Zmax>
</Bbox>
<CityModel Id ="80592">
<Building  Id ="82320">
<Attribut>
<centre>533279.745 147636.655</centre>
</Attribut>
<BuildingPart  Id ="82321">
<RoofSurface  Id ="82327">
<TexturedSurface Id ="82328">
<Attribut>
<FaceType>Roof</FaceType>
<TextureRatio>0.999996</TextureRatio>
<ImageOrigine>4_6126.tif</ImageOrigine>
<CropImageOrigine>277 876 243 820
</CropImageOrigine>
</Attribut>
</TexturedSurface>
</RoofSurface >
</BuildingPart >
</Building >
</CityModel>
</Chantier_Bati3D>
