<Chantier_Bati3D>
<Bbox>
<Xmin>532865.555</Xmin>
<Xmax>532888.040</Xmax>
<Ymin>152446.350</Ymin>
<Ymax>152496.120</Ymax>
<Zmin>395.700</Zmin>
<Zmax>395.700</Zmax>
</Bbox>
<CityModel Id ="80592">
<Building  Id ="82331">
<Attribut>
<centre>532876.798 147498.885</centre>
</Attribut>
<BuildingPart  Id ="82332">
<RoofSurface  Id ="82338">
<TexturedSurface Id ="82339">
<Attribut>
<FaceType>Roof</FaceType>
<TextureRatio>1.00016</TextureRatio>
<ImageOrigine>1_6045.tif</ImageOrigine>
<CropImageOrigine>779 784 625 464
</CropImageOrigine>
</Attribut>
</TexturedSurface>
</RoofSurface >
</BuildingPart >
</Building >
</CityModel>
</Chantier_Bati3D>
