<Chantier_Bati3D>
<Bbox>
<Xmin>532888.040</Xmin>
<Xmax>532958.873</Xmax>
<Ymin>152458.460</Ymin>
<Ymax>152488.175</Ymax>
<Zmin>395.700</Zmin>
<Zmax>395.700</Zmax>
</Bbox>
<CityModel Id ="80592">
<Building  Id ="82342">
<Attribut>
<centre>532923.456 147494.912</centre>
</Attribut>
<BuildingPart  Id ="82343">
<RoofSurface  Id ="82349">
<TexturedSurface Id ="82350">
<Attribut>
<FaceType>Roof</FaceType>
<TextureRatio>0.997691</TextureRatio>
<ImageOrigine>3_6094.tif</ImageOrigine>
<CropImageOrigine>1420 3937 953 3694
</CropImageOrigine>
</Attribut>
</TexturedSurface>
</RoofSurface >
</BuildingPart >
</Building >
</CityModel>
</Chantier_Bati3D>
