<Chantier_Bati3D>
<Bbox>
<Xmin>532818.190</Xmin>
<Xmax>532871.905</Xmax>
<Ymin>152471.720</Ymin>
<Ymax>152492.055</Ymax>
<Zmin>395.700</Zmin>
<Zmax>395.700</Zmax>
</Bbox>
<CityModel Id ="80592">
<Building  Id ="82353">
<Attribut>
<centre>532845.047 147496.852</centre>
</Attribut>
<BuildingPart  Id ="82354">
<RoofSurface  Id ="82360">
<TexturedSurface Id ="82361">
<Attribut>
<FaceType>Roof</FaceType>
<TextureRatio>0.999955</TextureRatio>
<ImageOrigine>3_6091.tif</ImageOrigine>
<CropImageOrigine>2842 3988 2472 3830
</CropImageOrigine>
</Attribut>
</TexturedSurface>
</RoofSurface >
</BuildingPart >
</Building >
</CityModel>
</Chantier_Bati3D>
