<Chantier_Bati3D>
<Bbox>
<Xmin>532742.808</Xmin>
<Xmax>532868.205</Xmax>
<Ymin>152446.350</Ymin>
<Ymax>152471.710</Ymax>
<Zmin>395.700</Zmin>
<Zmax>395.700</Zmax>
</Bbox>
<CityModel Id ="80592">
<Building  Id ="82364">
<Attribut>
<centre>532805.507 147486.680</centre>
</Attribut>
<BuildingPart  Id ="82365">
<RoofSurface  Id ="82371">
<TexturedSurface Id ="82372">
<Attribut>
<FaceType>Roof</FaceType>
</Attribut>
<subnode Id ="82370-0">
<Attribut>
<Part>0</Part>
<TextureRatio>0.999589</TextureRatio>
<ImageOrigine>1_6042.tif</ImageOrigine>
<CropImageOrigine>2868 452 2197 173
</CropImageOrigine>
</Attribut>
</subnode>
<subnode Id ="82370-1">
<Attribut>
<Part>1</Part>
<TextureRatio>0.999679</TextureRatio>
<ImageOrigine>1_6042.tif</ImageOrigine>
<CropImageOrigine>2971 335 2844 156
</CropImageOrigine>
</Attribut>
</subnode>
</TexturedSurface>
</RoofSurface >
</BuildingPart >
</Building >
</CityModel>
</Chantier_Bati3D>
