<Chantier_Bati3D>
<Bbox>
<Xmin>532850.640</Xmin>
<Xmax>532858.160</Xmax>
<Ymin>152454.045</Ymin>
<Ymax>152464.015</Ymax>
<Zmin>395.700</Zmin>
<Zmax>395.700</Zmax>
</Bbox>
<CityModel Id ="80592">
<Building  Id ="82375">
<Attribut>
<centre>532854.400 147482.832</centre>
</Attribut>
<BuildingPart  Id ="82376">
<RoofSurface  Id ="82382">
<TexturedSurface Id ="82383">
<Attribut>
<FaceType>Roof</FaceType>
<TextureRatio>1</TextureRatio>
<ImageOrigine>ortho3.TIF</ImageOrigine>
<CropImageOrigine>2288 5300 2237 5233
</CropImageOrigine>
</Attribut>
</TexturedSurface>
</RoofSurface >
</BuildingPart >
</Building >
</CityModel>
</Chantier_Bati3D>
