<Chantier_Bati3D>
<Bbox>
<Xmin>533074.360</Xmin>
<Xmax>533088.040</Xmax>
<Ymin>152554.760</Ymin>
<Ymax>152561.960</Ymax>
<Zmin>396.156</Zmin>
<Zmax>399.600</Zmax>
</Bbox>
<CityModel Id ="80592">
<Building  Id ="82386">
<Attribut>
<centre>533081.200 147531.805</centre>
</Attribut>
<BuildingPart  Id ="82387">
<RoofSurface  Id ="82393">
<TexturedSurface Id ="82394">
<Attribut>
<FaceType>Roof</FaceType>
<TextureRatio>0.999884</TextureRatio>
<ImageOrigine>3_6094.tif</ImageOrigine>
<CropImageOrigine>2201 3190 2105 3132
</CropImageOrigine>
</Attribut>
</TexturedSurface>
</RoofSurface >
<WallSurface  Id ="93483">
<TexturedSurface Id ="93484">
<Attribut>
<FaceType>Wall</FaceType>
</Attribut>
</TexturedSurface>
<TexturedSurface Id ="93487">
<Attribut>
<FaceType>Wall</FaceType>
</Attribut>
</TexturedSurface>
<TexturedSurface Id ="93490">
<Attribut>
<FaceType>Wall</FaceType>
</Attribut>
</TexturedSurface>
<TexturedSurface Id ="93493">
<Attribut>
<FaceType>Wall</FaceType>
<TextureRatio>3.00064</TextureRatio>
<ImageOrigine>3_6094.tif</ImageOrigine>
<CropImageOrigine>2195 3144 2104 3125
</CropImageOrigine>
</Attribut>
</TexturedSurface>
</WallSurface >
</BuildingPart >
</Building >
</CityModel>
</Chantier_Bati3D>
