<Chantier_Bati3D>
<Bbox>
<Xmin>533045.560</Xmin>
<Xmax>533059.240</Xmax>
<Ymin>152554.760</Ymin>
<Ymax>152561.960</Ymax>
<Zmin>396.482</Zmin>
<Zmax>399.600</Zmax>
</Bbox>
<CityModel Id ="80592">
<Building  Id ="82397">
<Attribut>
<centre>533052.400 147531.805</centre>
</Attribut>
<BuildingPart  Id ="82398">
<RoofSurface  Id ="82404">
<TexturedSurface Id ="82405">
<Attribut>
<FaceType>Roof</FaceType>
<TextureRatio>0.999896</TextureRatio>
<ImageOrigine>3_6094.tif</ImageOrigine>
<CropImageOrigine>2012 3210 1915 3155
</CropImageOrigine>
</Attribut>
</TexturedSurface>
</RoofSurface >
<WallSurface  Id ="93499">
<TexturedSurface Id ="93500">
<Attribut>
<FaceType>Wall</FaceType>
<TextureRatio>2.83828</TextureRatio>
<ImageOrigine>3_6091.tif</ImageOrigine>
<CropImageOrigine>3991 3192 3892 3172
</CropImageOrigine>
</Attribut>
</TexturedSurface>
<TexturedSurface Id ="93503">
<Attribut>
<FaceType>Wall</FaceType>
<TextureRatio>2.67592</TextureRatio>
<ImageOrigine>3_6091.tif</ImageOrigine>
<CropImageOrigine>3908 3236 3892 3186
</CropImageOrigine>
</Attribut>
</TexturedSurface>
<TexturedSurface Id ="93506">
<Attribut>
<FaceType>Wall</FaceType>
</Attribut>
</TexturedSurface>
<TexturedSurface Id ="93509">
<Attribut>
<FaceType>Wall</FaceType>
</Attribut>
</TexturedSurface>
<TexturedSurface Id ="93512">
<Attribut>
<FaceType>Wall</FaceType>
</Attribut>
</TexturedSurface>
<TexturedSurface Id ="93515">
<Attribut>
<FaceType>Wall</FaceType>
</Attribut>
</TexturedSurface>
</WallSurface >
</BuildingPart >
</Building >
</CityModel>
</Chantier_Bati3D>
