<Chantier_Bati3D>
<Bbox>
<Xmin>533045.560</Xmin>
<Xmax>533059.240</Xmax>
<Ymin>152532.440</Ymin>
<Ymax>152539.070</Ymax>
<Zmin>396.353</Zmin>
<Zmax>399.600</Zmax>
</Bbox>
<CityModel Id ="80592">
<Building  Id ="82408">
<Attribut>
<centre>533052.400 147520.360</centre>
</Attribut>
<BuildingPart  Id ="82409">
<RoofSurface  Id ="82415">
<TexturedSurface Id ="82416">
<Attribut>
<FaceType>Roof</FaceType>
<TextureRatio>1.00007</TextureRatio>
<ImageOrigine>2_6079.tif</ImageOrigine>
<CropImageOrigine>1571 3182 1477 3133
</CropImageOrigine>
</Attribut>
</TexturedSurface>
</RoofSurface >
<WallSurface  Id ="93521">
<TexturedSurface Id ="93522">
<Attribut>
<FaceType>Wall</FaceType>
</Attribut>
</TexturedSurface>
<TexturedSurface Id ="93525">
<Attribut>
<FaceType>Wall</FaceType>
</Attribut>
</TexturedSurface>
<TexturedSurface Id ="93528">
<Attribut>
<FaceType>Wall</FaceType>
<TextureRatio>2.30393</TextureRatio>
<ImageOrigine>1_6048.tif</ImageOrigine>
<CropImageOrigine>202 165 108 148
</CropImageOrigine>
</Attribut>
</TexturedSurface>
<TexturedSurface Id ="93531">
<Attribut>
<FaceType>Wall</FaceType>
<TextureRatio>5.55846</TextureRatio>
<ImageOrigine>1_6046.tif</ImageOrigine>
<CropImageOrigine>1103 60 1096 44
</CropImageOrigine>
</Attribut>
</TexturedSurface>
<TexturedSurface Id ="93534">
<Attribut>
<FaceType>Wall</FaceType>
</Attribut>
</TexturedSurface>
<TexturedSurface Id ="93537">
<Attribut>
<FaceType>Wall</FaceType>
</Attribut>
</TexturedSurface>
</WallSurface >
</BuildingPart >
</Building >
</CityModel>
</Chantier_Bati3D>
