<Chantier_Bati3D>
<Bbox>
<Xmin>533074.360</Xmin>
<Xmax>533088.040</Xmax>
<Ymin>152532.440</Ymin>
<Ymax>152539.070</Ymax>
<Zmin>396.056</Zmin>
<Zmax>399.600</Zmax>
</Bbox>
<CityModel Id ="80592">
<Building  Id ="82419">
<Attribut>
<centre>533081.200 147520.360</centre>
</Attribut>
<BuildingPart  Id ="82420">
<RoofSurface  Id ="82426">
<TexturedSurface Id ="82427">
<Attribut>
<FaceType>Roof</FaceType>
<TextureRatio>0.999999</TextureRatio>
<ImageOrigine>2_6078.tif</ImageOrigine>
<CropImageOrigine>2188 2963 2093 2912
</CropImageOrigine>
</Attribut>
</TexturedSurface>
</RoofSurface >
<WallSurface  Id ="93543">
<TexturedSurface Id ="93544">
<Attribut>
<FaceType>Wall</FaceType>
</Attribut>
</TexturedSurface>
<TexturedSurface Id ="93547">
<Attribut>
<FaceType>Wall</FaceType>
</Attribut>
</TexturedSurface>
<TexturedSurface Id ="93550">
<Attribut>
<FaceType>Wall</FaceType>
</Attribut>
</TexturedSurface>
<TexturedSurface Id ="93553">
<Attribut>
<FaceType>Wall</FaceType>
</Attribut>
</TexturedSurface>
<TexturedSurface Id ="93556">
<Attribut>
<FaceType>Wall</FaceType>
<TextureRatio>2.44473</TextureRatio>
<ImageOrigine>1_6045.tif</ImageOrigine>
<CropImageOrigine>1918 105 1832 86
</CropImageOrigine>
</Attribut>
</TexturedSurface>
<TexturedSurface Id ="93559">
<Attribut>
<FaceType>Wall</FaceType>
</Attribut>
</TexturedSurface>
</WallSurface >
</BuildingPart >
</Building >
</CityModel>
</Chantier_Bati3D>
