<Chantier_Bati3D>
<Bbox>
<Xmin>533037.640</Xmin>
<Xmax>533059.960</Xmax>
<Ymin>152770.040</Ymin>
<Ymax>152792.360</Ymax>
<Zmin>397.708</Zmin>
<Zmax>403.500</Zmax>
</Bbox>
<CityModel Id ="80592">
<Building  Id ="82441">
<Attribut>
<centre>533048.800 147647.005</centre>
</Attribut>
<BuildingPart  Id ="82442">
<RoofSurface  Id ="82448">
<TexturedSurface Id ="82449">
<Attribut>
<FaceType>Roof</FaceType>
<TextureRatio>0.99989</TextureRatio>
<ImageOrigine>3_6096.tif</ImageOrigine>
<CropImageOrigine>558 1972 378 1795
</CropImageOrigine>
</Attribut>
</TexturedSurface>
</RoofSurface >
<WallSurface  Id ="93683">
<TexturedSurface Id ="93684">
<Attribut>
<FaceType>Wall</FaceType>
<TextureRatio>2.04245</TextureRatio>
<ImageOrigine>4_6126.tif</ImageOrigine>
<CropImageOrigine>858 88 695 49
</CropImageOrigine>
</Attribut>
</TexturedSurface>
<TexturedSurface Id ="93687">
<Attribut>
<FaceType>Wall</FaceType>
<TextureRatio>2.75582</TextureRatio>
<ImageOrigine>3_6091.tif</ImageOrigine>
<CropImageOrigine>3656 1833 3620 1682
</CropImageOrigine>
</Attribut>
</TexturedSurface>
<TexturedSurface Id ="93690">
<Attribut>
<FaceType>Wall</FaceType>
<TextureRatio>67.452</TextureRatio>
<ImageOrigine>3_6096.tif</ImageOrigine>
<CropImageOrigine>572 1971 405 1946
</CropImageOrigine>
</Attribut>
</TexturedSurface>
<TexturedSurface Id ="93693">
<Attribut>
<FaceType>Wall</FaceType>
<TextureRatio>2.91518</TextureRatio>
<ImageOrigine>3_6096.tif</ImageOrigine>
<CropImageOrigine>572 1948 530 1795
</CropImageOrigine>
</Attribut>
</TexturedSurface>
</WallSurface >
</BuildingPart >
</Building >
</CityModel>
</Chantier_Bati3D>
