<Chantier_Bati3D>
<Bbox>
<Xmin>533030.440</Xmin>
<Xmax>533074.360</Xmax>
<Ymin>152618.840</Ymin>
<Ymax>152662.760</Ymax>
<Zmin>396.638</Zmin>
<Zmax>407.400</Zmax>
</Bbox>
<CityModel Id ="80592">
<Building  Id ="82452">
<Attribut>
<centre>533052.400 147582.205</centre>
</Attribut>
<BuildingPart  Id ="82453">
<RoofSurface  Id ="82459">
<TexturedSurface Id ="82460">
<Attribut>
<FaceType>Roof</FaceType>
<TextureRatio>0.999855</TextureRatio>
<ImageOrigine>2_6079.tif</ImageOrigine>
<CropImageOrigine>1642 4043 1324 3734
</CropImageOrigine>
</Attribut>
</TexturedSurface>
</RoofSurface >
<WallSurface  Id ="93699">
<TexturedSurface Id ="93700">
<Attribut>
<FaceType>Wall</FaceType>
<TextureRatio>2.11153</TextureRatio>
<ImageOrigine>3_6097.tif</ImageOrigine>
<CropImageOrigine>103 2677 53 2370
</CropImageOrigine>
</Attribut>
</TexturedSurface>
<TexturedSurface Id ="93703">
<Attribut>
<FaceType>Wall</FaceType>
<TextureRatio>5.10035</TextureRatio>
<ImageOrigine>3_6091.tif</ImageOrigine>
<CropImageOrigine>4017 2555 3697 2499
</CropImageOrigine>
</Attribut>
</TexturedSurface>
<TexturedSurface Id ="93706">
<Attribut>
<FaceType>Wall</FaceType>
<TextureRatio>2.83724</TextureRatio>
<ImageOrigine>3_6091.tif</ImageOrigine>
<CropImageOrigine>3766 2846 3697 2544
</CropImageOrigine>
</Attribut>
</TexturedSurface>
<TexturedSurface Id ="93709">
<Attribut>
<FaceType>Wall</FaceType>
<TextureRatio>2.54536</TextureRatio>
<ImageOrigine>2_6079.tif</ImageOrigine>
<CropImageOrigine>1645 3742 1340 3705
</CropImageOrigine>
</Attribut>
</TexturedSurface>
</WallSurface >
</BuildingPart >
</Building >
</CityModel>
</Chantier_Bati3D>
