<Chantier_Bati3D>
<Bbox>
<Xmin>532994.440</Xmin>
<Xmax>533110.360</Xmax>
<Ymin>152510.273</Ymin>
<Ymax>152594.225</Ymax>
<Zmin>395.843</Zmin>
<Zmax>407.400</Zmax>
</Bbox>
<CityModel Id ="80592">
<Building  Id ="82463">
<Attribut>
<centre>533052.400 147547.937</centre>
</Attribut>
<BuildingPart  Id ="82464">
<WallSurface  Id ="93715">
<TexturedSurface Id ="93803">
<Attribut>
<FaceType>Wall</FaceType>
<TextureRatio>2.30209</TextureRatio>
<ImageOrigine>1_6048.tif</ImageOrigine>
<CropImageOrigine>118 162 80 91
</CropImageOrigine>
</Attribut>
</TexturedSurface>
<TexturedSurface Id ="93806">
<Attribut>
<FaceType>Wall</FaceType>
</Attribut>
</TexturedSurface>
<TexturedSurface Id ="93809">
<Attribut>
<FaceType>Wall</FaceType>
<TextureRatio>2.93995</TextureRatio>
<ImageOrigine>2_6081.tif</ImageOrigine>
<CropImageOrigine>815 3822 785 3746
</CropImageOrigine>
</Attribut>
</TexturedSurface>
<TexturedSurface Id ="93812">
<Attribut>
<FaceType>Wall</FaceType>
<TextureRatio>2.29099</TextureRatio>
<ImageOrigine>1_6048.tif</ImageOrigine>
<CropImageOrigine>294 157 170 119
</CropImageOrigine>
</Attribut>
</TexturedSurface>
<TexturedSurface Id ="93815">
<Attribut>
<FaceType>Wall</FaceType>
<TextureRatio>1.82509</TextureRatio>
<ImageOrigine>2_6074.tif</ImageOrigine>
<CropImageOrigine>4067 2354 4028 2301
</CropImageOrigine>
</Attribut>
</TexturedSurface>
<TexturedSurface Id ="93818">
<Attribut>
<FaceType>Wall</FaceType>
</Attribut>
</TexturedSurface>
<TexturedSurface Id ="93821">
<Attribut>
<FaceType>Wall</FaceType>
<TextureRatio>2.59538</TextureRatio>
<ImageOrigine>2_6081.tif</ImageOrigine>
<CropImageOrigine>624 3854 577 3688
</CropImageOrigine>
</Attribut>
</TexturedSurface>
<TexturedSurface Id ="93824">
<Attribut>
<FaceType>Wall</FaceType>
</Attribut>
</TexturedSurface>
<TexturedSurface Id ="93827">
<Attribut>
<FaceType>Wall</FaceType>
</Attribut>
</TexturedSurface>
<TexturedSurface Id ="93830">
<Attribut>
<FaceType>Wall</FaceType>
</Attribut>
</TexturedSurface>
<TexturedSurface Id ="93833">
<Attribut>
<FaceType>Wall</FaceType>
</Attribut>
</TexturedSurface>
<TexturedSurface Id ="93836">
<Attribut>
<FaceType>Wall</FaceType>
</Attribut>
</TexturedSurface>
<TexturedSurface Id ="93839">
<Attribut>
<FaceType>Wall</FaceType>
</Attribut>
</TexturedSurface>
<TexturedSurface Id ="93842">
<Attribut>
<FaceType>Wall</FaceType>
</Attribut>
</TexturedSurface>
<TexturedSurface Id ="93845">
<Attribut>
<FaceType>Wall</FaceType>
</Attribut>
</TexturedSurface>
<TexturedSurface Id ="93848">
<Attribut>
<FaceType>Wall</FaceType>
</Attribut>
</TexturedSurface>
<TexturedSurface Id ="93851">
<Attribut>
<FaceType>Wall</FaceType>
</Attribut>
</TexturedSurface>
<TexturedSurface Id ="93854">
<Attribut>
<FaceType>Wall</FaceType>
</Attribut>
</TexturedSurface>
<TexturedSurface Id ="93857">
<Attribut>
<FaceType>Wall</FaceType>
</Attribut>
</TexturedSurface>
<TexturedSurface Id ="93860">
<Attribut>
<FaceType>Wall</FaceType>
</Attribut>
</TexturedSurface>
<TexturedSurface Id ="93863">
<Attribut>
<FaceType>Wall</FaceType>
</Attribut>
</TexturedSurface>
<TexturedSurface Id ="93866">
<Attribut>
<FaceType>Wall</FaceType>
</Attribut>
</TexturedSurface>
<TexturedSurface Id ="93869">
<Attribut>
<FaceType>Wall</FaceType>
<TextureRatio>1.99116</TextureRatio>
<ImageOrigine>2_6074.tif</ImageOrigine>
<CropImageOrigine>3886 2352 3846 2215
</CropImageOrigine>
</Attribut>
</TexturedSurface>
<TexturedSurface Id ="93872">
<Attribut>
<FaceType>Wall</FaceType>
<TextureRatio>2.23787</TextureRatio>
<ImageOrigine>1_6048.tif</ImageOrigine>
<CropImageOrigine>509 85 441 50
</CropImageOrigine>
</Attribut>
</TexturedSurface>
<TexturedSurface Id ="93875">
<Attribut>
<FaceType>Wall</FaceType>
<TextureRatio>2.03172</TextureRatio>
<ImageOrigine>2_6074.tif</ImageOrigine>
<CropImageOrigine>3841 2448 3804 2343
</CropImageOrigine>
</Attribut>
</TexturedSurface>
<TexturedSurface Id ="93878">
<Attribut>
<FaceType>Wall</FaceType>
<TextureRatio>2.9112</TextureRatio>
<ImageOrigine>3_6095.tif</ImageOrigine>
<CropImageOrigine>1762 3430 1708 3395
</CropImageOrigine>
</Attribut>
</TexturedSurface>
<TexturedSurface Id ="93881">
<Attribut>
<FaceType>Wall</FaceType>
<TextureRatio>1.98655</TextureRatio>
<ImageOrigine>2_6074.tif</ImageOrigine>
<CropImageOrigine>3883 2678 3842 2439
</CropImageOrigine>
</Attribut>
</TexturedSurface>
<TexturedSurface Id ="93884">
<Attribut>
<FaceType>Wall</FaceType>
<TextureRatio>3.64109</TextureRatio>
<ImageOrigine>3_6096.tif</ImageOrigine>
<CropImageOrigine>1069 3113 1039 3086
</CropImageOrigine>
</Attribut>
</TexturedSurface>
<TexturedSurface Id ="93887">
<Attribut>
<FaceType>Wall</FaceType>
<TextureRatio>2.218</TextureRatio>
<ImageOrigine>2_6074.tif</ImageOrigine>
<CropImageOrigine>3889 2682 3849 2665
</CropImageOrigine>
</Attribut>
</TexturedSurface>
<TexturedSurface Id ="93890">
<Attribut>
<FaceType>Wall</FaceType>
<TextureRatio>1.90765</TextureRatio>
<ImageOrigine>2_6074.tif</ImageOrigine>
<CropImageOrigine>3884 2686 3847 2668
</CropImageOrigine>
</Attribut>
</TexturedSurface>
<TexturedSurface Id ="93893">
<Attribut>
<FaceType>Wall</FaceType>
<TextureRatio>1.94123</TextureRatio>
<ImageOrigine>2_6074.tif</ImageOrigine>
<CropImageOrigine>3882 2691 3846 2673
</CropImageOrigine>
</Attribut>
</TexturedSurface>
<TexturedSurface Id ="93896">
<Attribut>
<FaceType>Wall</FaceType>
<TextureRatio>2.01731</TextureRatio>
<ImageOrigine>3_6097.tif</ImageOrigine>
<CropImageOrigine>300 2849 265 2823
</CropImageOrigine>
</Attribut>
</TexturedSurface>
<TexturedSurface Id ="93899">
<Attribut>
<FaceType>Wall</FaceType>
<TextureRatio>2.06671</TextureRatio>
<ImageOrigine>3_6097.tif</ImageOrigine>
<CropImageOrigine>298 2843 261 2820
</CropImageOrigine>
</Attribut>
</TexturedSurface>
<TexturedSurface Id ="93902">
<Attribut>
<FaceType>Wall</FaceType>
<TextureRatio>2.6469</TextureRatio>
<ImageOrigine>3_6097.tif</ImageOrigine>
<CropImageOrigine>293 2840 257 2819
</CropImageOrigine>
</Attribut>
</TexturedSurface>
<TexturedSurface Id ="93905">
<Attribut>
<FaceType>Wall</FaceType>
<TextureRatio>3.40257</TextureRatio>
<ImageOrigine>3_6093.tif</ImageOrigine>
<CropImageOrigine>3136 2852 3050 2820
</CropImageOrigine>
</Attribut>
</TexturedSurface>
<TexturedSurface Id ="93908">
<Attribut>
<FaceType>Wall</FaceType>
<TextureRatio>2.97734</TextureRatio>
<ImageOrigine>3_6093.tif</ImageOrigine>
<CropImageOrigine>3067 2855 3044 2832
</CropImageOrigine>
</Attribut>
</TexturedSurface>
<TexturedSurface Id ="93911">
<Attribut>
<FaceType>Wall</FaceType>
<TextureRatio>3.21021</TextureRatio>
<ImageOrigine>3_6093.tif</ImageOrigine>
<CropImageOrigine>3060 2861 3041 2835
</CropImageOrigine>
</Attribut>
</TexturedSurface>
<TexturedSurface Id ="93914">
<Attribut>
<FaceType>Wall</FaceType>
<TextureRatio>4.78333</TextureRatio>
<ImageOrigine>3_6093.tif</ImageOrigine>
<CropImageOrigine>3058 2866 3041 2841
</CropImageOrigine>
</Attribut>
</TexturedSurface>
<TexturedSurface Id ="93917">
<Attribut>
<FaceType>Wall</FaceType>
<TextureRatio>11.0001</TextureRatio>
<ImageOrigine>3_6093.tif</ImageOrigine>
<CropImageOrigine>3060 2870 3041 2846
</CropImageOrigine>
</Attribut>
</TexturedSurface>
<TexturedSurface Id ="93920">
<Attribut>
<FaceType>Wall</FaceType>
</Attribut>
</TexturedSurface>
<TexturedSurface Id ="93923">
<Attribut>
<FaceType>Wall</FaceType>
<TextureRatio>3.33816</TextureRatio>
<ImageOrigine>3_6093.tif</ImageOrigine>
<CropImageOrigine>3066 2877 3038 2855
</CropImageOrigine>
</Attribut>
</TexturedSurface>
<TexturedSurface Id ="93926">
<Attribut>
<FaceType>Wall</FaceType>
<TextureRatio>5.79684</TextureRatio>
<ImageOrigine>3_6093.tif</ImageOrigine>
<CropImageOrigine>3093 3111 3038 2857
</CropImageOrigine>
</Attribut>
</TexturedSurface>
<TexturedSurface Id ="93929">
<Attribut>
<FaceType>Wall</FaceType>
<TextureRatio>2.88268</TextureRatio>
<ImageOrigine>3_6094.tif</ImageOrigine>
<CropImageOrigine>2203 3208 2110 3171
</CropImageOrigine>
</Attribut>
</TexturedSurface>
<TexturedSurface Id ="93932">
<Attribut>
<FaceType>Wall</FaceType>
<TextureRatio>1.82473</TextureRatio>
<ImageOrigine>2_6074.tif</ImageOrigine>
<CropImageOrigine>4063 2680 4019 2441
</CropImageOrigine>
</Attribut>
</TexturedSurface>
<TexturedSurface Id ="93935">
<Attribut>
<FaceType>Wall</FaceType>
<TextureRatio>3.63993</TextureRatio>
<ImageOrigine>3_6096.tif</ImageOrigine>
<CropImageOrigine>878 3142 845 3116
</CropImageOrigine>
</Attribut>
</TexturedSurface>
<TexturedSurface Id ="93938">
<Attribut>
<FaceType>Wall</FaceType>
<TextureRatio>2.00487</TextureRatio>
<ImageOrigine>2_6074.tif</ImageOrigine>
<CropImageOrigine>4067 2685 4025 2667
</CropImageOrigine>
</Attribut>
</TexturedSurface>
<TexturedSurface Id ="93941">
<Attribut>
<FaceType>Wall</FaceType>
<TextureRatio>1.73996</TextureRatio>
<ImageOrigine>2_6074.tif</ImageOrigine>
<CropImageOrigine>4062 2691 4024 2672
</CropImageOrigine>
</Attribut>
</TexturedSurface>
<TexturedSurface Id ="93944">
<Attribut>
<FaceType>Wall</FaceType>
<TextureRatio>1.85403</TextureRatio>
<ImageOrigine>3_6097.tif</ImageOrigine>
<CropImageOrigine>108 2852 70 2825
</CropImageOrigine>
</Attribut>
</TexturedSurface>
<TexturedSurface Id ="93947">
<Attribut>
<FaceType>Wall</FaceType>
<TextureRatio>2.12413</TextureRatio>
<ImageOrigine>3_6097.tif</ImageOrigine>
<CropImageOrigine>104 2845 63 2822
</CropImageOrigine>
</Attribut>
</TexturedSurface>
<TexturedSurface Id ="93950">
<Attribut>
<FaceType>Wall</FaceType>
<TextureRatio>3.30513</TextureRatio>
<ImageOrigine>3_6091.tif</ImageOrigine>
<CropImageOrigine>4070 2978 3967 2949
</CropImageOrigine>
</Attribut>
</TexturedSurface>
<TexturedSurface Id ="93953">
<Attribut>
<FaceType>Wall</FaceType>
<TextureRatio>2.66596</TextureRatio>
<ImageOrigine>3_6091.tif</ImageOrigine>
<CropImageOrigine>3999 2979 3963 2960
</CropImageOrigine>
</Attribut>
</TexturedSurface>
<TexturedSurface Id ="93956">
<Attribut>
<FaceType>Wall</FaceType>
<TextureRatio>2.11207</TextureRatio>
<ImageOrigine>3_6091.tif</ImageOrigine>
<CropImageOrigine>3995 2982 3960 2961
</CropImageOrigine>
</Attribut>
</TexturedSurface>
<TexturedSurface Id ="93959">
<Attribut>
<FaceType>Wall</FaceType>
<TextureRatio>1.99917</TextureRatio>
<ImageOrigine>3_6091.tif</ImageOrigine>
<CropImageOrigine>3991 2987 3958 2964
</CropImageOrigine>
</Attribut>
</TexturedSurface>
<TexturedSurface Id ="93962">
<Attribut>
<FaceType>Wall</FaceType>
<TextureRatio>2.37582</TextureRatio>
<ImageOrigine>3_6091.tif</ImageOrigine>
<CropImageOrigine>3991 2993 3958 2969
</CropImageOrigine>
</Attribut>
</TexturedSurface>
<TexturedSurface Id ="93965">
<Attribut>
<FaceType>Wall</FaceType>
<TextureRatio>4.07987</TextureRatio>
<ImageOrigine>3_6091.tif</ImageOrigine>
<CropImageOrigine>3994 2998 3958 2975
</CropImageOrigine>
</Attribut>
</TexturedSurface>
<TexturedSurface Id ="93968">
<Attribut>
<FaceType>Wall</FaceType>
<TextureRatio>33.9133</TextureRatio>
<ImageOrigine>3_6091.tif</ImageOrigine>
<CropImageOrigine>4000 3001 3961 2979
</CropImageOrigine>
</Attribut>
</TexturedSurface>
<TexturedSurface Id ="93971">
<Attribut>
<FaceType>Wall</FaceType>
<TextureRatio>3.23366</TextureRatio>
<ImageOrigine>3_6091.tif</ImageOrigine>
<CropImageOrigine>3999 3003 3955 2983
</CropImageOrigine>
</Attribut>
</TexturedSurface>
<TexturedSurface Id ="93974">
<Attribut>
<FaceType>Wall</FaceType>
<TextureRatio>2.51544</TextureRatio>
<ImageOrigine>3_6091.tif</ImageOrigine>
<CropImageOrigine>4022 3242 3955 2985
</CropImageOrigine>
</Attribut>
</TexturedSurface>
<TexturedSurface Id ="93716">
<Attribut>
<FaceType>Wall</FaceType>
<TextureRatio>2.80148</TextureRatio>
<ImageOrigine>3_6093.tif</ImageOrigine>
<CropImageOrigine>2900 3158 2798 3118
</CropImageOrigine>
</Attribut>
</TexturedSurface>
<TexturedSurface Id ="93719">
<Attribut>
<FaceType>Wall</FaceType>
<TextureRatio>2.72369</TextureRatio>
<ImageOrigine>3_6096.tif</ImageOrigine>
<CropImageOrigine>729 3406 698 3332
</CropImageOrigine>
</Attribut>
</TexturedSurface>
<TexturedSurface Id ="93722">
<Attribut>
<FaceType>Wall</FaceType>
<TextureRatio>2.82026</TextureRatio>
<ImageOrigine>3_6091.tif</ImageOrigine>
<CropImageOrigine>3922 3223 3793 3186
</CropImageOrigine>
</Attribut>
</TexturedSurface>
<TexturedSurface Id ="93725">
<Attribut>
<FaceType>Wall</FaceType>
<TextureRatio>2.83848</TextureRatio>
<ImageOrigine>3_6091.tif</ImageOrigine>
<CropImageOrigine>3829 3270 3793 3201
</CropImageOrigine>
</Attribut>
</TexturedSurface>
<TexturedSurface Id ="93728">
<Attribut>
<FaceType>Wall</FaceType>
</Attribut>
</TexturedSurface>
<TexturedSurface Id ="93731">
<Attribut>
<FaceType>Wall</FaceType>
<TextureRatio>2.4166</TextureRatio>
<ImageOrigine>3_6096.tif</ImageOrigine>
<CropImageOrigine>539 3436 505 3362
</CropImageOrigine>
</Attribut>
</TexturedSurface>
<TexturedSurface Id ="93734">
<Attribut>
<FaceType>Wall</FaceType>
<TextureRatio>2.81958</TextureRatio>
<ImageOrigine>3_6091.tif</ImageOrigine>
<CropImageOrigine>3730 3252 3604 3215
</CropImageOrigine>
</Attribut>
</TexturedSurface>
<TexturedSurface Id ="93737">
<Attribut>
<FaceType>Wall</FaceType>
<TextureRatio>2.34882</TextureRatio>
<ImageOrigine>2_6082.tif</ImageOrigine>
<CropImageOrigine>352 3552 319 3481
</CropImageOrigine>
</Attribut>
</TexturedSurface>
<TexturedSurface Id ="93740">
<Attribut>
<FaceType>Wall</FaceType>
<TextureRatio>2.73213</TextureRatio>
<ImageOrigine>3_6091.tif</ImageOrigine>
<CropImageOrigine>3636 3307 3564 3277
</CropImageOrigine>
</Attribut>
</TexturedSurface>
<TexturedSurface Id ="93743">
<Attribut>
<FaceType>Wall</FaceType>
<TextureRatio>3.38136</TextureRatio>
<ImageOrigine>3_6091.tif</ImageOrigine>
<CropImageOrigine>3603 3406 3564 3284
</CropImageOrigine>
</Attribut>
</TexturedSurface>
<TexturedSurface Id ="93746">
<Attribut>
<FaceType>Wall</FaceType>
<TextureRatio>2.37044</TextureRatio>
<ImageOrigine>1_6045.tif</ImageOrigine>
<CropImageOrigine>1389 117 1333 85
</CropImageOrigine>
</Attribut>
</TexturedSurface>
<TexturedSurface Id ="93749">
<Attribut>
<FaceType>Wall</FaceType>
<TextureRatio>2.34915</TextureRatio>
<ImageOrigine>2_6082.tif</ImageOrigine>
<CropImageOrigine>333 3404 299 3337
</CropImageOrigine>
</Attribut>
</TexturedSurface>
<TexturedSurface Id ="93752">
<Attribut>
<FaceType>Wall</FaceType>
</Attribut>
</TexturedSurface>
<TexturedSurface Id ="93755">
<Attribut>
<FaceType>Wall</FaceType>
<TextureRatio>2.54736</TextureRatio>
<ImageOrigine>2_6076.tif</ImageOrigine>
<CropImageOrigine>3578 2635 3550 2579
</CropImageOrigine>
</Attribut>
</TexturedSurface>
<TexturedSurface Id ="93758">
<Attribut>
<FaceType>Wall</FaceType>
</Attribut>
</TexturedSurface>
<TexturedSurface Id ="93761">
<Attribut>
<FaceType>Wall</FaceType>
<TextureRatio>2.12558</TextureRatio>
<ImageOrigine>2_6082.tif</ImageOrigine>
<CropImageOrigine>145 3430 107 3362
</CropImageOrigine>
</Attribut>
</TexturedSurface>
<TexturedSurface Id ="93764">
<Attribut>
<FaceType>Wall</FaceType>
<TextureRatio>3.41661</TextureRatio>
<ImageOrigine>2_6081.tif</ImageOrigine>
<CropImageOrigine>1000 3744 979 3718
</CropImageOrigine>
</Attribut>
</TexturedSurface>
<TexturedSurface Id ="93767">
<Attribut>
<FaceType>Wall</FaceType>
<TextureRatio>2.69701</TextureRatio>
<ImageOrigine>2_6076.tif</ImageOrigine>
<CropImageOrigine>3487 2591 3461 2579
</CropImageOrigine>
</Attribut>
</TexturedSurface>
<TexturedSurface Id ="93770">
<Attribut>
<FaceType>Wall</FaceType>
<TextureRatio>2.42591</TextureRatio>
<ImageOrigine>1_6045.tif</ImageOrigine>
<CropImageOrigine>1571 133 1560 105
</CropImageOrigine>
</Attribut>
</TexturedSurface>
<TexturedSurface Id ="93773">
<Attribut>
<FaceType>Wall</FaceType>
<TextureRatio>2.12223</TextureRatio>
<ImageOrigine>2_6082.tif</ImageOrigine>
<CropImageOrigine>136 3386 104 3362
</CropImageOrigine>
</Attribut>
</TexturedSurface>
<TexturedSurface Id ="93776">
<Attribut>
<FaceType>Wall</FaceType>
<TextureRatio>2.38851</TextureRatio>
<ImageOrigine>1_6046.tif</ImageOrigine>
<CropImageOrigine>972 77 911 44
</CropImageOrigine>
</Attribut>
</TexturedSurface>
<TexturedSurface Id ="93779">
<Attribut>
<FaceType>Wall</FaceType>
<TextureRatio>2.24478</TextureRatio>
<ImageOrigine>1_6048.tif</ImageOrigine>
<CropImageOrigine>72 167 38 138
</CropImageOrigine>
</Attribut>
</TexturedSurface>
<TexturedSurface Id ="93782">
<Attribut>
<FaceType>Wall</FaceType>
<TextureRatio>2.42604</TextureRatio>
<ImageOrigine>1_6045.tif</ImageOrigine>
<CropImageOrigine>1615 128 1605 100
</CropImageOrigine>
</Attribut>
</TexturedSurface>
<TexturedSurface Id ="93785">
<Attribut>
<FaceType>Wall</FaceType>
<TextureRatio>2.07282</TextureRatio>
<ImageOrigine>2_6082.tif</ImageOrigine>
<CropImageOrigine>89 3392 55 3368
</CropImageOrigine>
</Attribut>
</TexturedSurface>
<TexturedSurface Id ="93788">
<Attribut>
<FaceType>Wall</FaceType>
<TextureRatio>2.28785</TextureRatio>
<ImageOrigine>1_6048.tif</ImageOrigine>
<CropImageOrigine>115 167 39 134
</CropImageOrigine>
</Attribut>
</TexturedSurface>
<TexturedSurface Id ="93791">
<Attribut>
<FaceType>Wall</FaceType>
<TextureRatio>2.29836</TextureRatio>
<ImageOrigine>1_6048.tif</ImageOrigine>
<CropImageOrigine>115 163 82 134
</CropImageOrigine>
</Attribut>
</TexturedSurface>
<TexturedSurface Id ="93794">
<Attribut>
<FaceType>Wall</FaceType>
<TextureRatio>2.42624</TextureRatio>
<ImageOrigine>1_6045.tif</ImageOrigine>
<CropImageOrigine>1659 123 1649 94
</CropImageOrigine>
</Attribut>
</TexturedSurface>
<TexturedSurface Id ="93797">
<Attribut>
<FaceType>Wall</FaceType>
<TextureRatio>2.02603</TextureRatio>
<ImageOrigine>2_6082.tif</ImageOrigine>
<CropImageOrigine>41 3399 7 3374
</CropImageOrigine>
</Attribut>
</TexturedSurface>
<TexturedSurface Id ="93800">
<Attribut>
<FaceType>Wall</FaceType>
<TextureRatio>2.38867</TextureRatio>
<ImageOrigine>1_6046.tif</ImageOrigine>
<CropImageOrigine>1019 67 1000 39
</CropImageOrigine>
</Attribut>
</TexturedSurface>
</WallSurface >
<RoofSurface  Id ="82470">
<TexturedSurface Id ="82471">
<Attribut>
<FaceType>Roof</FaceType>
</Attribut>
<subnode Id ="82469-0">
<Attribut>
<Part>0</Part>
<TextureRatio>0.996915</TextureRatio>
<ImageOrigine>2_6079.tif</ImageOrigine>
<CropImageOrigine>1914 3569 1156 2986
</CropImageOrigine>
</Attribut>
</subnode>
<subnode Id ="82469-1">
<Attribut>
<Part>1</Part>
<TextureRatio>1.00014</TextureRatio>
<ImageOrigine>2_6079.tif</ImageOrigine>
<CropImageOrigine>1182 3551 1113 3045
</CropImageOrigine>
</Attribut>
</subnode>
</TexturedSurface>
</RoofSurface >
</BuildingPart >
</Building >
</CityModel>
</Chantier_Bati3D>
