<Chantier_Bati3D>
<Bbox>
<Xmin>533060.230</Xmin>
<Xmax>533073.370</Xmax>
<Ymin>152548.690</Ymin>
<Ymax>152558.310</Ymax>
<Zmin>396.297</Zmin>
<Zmax>414.690</Zmax>
</Bbox>
<CityModel Id ="80592">
<Building  Id ="82474">
<Attribut>
<centre>533066.800 147529.980</centre>
</Attribut>
<BuildingPart  Id ="82475">
<RoofSurface  Id ="82481">
<TexturedSurface Id ="82482">
<Attribut>
<FaceType>Roof</FaceType>
<TextureRatio>0.999828</TextureRatio>
<ImageOrigine>2_6081.tif</ImageOrigine>
<CropImageOrigine>785 3986 690 3906
</CropImageOrigine>
</Attribut>
</TexturedSurface>
</RoofSurface >
<WallSurface  Id ="93980">
<TexturedSurface Id ="93981">
<Attribut>
<FaceType>Wall</FaceType>
<TextureRatio>2.94108</TextureRatio>
<ImageOrigine>3_6095.tif</ImageOrigine>
<CropImageOrigine>1507 3465 1414 3408
</CropImageOrigine>
</Attribut>
</TexturedSurface>
<TexturedSurface Id ="93984">
<Attribut>
<FaceType>Wall</FaceType>
<TextureRatio>2.48241</TextureRatio>
<ImageOrigine>3_6091.tif</ImageOrigine>
<CropImageOrigine>4059 3267 3997 3194
</CropImageOrigine>
</Attribut>
</TexturedSurface>
<TexturedSurface Id ="93987">
<Attribut>
<FaceType>Wall</FaceType>
<TextureRatio>2.69668</TextureRatio>
<ImageOrigine>3_6091.tif</ImageOrigine>
<CropImageOrigine>4058 3267 3997 3228
</CropImageOrigine>
</Attribut>
</TexturedSurface>
<TexturedSurface Id ="93990">
<Attribut>
<FaceType>Wall</FaceType>
<TextureRatio>2.49084</TextureRatio>
<ImageOrigine>3_6091.tif</ImageOrigine>
<CropImageOrigine>4056 3289 3997 3229
</CropImageOrigine>
</Attribut>
</TexturedSurface>
<TexturedSurface Id ="93993">
<Attribut>
<FaceType>Wall</FaceType>
<TextureRatio>3.11247</TextureRatio>
<ImageOrigine>2_6081.tif</ImageOrigine>
<CropImageOrigine>818 3915 775 3866
</CropImageOrigine>
</Attribut>
</TexturedSurface>
<TexturedSurface Id ="93996">
<Attribut>
<FaceType>Wall</FaceType>
<TextureRatio>2.89739</TextureRatio>
<ImageOrigine>2_6081.tif</ImageOrigine>
<CropImageOrigine>813 3914 774 3859
</CropImageOrigine>
</Attribut>
</TexturedSurface>
<TexturedSurface Id ="93999">
<Attribut>
<FaceType>Wall</FaceType>
<TextureRatio>3.12987</TextureRatio>
<ImageOrigine>2_6081.tif</ImageOrigine>
<CropImageOrigine>812 3920 695 3859
</CropImageOrigine>
</Attribut>
</TexturedSurface>
<TexturedSurface Id ="94002">
<Attribut>
<FaceType>Wall</FaceType>
<TextureRatio>2.08591</TextureRatio>
<ImageOrigine>3_6097.tif</ImageOrigine>
<CropImageOrigine>116 3159 57 3110
</CropImageOrigine>
</Attribut>
</TexturedSurface>
<TexturedSurface Id ="94005">
<Attribut>
<FaceType>Wall</FaceType>
<TextureRatio>4.16634</TextureRatio>
<ImageOrigine>2_6078.tif</ImageOrigine>
<CropImageOrigine>2196 3059 2187 3028
</CropImageOrigine>
</Attribut>
</TexturedSurface>
<TexturedSurface Id ="94008">
<Attribut>
<FaceType>Wall</FaceType>
<TextureRatio>2.092</TextureRatio>
<ImageOrigine>3_6097.tif</ImageOrigine>
<CropImageOrigine>121 3151 62 3089
</CropImageOrigine>
</Attribut>
</TexturedSurface>
<TexturedSurface Id ="94011">
<Attribut>
<FaceType>Wall</FaceType>
<TextureRatio>2.86882</TextureRatio>
<ImageOrigine>3_6095.tif</ImageOrigine>
<CropImageOrigine>1518 3489 1498 3442
</CropImageOrigine>
</Attribut>
</TexturedSurface>
<TexturedSurface Id ="94014">
<Attribut>
<FaceType>Wall</FaceType>
<TextureRatio>2.08589</TextureRatio>
<ImageOrigine>3_6097.tif</ImageOrigine>
<CropImageOrigine>114 3130 54 3055
</CropImageOrigine>
</Attribut>
</TexturedSurface>
</WallSurface >
</BuildingPart >
</Building >
</CityModel>
</Chantier_Bati3D>
