<Chantier_Bati3D>
<Bbox>
<Xmin>533089.030</Xmin>
<Xmax>533102.170</Xmax>
<Ymin>152547.200</Ymin>
<Ymax>152558.310</Ymax>
<Zmin>395.977</Zmin>
<Zmax>414.690</Zmax>
</Bbox>
<CityModel Id ="80592">
<Building  Id ="82485">
<Attribut>
<centre>533095.600 147529.980</centre>
</Attribut>
<BuildingPart  Id ="82486">
<RoofSurface  Id ="82492">
<TexturedSurface Id ="82493">
<Attribut>
<FaceType>Roof</FaceType>
<TextureRatio>0.999789</TextureRatio>
<ImageOrigine>2_6081.tif</ImageOrigine>
<CropImageOrigine>587 4020 492 3932
</CropImageOrigine>
</Attribut>
</TexturedSurface>
</RoofSurface >
<WallSurface  Id ="94020">
<TexturedSurface Id ="94021">
<Attribut>
<FaceType>Wall</FaceType>
<TextureRatio>2.86957</TextureRatio>
<ImageOrigine>3_6095.tif</ImageOrigine>
<CropImageOrigine>1709 3461 1694 3414
</CropImageOrigine>
</Attribut>
</TexturedSurface>
<TexturedSurface Id ="94024">
<Attribut>
<FaceType>Wall</FaceType>
<TextureRatio>1.96375</TextureRatio>
<ImageOrigine>2_6074.tif</ImageOrigine>
<CropImageOrigine>3919 2477 3859 2428
</CropImageOrigine>
</Attribut>
</TexturedSurface>
<TexturedSurface Id ="94027">
<Attribut>
<FaceType>Wall</FaceType>
<TextureRatio>2.9418</TextureRatio>
<ImageOrigine>3_6095.tif</ImageOrigine>
<CropImageOrigine>1699 3437 1611 3380
</CropImageOrigine>
</Attribut>
</TexturedSurface>
<TexturedSurface Id ="94030">
<Attribut>
<FaceType>Wall</FaceType>
<TextureRatio>2.56041</TextureRatio>
<ImageOrigine>2_6081.tif</ImageOrigine>
<CropImageOrigine>629 4006 580 3919
</CropImageOrigine>
</Attribut>
</TexturedSurface>
<TexturedSurface Id ="94033">
<Attribut>
<FaceType>Wall</FaceType>
<TextureRatio>2.76339</TextureRatio>
<ImageOrigine>3_6093.tif</ImageOrigine>
<CropImageOrigine>3117 3138 3083 3096
</CropImageOrigine>
</Attribut>
</TexturedSurface>
<TexturedSurface Id ="94036">
<Attribut>
<FaceType>Wall</FaceType>
<TextureRatio>2.56941</TextureRatio>
<ImageOrigine>2_6081.tif</ImageOrigine>
<CropImageOrigine>630 3968 583 3896
</CropImageOrigine>
</Attribut>
</TexturedSurface>
<TexturedSurface Id ="94039">
<Attribut>
<FaceType>Wall</FaceType>
<TextureRatio>3.11308</TextureRatio>
<ImageOrigine>2_6081.tif</ImageOrigine>
<CropImageOrigine>627 3947 577 3896
</CropImageOrigine>
</Attribut>
</TexturedSurface>
<TexturedSurface Id ="94042">
<Attribut>
<FaceType>Wall</FaceType>
<TextureRatio>2.56041</TextureRatio>
<ImageOrigine>2_6081.tif</ImageOrigine>
<CropImageOrigine>621 3946 576 3889
</CropImageOrigine>
</Attribut>
</TexturedSurface>
<TexturedSurface Id ="94045">
<Attribut>
<FaceType>Wall</FaceType>
<TextureRatio>3.13042</TextureRatio>
<ImageOrigine>2_6081.tif</ImageOrigine>
<CropImageOrigine>620 3943 551 3889
</CropImageOrigine>
</Attribut>
</TexturedSurface>
<TexturedSurface Id ="94048">
<Attribut>
<FaceType>Wall</FaceType>
<TextureRatio>2.52345</TextureRatio>
<ImageOrigine>2_6081.tif</ImageOrigine>
<CropImageOrigine>596 3942 549 3883
</CropImageOrigine>
</Attribut>
</TexturedSurface>
<TexturedSurface Id ="94051">
<Attribut>
<FaceType>Wall</FaceType>
<TextureRatio>3.15376</TextureRatio>
<ImageOrigine>2_6081.tif</ImageOrigine>
<CropImageOrigine>595 3938 521 3883
</CropImageOrigine>
</Attribut>
</TexturedSurface>
<TexturedSurface Id ="94054">
<Attribut>
<FaceType>Wall</FaceType>
<TextureRatio>1.94224</TextureRatio>
<ImageOrigine>2_6074.tif</ImageOrigine>
<CropImageOrigine>3943 2415 3883 2391
</CropImageOrigine>
</Attribut>
</TexturedSurface>
<TexturedSurface Id ="94057">
<Attribut>
<FaceType>Wall</FaceType>
<TextureRatio>3.13065</TextureRatio>
<ImageOrigine>2_6081.tif</ImageOrigine>
<CropImageOrigine>568 3952 497 3898
</CropImageOrigine>
</Attribut>
</TexturedSurface>
<TexturedSurface Id ="94060">
<Attribut>
<FaceType>Wall</FaceType>
<TextureRatio>1.96381</TextureRatio>
<ImageOrigine>2_6074.tif</ImageOrigine>
<CropImageOrigine>3920 2422 3860 2401
</CropImageOrigine>
</Attribut>
</TexturedSurface>
<TexturedSurface Id ="94063">
<Attribut>
<FaceType>Wall</FaceType>
<TextureRatio>4.16732</TextureRatio>
<ImageOrigine>2_6078.tif</ImageOrigine>
<CropImageOrigine>2002 3048 1993 3017
</CropImageOrigine>
</Attribut>
</TexturedSurface>
<TexturedSurface Id ="94066">
<Attribut>
<FaceType>Wall</FaceType>
<TextureRatio>1.96898</TextureRatio>
<ImageOrigine>2_6074.tif</ImageOrigine>
<CropImageOrigine>3914 2442 3855 2408
</CropImageOrigine>
</Attribut>
</TexturedSurface>
</WallSurface >
</BuildingPart >
</Building >
</CityModel>
</Chantier_Bati3D>
