<Chantier_Bati3D>
<Bbox>
<Xmin>533138.440</Xmin>
<Xmax>533196.760</Xmax>
<Ymin>152512.065</Ymin>
<Ymax>152618.820</Ymax>
<Zmin>394.979</Zmin>
<Zmax>407.400</Zmax>
</Bbox>
<CityModel Id ="80592">
<Building  Id ="82496">
<Attribut>
<centre>533167.600 147560.235</centre>
</Attribut>
<BuildingPart  Id ="82497">
<RoofSurface  Id ="82503">
<TexturedSurface Id ="82504">
<Attribut>
<FaceType>Roof</FaceType>
<TextureRatio>0.998024</TextureRatio>
<ImageOrigine>2_6079.tif</ImageOrigine>
<CropImageOrigine>925 3714 511 2976
</CropImageOrigine>
</Attribut>
</TexturedSurface>
</RoofSurface >
<WallSurface  Id ="94072">
<TexturedSurface Id ="94073">
<Attribut>
<FaceType>Wall</FaceType>
</Attribut>
</TexturedSurface>
<TexturedSurface Id ="94076">
<Attribut>
<FaceType>Wall</FaceType>
</Attribut>
</TexturedSurface>
<TexturedSurface Id ="94079">
<Attribut>
<FaceType>Wall</FaceType>
</Attribut>
</TexturedSurface>
<TexturedSurface Id ="94082">
<Attribut>
<FaceType>Wall</FaceType>
</Attribut>
</TexturedSurface>
<TexturedSurface Id ="94085">
<Attribut>
<FaceType>Wall</FaceType>
</Attribut>
</TexturedSurface>
<TexturedSurface Id ="94088">
<Attribut>
<FaceType>Wall</FaceType>
</Attribut>
</TexturedSurface>
<TexturedSurface Id ="94091">
<Attribut>
<FaceType>Wall</FaceType>
</Attribut>
</TexturedSurface>
<TexturedSurface Id ="94094">
<Attribut>
<FaceType>Wall</FaceType>
</Attribut>
</TexturedSurface>
<TexturedSurface Id ="94097">
<Attribut>
<FaceType>Wall</FaceType>
</Attribut>
</TexturedSurface>
<TexturedSurface Id ="94100">
<Attribut>
<FaceType>Wall</FaceType>
</Attribut>
</TexturedSurface>
<TexturedSurface Id ="94103">
<Attribut>
<FaceType>Wall</FaceType>
</Attribut>
</TexturedSurface>
<TexturedSurface Id ="94106">
<Attribut>
<FaceType>Wall</FaceType>
</Attribut>
</TexturedSurface>
<TexturedSurface Id ="94109">
<Attribut>
<FaceType>Wall</FaceType>
</Attribut>
</TexturedSurface>
<TexturedSurface Id ="94112">
<Attribut>
<FaceType>Wall</FaceType>
</Attribut>
</TexturedSurface>
<TexturedSurface Id ="94115">
<Attribut>
<FaceType>Wall</FaceType>
<TextureRatio>3.74674</TextureRatio>
<ImageOrigine>2_6079.tif</ImageOrigine>
<CropImageOrigine>588 3163 516 3140
</CropImageOrigine>
</Attribut>
</TexturedSurface>
<TexturedSurface Id ="94118">
<Attribut>
<FaceType>Wall</FaceType>
<TextureRatio>1.96082</TextureRatio>
<ImageOrigine>2_6073.tif</ImageOrigine>
<CropImageOrigine>3983 2134 3943 2034
</CropImageOrigine>
</Attribut>
</TexturedSurface>
<TexturedSurface Id ="94121">
<Attribut>
<FaceType>Wall</FaceType>
<TextureRatio>2.84976</TextureRatio>
<ImageOrigine>3_6098.tif</ImageOrigine>
<CropImageOrigine>312 3403 227 3370
</CropImageOrigine>
</Attribut>
</TexturedSurface>
<TexturedSurface Id ="94124">
<Attribut>
<FaceType>Wall</FaceType>
<TextureRatio>1.91956</TextureRatio>
<ImageOrigine>2_6073.tif</ImageOrigine>
<CropImageOrigine>4028 2496 3987 2127
</CropImageOrigine>
</Attribut>
</TexturedSurface>
<TexturedSurface Id ="94127">
<Attribut>
<FaceType>Wall</FaceType>
<TextureRatio>3.87165</TextureRatio>
<ImageOrigine>3_6098.tif</ImageOrigine>
<CropImageOrigine>242 3019 192 2995
</CropImageOrigine>
</Attribut>
</TexturedSurface>
<TexturedSurface Id ="94130">
<Attribut>
<FaceType>Wall</FaceType>
<TextureRatio>2.13963</TextureRatio>
<ImageOrigine>2_6073.tif</ImageOrigine>
<CropImageOrigine>4039 2500 3995 2483
</CropImageOrigine>
</Attribut>
</TexturedSurface>
<TexturedSurface Id ="94133">
<Attribut>
<FaceType>Wall</FaceType>
<TextureRatio>1.84119</TextureRatio>
<ImageOrigine>2_6073.tif</ImageOrigine>
<CropImageOrigine>4034 2504 3992 2487
</CropImageOrigine>
</Attribut>
</TexturedSurface>
<TexturedSurface Id ="94136">
<Attribut>
<FaceType>Wall</FaceType>
<TextureRatio>2.18179</TextureRatio>
<ImageOrigine>3_6098.tif</ImageOrigine>
<CropImageOrigine>237 3009 198 2964
</CropImageOrigine>
</Attribut>
</TexturedSurface>
<TexturedSurface Id ="94139">
<Attribut>
<FaceType>Wall</FaceType>
<TextureRatio>1.96935</TextureRatio>
<ImageOrigine>3_6098.tif</ImageOrigine>
<CropImageOrigine>236 2986 197 2960
</CropImageOrigine>
</Attribut>
</TexturedSurface>
<TexturedSurface Id ="94142">
<Attribut>
<FaceType>Wall</FaceType>
<TextureRatio>1.91667</TextureRatio>
<ImageOrigine>3_6098.tif</ImageOrigine>
<CropImageOrigine>234 2982 194 2957
</CropImageOrigine>
</Attribut>
</TexturedSurface>
<TexturedSurface Id ="94145">
<Attribut>
<FaceType>Wall</FaceType>
<TextureRatio>2.12123</TextureRatio>
<ImageOrigine>3_6098.tif</ImageOrigine>
<CropImageOrigine>232 2979 191 2954
</CropImageOrigine>
</Attribut>
</TexturedSurface>
<TexturedSurface Id ="94148">
<Attribut>
<FaceType>Wall</FaceType>
<TextureRatio>2.75808</TextureRatio>
<ImageOrigine>3_6098.tif</ImageOrigine>
<CropImageOrigine>229 2976 187 2954
</CropImageOrigine>
</Attribut>
</TexturedSurface>
<TexturedSurface Id ="94151">
<Attribut>
<FaceType>Wall</FaceType>
<TextureRatio>3.92669</TextureRatio>
<ImageOrigine>3_6093.tif</ImageOrigine>
<CropImageOrigine>3692 2593 3592 2564
</CropImageOrigine>
</Attribut>
</TexturedSurface>
<TexturedSurface Id ="94154">
<Attribut>
<FaceType>Wall</FaceType>
<TextureRatio>2.75756</TextureRatio>
<ImageOrigine>3_6093.tif</ImageOrigine>
<CropImageOrigine>3621 2597 3586 2576
</CropImageOrigine>
</Attribut>
</TexturedSurface>
<TexturedSurface Id ="94157">
<Attribut>
<FaceType>Wall</FaceType>
<TextureRatio>2.5178</TextureRatio>
<ImageOrigine>3_6093.tif</ImageOrigine>
<CropImageOrigine>3614 2604 3584 2580
</CropImageOrigine>
</Attribut>
</TexturedSurface>
<TexturedSurface Id ="94160">
<Attribut>
<FaceType>Wall</FaceType>
<TextureRatio>3.21338</TextureRatio>
<ImageOrigine>3_6093.tif</ImageOrigine>
<CropImageOrigine>3617 2628 3584 2587
</CropImageOrigine>
</Attribut>
</TexturedSurface>
<TexturedSurface Id ="94163">
<Attribut>
<FaceType>Wall</FaceType>
<TextureRatio>5.93657</TextureRatio>
<ImageOrigine>3_6093.tif</ImageOrigine>
<CropImageOrigine>3620 2633 3587 2611
</CropImageOrigine>
</Attribut>
</TexturedSurface>
<TexturedSurface Id ="94166">
<Attribut>
<FaceType>Wall</FaceType>
<TextureRatio>2.20246</TextureRatio>
<ImageOrigine>2_6079.tif</ImageOrigine>
<CropImageOrigine>663 3673 634 3637
</CropImageOrigine>
</Attribut>
</TexturedSurface>
<TexturedSurface Id ="94169">
<Attribut>
<FaceType>Wall</FaceType>
<TextureRatio>3.7741</TextureRatio>
<ImageOrigine>3_6093.tif</ImageOrigine>
<CropImageOrigine>3625 2638 3583 2618
</CropImageOrigine>
</Attribut>
</TexturedSurface>
<TexturedSurface Id ="94172">
<Attribut>
<FaceType>Wall</FaceType>
<TextureRatio>3.22726</TextureRatio>
<ImageOrigine>3_6093.tif</ImageOrigine>
<CropImageOrigine>3670 3016 3583 2620
</CropImageOrigine>
</Attribut>
</TexturedSurface>
<TexturedSurface Id ="94175">
<Attribut>
<FaceType>Wall</FaceType>
</Attribut>
</TexturedSurface>
<TexturedSurface Id ="94178">
<Attribut>
<FaceType>Wall</FaceType>
<TextureRatio>1.97533</TextureRatio>
<ImageOrigine>3_6098.tif</ImageOrigine>
<CropImageOrigine>74 3408 32 3332
</CropImageOrigine>
</Attribut>
</TexturedSurface>
<TexturedSurface Id ="94181">
<Attribut>
<FaceType>Wall</FaceType>
<TextureRatio>2.8968</TextureRatio>
<ImageOrigine>3_6093.tif</ImageOrigine>
<CropImageOrigine>3570 3001 3444 2960
</CropImageOrigine>
</Attribut>
</TexturedSurface>
<TexturedSurface Id ="94184">
<Attribut>
<FaceType>Wall</FaceType>
<TextureRatio>3.78675</TextureRatio>
<ImageOrigine>3_6093.tif</ImageOrigine>
<CropImageOrigine>3477 3048 3444 2977
</CropImageOrigine>
</Attribut>
</TexturedSurface>
<TexturedSurface Id ="94187">
<Attribut>
<FaceType>Wall</FaceType>
</Attribut>
</TexturedSurface>
<TexturedSurface Id ="94190">
<Attribut>
<FaceType>Wall</FaceType>
</Attribut>
</TexturedSurface>
<TexturedSurface Id ="94193">
<Attribut>
<FaceType>Wall</FaceType>
</Attribut>
</TexturedSurface>
<TexturedSurface Id ="94196">
<Attribut>
<FaceType>Wall</FaceType>
<TextureRatio>2.10291</TextureRatio>
<ImageOrigine>2_6081.tif</ImageOrigine>
<CropImageOrigine>241 3918 199 3840
</CropImageOrigine>
</Attribut>
</TexturedSurface>
<TexturedSurface Id ="94199">
<Attribut>
<FaceType>Wall</FaceType>
<TextureRatio>2.28988</TextureRatio>
<ImageOrigine>1_6048.tif</ImageOrigine>
<CropImageOrigine>822 104 704 63
</CropImageOrigine>
</Attribut>
</TexturedSurface>
<TexturedSurface Id ="94202">
<Attribut>
<FaceType>Wall</FaceType>
<TextureRatio>2.41417</TextureRatio>
<ImageOrigine>2_6074.tif</ImageOrigine>
<CropImageOrigine>3526 2347 3494 2295
</CropImageOrigine>
</Attribut>
</TexturedSurface>
<TexturedSurface Id ="94205">
<Attribut>
<FaceType>Wall</FaceType>
</Attribut>
</TexturedSurface>
<TexturedSurface Id ="94208">
<Attribut>
<FaceType>Wall</FaceType>
</Attribut>
</TexturedSurface>
<TexturedSurface Id ="94211">
<Attribut>
<FaceType>Wall</FaceType>
</Attribut>
</TexturedSurface>
</WallSurface >
</BuildingPart >
</Building >
</CityModel>
</Chantier_Bati3D>
