<Chantier_Bati3D>
<Bbox>
<Xmin>533178.990</Xmin>
<Xmax>533185.010</Xmax>
<Ymin>152547.790</Ymin>
<Ymax>152555.610</Ymax>
<Zmin>395.059</Zmin>
<Zmax>414.350</Zmax>
</Bbox>
<CityModel Id ="80592">
<Building  Id ="82507">
<Attribut>
<centre>533182.000 147528.630</centre>
</Attribut>
<BuildingPart  Id ="82508">
<RoofSurface  Id ="82514">
<TexturedSurface Id ="82515">
<Attribut>
<FaceType>Roof</FaceType>
<TextureRatio>0.999865</TextureRatio>
<ImageOrigine>2_6079.tif</ImageOrigine>
<CropImageOrigine>625 3291 579 3234
</CropImageOrigine>
</Attribut>
</TexturedSurface>
</RoofSurface >
<WallSurface  Id ="94217">
<TexturedSurface Id ="94218">
<Attribut>
<FaceType>Wall</FaceType>
<TextureRatio>1.72031</TextureRatio>
<ImageOrigine>3_6098.tif</ImageOrigine>
<CropImageOrigine>234 3416 173 3368
</CropImageOrigine>
</Attribut>
</TexturedSurface>
<TexturedSurface Id ="94221">
<Attribut>
<FaceType>Wall</FaceType>
<TextureRatio>2.79867</TextureRatio>
<ImageOrigine>3_6093.tif</ImageOrigine>
<CropImageOrigine>3755 3019 3671 2974
</CropImageOrigine>
</Attribut>
</TexturedSurface>
<TexturedSurface Id ="94224">
<Attribut>
<FaceType>Wall</FaceType>
<TextureRatio>2.18137</TextureRatio>
<ImageOrigine>3_6093.tif</ImageOrigine>
<CropImageOrigine>3719 3020 3669 2980
</CropImageOrigine>
</Attribut>
</TexturedSurface>
<TexturedSurface Id ="94227">
<Attribut>
<FaceType>Wall</FaceType>
<TextureRatio>3.09989</TextureRatio>
<ImageOrigine>3_6093.tif</ImageOrigine>
<CropImageOrigine>3725 3069 3669 2981
</CropImageOrigine>
</Attribut>
</TexturedSurface>
<TexturedSurface Id ="94230">
<Attribut>
<FaceType>Wall</FaceType>
<TextureRatio>2.8362</TextureRatio>
<ImageOrigine>2_6079.tif</ImageOrigine>
<CropImageOrigine>662 3237 624 3200
</CropImageOrigine>
</Attribut>
</TexturedSurface>
<TexturedSurface Id ="94233">
<Attribut>
<FaceType>Wall</FaceType>
<TextureRatio>3.50953</TextureRatio>
<ImageOrigine>2_6079.tif</ImageOrigine>
<CropImageOrigine>661 3236 584 3198
</CropImageOrigine>
</Attribut>
</TexturedSurface>
<TexturedSurface Id ="94236">
<Attribut>
<FaceType>Wall</FaceType>
<TextureRatio>3.96668</TextureRatio>
<ImageOrigine>2_6074.tif</ImageOrigine>
<CropImageOrigine>3389 2403 3342 2388
</CropImageOrigine>
</Attribut>
</TexturedSurface>
<TexturedSurface Id ="94239">
<Attribut>
<FaceType>Wall</FaceType>
<TextureRatio>2.1442</TextureRatio>
<ImageOrigine>3_6098.tif</ImageOrigine>
<CropImageOrigine>236 3466 175 3370
</CropImageOrigine>
</Attribut>
</TexturedSurface>
</WallSurface >
</BuildingPart >
</Building >
</CityModel>
</Chantier_Bati3D>
