<Chantier_Bati3D>
<Bbox>
<Xmin>533160.760</Xmin>
<Xmax>533173.900</Xmax>
<Ymin>152555.330</Ymin>
<Ymax>152561.960</Ymax>
<Zmin>395.186</Zmin>
<Zmax>399.600</Zmax>
</Bbox>
<CityModel Id ="80592">
<Building  Id ="82518">
<Attribut>
<centre>533167.330 147531.805</centre>
</Attribut>
<BuildingPart  Id ="82519">
<RoofSurface  Id ="82525">
<TexturedSurface Id ="82526">
<Attribut>
<FaceType>Roof</FaceType>
<TextureRatio>0.999964</TextureRatio>
<ImageOrigine>3_6095.tif</ImageOrigine>
<CropImageOrigine>2183 3353 2089 3296
</CropImageOrigine>
</Attribut>
</TexturedSurface>
</RoofSurface >
<WallSurface  Id ="94245">
<TexturedSurface Id ="94246">
<Attribut>
<FaceType>Wall</FaceType>
<TextureRatio>2.91552</TextureRatio>
<ImageOrigine>3_6093.tif</ImageOrigine>
<CropImageOrigine>3640 2969 3543 2946
</CropImageOrigine>
</Attribut>
</TexturedSurface>
<TexturedSurface Id ="94249">
<Attribut>
<FaceType>Wall</FaceType>
</Attribut>
</TexturedSurface>
<TexturedSurface Id ="94252">
<Attribut>
<FaceType>Wall</FaceType>
</Attribut>
</TexturedSurface>
<TexturedSurface Id ="94255">
<Attribut>
<FaceType>Wall</FaceType>
</Attribut>
</TexturedSurface>
</WallSurface >
</BuildingPart >
</Building >
</CityModel>
</Chantier_Bati3D>
