<Chantier_Bati3D>
<Bbox>
<Xmin>533189.560</Xmin>
<Xmax>533196.760</Xmax>
<Ymin>152575.640</Ymin>
<Ymax>152605.160</Ymax>
<Zmin>394.972</Zmin>
<Zmax>403.500</Zmax>
</Bbox>
<CityModel Id ="80592">
<Building  Id ="82529">
<Attribut>
<centre>533193.160 147553.405</centre>
</Attribut>
<BuildingPart  Id ="82530">
<RoofSurface  Id ="82536">
<TexturedSurface Id ="82537">
<Attribut>
<FaceType>Roof</FaceType>
<TextureRatio>0.999946</TextureRatio>
<ImageOrigine>3_6096.tif</ImageOrigine>
<CropImageOrigine>1700 3113 1619 2910
</CropImageOrigine>
</Attribut>
</TexturedSurface>
</RoofSurface >
<WallSurface  Id ="94261">
<TexturedSurface Id ="94262">
<Attribut>
<FaceType>Wall</FaceType>
<TextureRatio>3.71765</TextureRatio>
<ImageOrigine>3_6098.tif</ImageOrigine>
<CropImageOrigine>293 3060 219 3041
</CropImageOrigine>
</Attribut>
</TexturedSurface>
<TexturedSurface Id ="94265">
<Attribut>
<FaceType>Wall</FaceType>
</Attribut>
</TexturedSurface>
<TexturedSurface Id ="94268">
<Attribut>
<FaceType>Wall</FaceType>
<TextureRatio>3.09726</TextureRatio>
<ImageOrigine>2_6079.tif</ImageOrigine>
<CropImageOrigine>580 3403 511 3383
</CropImageOrigine>
</Attribut>
</TexturedSurface>
<TexturedSurface Id ="94271">
<Attribut>
<FaceType>Wall</FaceType>
<TextureRatio>1.96688</TextureRatio>
<ImageOrigine>2_6073.tif</ImageOrigine>
<CropImageOrigine>3971 2448 3944 2257
</CropImageOrigine>
</Attribut>
</TexturedSurface>
</WallSurface >
</BuildingPart >
</Building >
</CityModel>
</Chantier_Bati3D>
