<Chantier_Bati3D>
<Bbox>
<Xmin>533167.240</Xmin>
<Xmax>533174.440</Xmax>
<Ymin>152575.640</Ymin>
<Ymax>152605.160</Ymax>
<Zmin>395.194</Zmin>
<Zmax>403.500</Zmax>
</Bbox>
<CityModel Id ="80592">
<Building  Id ="82540">
<Attribut>
<centre>533170.840 147553.405</centre>
</Attribut>
<BuildingPart  Id ="82541">
<RoofSurface  Id ="82547">
<TexturedSurface Id ="82548">
<Attribut>
<FaceType>Roof</FaceType>
<TextureRatio>0.999861</TextureRatio>
<ImageOrigine>2_6079.tif</ImageOrigine>
<CropImageOrigine>717 3612 657 3407
</CropImageOrigine>
</Attribut>
</TexturedSurface>
</RoofSurface >
<WallSurface  Id ="94277">
<TexturedSurface Id ="94278">
<Attribut>
<FaceType>Wall</FaceType>
<TextureRatio>3.09674</TextureRatio>
<ImageOrigine>2_6079.tif</ImageOrigine>
<CropImageOrigine>732 3408 667 3389
</CropImageOrigine>
</Attribut>
</TexturedSurface>
<TexturedSurface Id ="94281">
<Attribut>
<FaceType>Wall</FaceType>
</Attribut>
</TexturedSurface>
<TexturedSurface Id ="94284">
<Attribut>
<FaceType>Wall</FaceType>
<TextureRatio>3.62916</TextureRatio>
<ImageOrigine>3_6093.tif</ImageOrigine>
<CropImageOrigine>3610 2688 3543 2667
</CropImageOrigine>
</Attribut>
</TexturedSurface>
<TexturedSurface Id ="94287">
<Attribut>
<FaceType>Wall</FaceType>
<TextureRatio>3.36181</TextureRatio>
<ImageOrigine>3_6093.tif</ImageOrigine>
<CropImageOrigine>3592 2881 3543 2675
</CropImageOrigine>
</Attribut>
</TexturedSurface>
</WallSurface >
</BuildingPart >
</Building >
</CityModel>
</Chantier_Bati3D>
