<Chantier_Bati3D>
<Bbox>
<Xmin>533137.470</Xmin>
<Xmax>533192.330</Xmax>
<Ymin>152511.670</Ymin>
<Ymax>152564.730</Ymax>
<Zmin>394.993</Zmin>
<Zmax>411.300</Zmax>
</Bbox>
<CityModel Id ="80592">
<Building  Id ="82551">
<Attribut>
<centre>533164.900 147533.190</centre>
</Attribut>
<BuildingPart  Id ="82552">
<RoofSurface  Id ="82558">
<TexturedSurface Id ="82559">
<Attribut>
<FaceType>Roof</FaceType>
<TextureRatio>0.998375</TextureRatio>
<ImageOrigine>2_6079.tif</ImageOrigine>
<CropImageOrigine>926 3349 533 2976
</CropImageOrigine>
</Attribut>
</TexturedSurface>
</RoofSurface >
<WallSurface  Id ="94293">
<TexturedSurface Id ="94294">
<Attribut>
<FaceType>Wall</FaceType>
<TextureRatio>6.77493</TextureRatio>
<ImageOrigine>2_6076.tif</ImageOrigine>
<CropImageOrigine>2437 2637 2412 2620
</CropImageOrigine>
</Attribut>
</TexturedSurface>
<TexturedSurface Id ="94297">
<Attribut>
<FaceType>Wall</FaceType>
<TextureRatio>1.92923</TextureRatio>
<ImageOrigine>2_6073.tif</ImageOrigine>
<CropImageOrigine>4024 2141 3970 2027
</CropImageOrigine>
</Attribut>
</TexturedSurface>
<TexturedSurface Id ="94300">
<Attribut>
<FaceType>Wall</FaceType>
<TextureRatio>2.85308</TextureRatio>
<ImageOrigine>3_6098.tif</ImageOrigine>
<CropImageOrigine>282 3406 222 3365
</CropImageOrigine>
</Attribut>
</TexturedSurface>
<TexturedSurface Id ="94303">
<Attribut>
<FaceType>Wall</FaceType>
<TextureRatio>2.17512</TextureRatio>
<ImageOrigine>3_6098.tif</ImageOrigine>
<CropImageOrigine>270 3405 218 3307
</CropImageOrigine>
</Attribut>
</TexturedSurface>
<TexturedSurface Id ="94306">
<Attribut>
<FaceType>Wall</FaceType>
<TextureRatio>3.04534</TextureRatio>
<ImageOrigine>3_6095.tif</ImageOrigine>
<CropImageOrigine>2290 3305 2169 3252
</CropImageOrigine>
</Attribut>
</TexturedSurface>
<TexturedSurface Id ="94309">
<Attribut>
<FaceType>Wall</FaceType>
<TextureRatio>3.23307</TextureRatio>
<ImageOrigine>3_6093.tif</ImageOrigine>
<CropImageOrigine>3672 3019 3624 2928
</CropImageOrigine>
</Attribut>
</TexturedSurface>
<TexturedSurface Id ="94312">
<Attribut>
<FaceType>Wall</FaceType>
<TextureRatio>2.91647</TextureRatio>
<ImageOrigine>3_6095.tif</ImageOrigine>
<CropImageOrigine>2183 3376 2100 3327
</CropImageOrigine>
</Attribut>
</TexturedSurface>
<TexturedSurface Id ="94315">
<Attribut>
<FaceType>Wall</FaceType>
<TextureRatio>1.97494</TextureRatio>
<ImageOrigine>3_6098.tif</ImageOrigine>
<CropImageOrigine>80 3411 27 3361
</CropImageOrigine>
</Attribut>
</TexturedSurface>
<TexturedSurface Id ="94318">
<Attribut>
<FaceType>Wall</FaceType>
<TextureRatio>2.94083</TextureRatio>
<ImageOrigine>3_6095.tif</ImageOrigine>
<CropImageOrigine>2102 3381 1986 3327
</CropImageOrigine>
</Attribut>
</TexturedSurface>
<TexturedSurface Id ="94321">
<Attribut>
<FaceType>Wall</FaceType>
<TextureRatio>3.79671</TextureRatio>
<ImageOrigine>3_6093.tif</ImageOrigine>
<CropImageOrigine>3478 3051 3442 3006
</CropImageOrigine>
</Attribut>
</TexturedSurface>
<TexturedSurface Id ="94324">
<Attribut>
<FaceType>Wall</FaceType>
<TextureRatio>2.80651</TextureRatio>
<ImageOrigine>3_6093.tif</ImageOrigine>
<CropImageOrigine>3477 3059 3397 3018
</CropImageOrigine>
</Attribut>
</TexturedSurface>
<TexturedSurface Id ="94327">
<Attribut>
<FaceType>Wall</FaceType>
<TextureRatio>2.15418</TextureRatio>
<ImageOrigine>2_6081.tif</ImageOrigine>
<CropImageOrigine>310 4032 249 3872
</CropImageOrigine>
</Attribut>
</TexturedSurface>
<TexturedSurface Id ="94330">
<Attribut>
<FaceType>Wall</FaceType>
<TextureRatio>2.23943</TextureRatio>
<ImageOrigine>1_6048.tif</ImageOrigine>
<CropImageOrigine>720 72 641 25
</CropImageOrigine>
</Attribut>
</TexturedSurface>
<TexturedSurface Id ="94333">
<Attribut>
<FaceType>Wall</FaceType>
<TextureRatio>2.10284</TextureRatio>
<ImageOrigine>2_6081.tif</ImageOrigine>
<CropImageOrigine>247 3920 198 3867
</CropImageOrigine>
</Attribut>
</TexturedSurface>
<TexturedSurface Id ="94336">
<Attribut>
<FaceType>Wall</FaceType>
<TextureRatio>2.25281</TextureRatio>
<ImageOrigine>1_6048.tif</ImageOrigine>
<CropImageOrigine>826 79 687 26
</CropImageOrigine>
</Attribut>
</TexturedSurface>
<TexturedSurface Id ="94339">
<Attribut>
<FaceType>Wall</FaceType>
<TextureRatio>2.41531</TextureRatio>
<ImageOrigine>2_6074.tif</ImageOrigine>
<CropImageOrigine>3530 2343 3488 2321
</CropImageOrigine>
</Attribut>
</TexturedSurface>
<TexturedSurface Id ="94342">
<Attribut>
<FaceType>Wall</FaceType>
<TextureRatio>2.23989</TextureRatio>
<ImageOrigine>1_6048.tif</ImageOrigine>
<CropImageOrigine>896 58 793 7
</CropImageOrigine>
</Attribut>
</TexturedSurface>
<TexturedSurface Id ="94345">
<Attribut>
<FaceType>Wall</FaceType>
<TextureRatio>3.23286</TextureRatio>
<ImageOrigine>3_6093.tif</ImageOrigine>
<CropImageOrigine>3716 3306 3649 3095
</CropImageOrigine>
</Attribut>
</TexturedSurface>
<TexturedSurface Id ="94348">
<Attribut>
<FaceType>Wall</FaceType>
<TextureRatio>2.45527</TextureRatio>
<ImageOrigine>1_6048.tif</ImageOrigine>
<CropImageOrigine>1018 220 883 170
</CropImageOrigine>
</Attribut>
</TexturedSurface>
<TexturedSurface Id ="94351">
<Attribut>
<FaceType>Wall</FaceType>
<TextureRatio>1.91905</TextureRatio>
<ImageOrigine>2_6073.tif</ImageOrigine>
<CropImageOrigine>4035 2032 3981 1858
</CropImageOrigine>
</Attribut>
</TexturedSurface>
</WallSurface >
</BuildingPart >
</Building >
</CityModel>
</Chantier_Bati3D>
