<Chantier_Bati3D>
<Bbox>
<Xmin>532842.704</Xmin>
<Xmax>532887.430</Xmax>
<Ymin>152316.800</Ymin>
<Ymax>152323.996</Ymax>
<Zmin>397.397</Zmin>
<Zmax>407.400</Zmax>
</Bbox>
<CityModel Id ="80592">
<Building  Id ="82562">
<Attribut>
<centre>532865.067 147412.823</centre>
</Attribut>
<BuildingPart  Id ="82563">
<RoofSurface  Id ="82569">
<TexturedSurface Id ="82570">
<Attribut>
<FaceType>Roof</FaceType>
<TextureRatio>1.00001</TextureRatio>
<ImageOrigine>2_6078.tif</ImageOrigine>
<CropImageOrigine>3847 1609 3541 1543
</CropImageOrigine>
</Attribut>
</TexturedSurface>
</RoofSurface >
<WallSurface  Id ="94357">
<TexturedSurface Id ="94358">
<Attribut>
<FaceType>Wall</FaceType>
<TextureRatio>2.96827</TextureRatio>
<ImageOrigine>2_6078.tif</ImageOrigine>
<CropImageOrigine>3542 1588 3518 1560
</CropImageOrigine>
</Attribut>
</TexturedSurface>
<TexturedSurface Id ="94361">
<Attribut>
<FaceType>Wall</FaceType>
<TextureRatio>8.2343</TextureRatio>
<ImageOrigine>2_6078.tif</ImageOrigine>
<CropImageOrigine>3544 1588 3518 1580
</CropImageOrigine>
</Attribut>
</TexturedSurface>
<TexturedSurface Id ="94364">
<Attribut>
<FaceType>Wall</FaceType>
<TextureRatio>2.96464</TextureRatio>
<ImageOrigine>2_6078.tif</ImageOrigine>
<CropImageOrigine>3543 1599 3519 1580
</CropImageOrigine>
</Attribut>
</TexturedSurface>
<TexturedSurface Id ="94367">
<Attribut>
<FaceType>Wall</FaceType>
<TextureRatio>8.4079</TextureRatio>
<ImageOrigine>2_6078.tif</ImageOrigine>
<CropImageOrigine>3842 1615 3519 1591
</CropImageOrigine>
</Attribut>
</TexturedSurface>
<TexturedSurface Id ="94370">
<Attribut>
<FaceType>Wall</FaceType>
<TextureRatio>2.13968</TextureRatio>
<ImageOrigine>1_6040.tif</ImageOrigine>
<CropImageOrigine>3938 697 3910 675
</CropImageOrigine>
</Attribut>
</TexturedSurface>
<TexturedSurface Id ="94373">
<Attribut>
<FaceType>Wall</FaceType>
<TextureRatio>14.8833</TextureRatio>
<ImageOrigine>2_6082.tif</ImageOrigine>
<CropImageOrigine>1189 1832 1173 1828
</CropImageOrigine>
</Attribut>
</TexturedSurface>
<TexturedSurface Id ="94376">
<Attribut>
<FaceType>Wall</FaceType>
<TextureRatio>2.14324</TextureRatio>
<ImageOrigine>1_6040.tif</ImageOrigine>
<CropImageOrigine>3936 717 3908 684
</CropImageOrigine>
</Attribut>
</TexturedSurface>
<TexturedSurface Id ="94379">
<Attribut>
<FaceType>Wall</FaceType>
</Attribut>
</TexturedSurface>
<TexturedSurface Id ="94382">
<Attribut>
<FaceType>Wall</FaceType>
</Attribut>
</TexturedSurface>
<TexturedSurface Id ="94385">
<Attribut>
<FaceType>Wall</FaceType>
</Attribut>
</TexturedSurface>
<TexturedSurface Id ="94388">
<Attribut>
<FaceType>Wall</FaceType>
</Attribut>
</TexturedSurface>
<TexturedSurface Id ="94391">
<Attribut>
<FaceType>Wall</FaceType>
</Attribut>
</TexturedSurface>
<TexturedSurface Id ="94394">
<Attribut>
<FaceType>Wall</FaceType>
</Attribut>
</TexturedSurface>
<TexturedSurface Id ="94397">
<Attribut>
<FaceType>Wall</FaceType>
</Attribut>
</TexturedSurface>
</WallSurface >
</BuildingPart >
</Building >
</CityModel>
</Chantier_Bati3D>
