<Chantier_Bati3D>
<Bbox>
<Xmin>532749.270</Xmin>
<Xmax>532794.100</Xmax>
<Ymin>152273.600</Ymin>
<Ymax>152280.800</Ymax>
<Zmin>398.986</Zmin>
<Zmax>407.400</Zmax>
</Bbox>
<CityModel Id ="80592">
<Building  Id ="82573">
<Attribut>
<centre>532771.685 147391.225</centre>
</Attribut>
<BuildingPart  Id ="82574">
<RoofSurface  Id ="82580">
<TexturedSurface Id ="82581">
<Attribut>
<FaceType>Roof</FaceType>
<TextureRatio>0.999999</TextureRatio>
<ImageOrigine>2_6084.tif</ImageOrigine>
<CropImageOrigine>338 1643 24 1557
</CropImageOrigine>
</Attribut>
</TexturedSurface>
</RoofSurface >
<WallSurface  Id ="94403">
<TexturedSurface Id ="94404">
<Attribut>
<FaceType>Wall</FaceType>
<TextureRatio>6.87484</TextureRatio>
<ImageOrigine>2_6079.tif</ImageOrigine>
<CropImageOrigine>3339 1532 3315 1524
</CropImageOrigine>
</Attribut>
</TexturedSurface>
<TexturedSurface Id ="94407">
<Attribut>
<FaceType>Wall</FaceType>
<TextureRatio>2.81928</TextureRatio>
<ImageOrigine>2_6079.tif</ImageOrigine>
<CropImageOrigine>3338 1541 3318 1524
</CropImageOrigine>
</Attribut>
</TexturedSurface>
<TexturedSurface Id ="94410">
<Attribut>
<FaceType>Wall</FaceType>
<TextureRatio>7.25661</TextureRatio>
<ImageOrigine>2_6084.tif</ImageOrigine>
<CropImageOrigine>355 1648 31 1606
</CropImageOrigine>
</Attribut>
</TexturedSurface>
<TexturedSurface Id ="94413">
<Attribut>
<FaceType>Wall</FaceType>
<TextureRatio>2.89276</TextureRatio>
<ImageOrigine>2_6084.tif</ImageOrigine>
<CropImageOrigine>355 1612 334 1596
</CropImageOrigine>
</Attribut>
</TexturedSurface>
<TexturedSurface Id ="94416">
<Attribut>
<FaceType>Wall</FaceType>
<TextureRatio>7.12973</TextureRatio>
<ImageOrigine>2_6084.tif</ImageOrigine>
<CropImageOrigine>356 1602 334 1596
</CropImageOrigine>
</Attribut>
</TexturedSurface>
<TexturedSurface Id ="94419">
<Attribut>
<FaceType>Wall</FaceType>
<TextureRatio>2.89744</TextureRatio>
<ImageOrigine>2_6084.tif</ImageOrigine>
<CropImageOrigine>356 1601 334 1571
</CropImageOrigine>
</Attribut>
</TexturedSurface>
<TexturedSurface Id ="94422">
<Attribut>
<FaceType>Wall</FaceType>
<TextureRatio>3.22051</TextureRatio>
<ImageOrigine>1_6040.tif</ImageOrigine>
<CropImageOrigine>3368 1052 3348 1041
</CropImageOrigine>
</Attribut>
</TexturedSurface>
<TexturedSurface Id ="94425">
<Attribut>
<FaceType>Wall</FaceType>
<TextureRatio>2.89053</TextureRatio>
<ImageOrigine>2_6084.tif</ImageOrigine>
<CropImageOrigine>349 1574 328 1557
</CropImageOrigine>
</Attribut>
</TexturedSurface>
<TexturedSurface Id ="94428">
<Attribut>
<FaceType>Wall</FaceType>
</Attribut>
</TexturedSurface>
<TexturedSurface Id ="94431">
<Attribut>
<FaceType>Wall</FaceType>
</Attribut>
</TexturedSurface>
<TexturedSurface Id ="94434">
<Attribut>
<FaceType>Wall</FaceType>
</Attribut>
</TexturedSurface>
<TexturedSurface Id ="94437">
<Attribut>
<FaceType>Wall</FaceType>
</Attribut>
</TexturedSurface>
<TexturedSurface Id ="94440">
<Attribut>
<FaceType>Wall</FaceType>
</Attribut>
</TexturedSurface>
<TexturedSurface Id ="94443">
<Attribut>
<FaceType>Wall</FaceType>
<TextureRatio>6.94601</TextureRatio>
<ImageOrigine>2_6079.tif</ImageOrigine>
<CropImageOrigine>3355 1512 3316 1486
</CropImageOrigine>
</Attribut>
</TexturedSurface>
<TexturedSurface Id ="94446">
<Attribut>
<FaceType>Wall</FaceType>
<TextureRatio>2.82599</TextureRatio>
<ImageOrigine>2_6079.tif</ImageOrigine>
<CropImageOrigine>3335 1532 3315 1504
</CropImageOrigine>
</Attribut>
</TexturedSurface>
</WallSurface >
</BuildingPart >
</Building >
</CityModel>
</Chantier_Bati3D>
