<Chantier_Bati3D>
<Bbox>
<Xmin>532842.700</Xmin>
<Xmax>532887.704</Xmax>
<Ymin>152273.600</Ymin>
<Ymax>152280.796</Ymax>
<Zmin>397.195</Zmin>
<Zmax>407.400</Zmax>
</Bbox>
<CityModel Id ="80592">
<Building  Id ="82584">
<Attribut>
<centre>532865.202 147391.223</centre>
</Attribut>
<BuildingPart  Id ="82585">
<RoofSurface  Id ="82591">
<TexturedSurface Id ="82592">
<Attribut>
<FaceType>Roof</FaceType>
<TextureRatio>1</TextureRatio>
<ImageOrigine>2_6078.tif</ImageOrigine>
<CropImageOrigine>3865 1316 3557 1250
</CropImageOrigine>
</Attribut>
</TexturedSurface>
</RoofSurface >
<WallSurface  Id ="94452">
<TexturedSurface Id ="94453">
<Attribut>
<FaceType>Wall</FaceType>
<TextureRatio>5.27931</TextureRatio>
<ImageOrigine>2_6078.tif</ImageOrigine>
<CropImageOrigine>3561 1301 3533 1288
</CropImageOrigine>
</Attribut>
</TexturedSurface>
<TexturedSurface Id ="94456">
<Attribut>
<FaceType>Wall</FaceType>
<TextureRatio>2.96508</TextureRatio>
<ImageOrigine>2_6078.tif</ImageOrigine>
<CropImageOrigine>3561 1310 3536 1289
</CropImageOrigine>
</Attribut>
</TexturedSurface>
<TexturedSurface Id ="94459">
<Attribut>
<FaceType>Wall</FaceType>
<TextureRatio>5.33748</TextureRatio>
<ImageOrigine>2_6078.tif</ImageOrigine>
<CropImageOrigine>3860 1326 3536 1298
</CropImageOrigine>
</Attribut>
</TexturedSurface>
<TexturedSurface Id ="94462">
<Attribut>
<FaceType>Wall</FaceType>
<TextureRatio>2.14023</TextureRatio>
<ImageOrigine>1_6040.tif</ImageOrigine>
<CropImageOrigine>3952 972 3923 953
</CropImageOrigine>
</Attribut>
</TexturedSurface>
<TexturedSurface Id ="94465">
<Attribut>
<FaceType>Wall</FaceType>
<TextureRatio>7.43303</TextureRatio>
<ImageOrigine>2_6082.tif</ImageOrigine>
<CropImageOrigine>1153 1549 1136 1541
</CropImageOrigine>
</Attribut>
</TexturedSurface>
<TexturedSurface Id ="94468">
<Attribut>
<FaceType>Wall</FaceType>
<TextureRatio>2.14366</TextureRatio>
<ImageOrigine>1_6040.tif</ImageOrigine>
<CropImageOrigine>3949 992 3921 962
</CropImageOrigine>
</Attribut>
</TexturedSurface>
<TexturedSurface Id ="94471">
<Attribut>
<FaceType>Wall</FaceType>
<TextureRatio>6.09669</TextureRatio>
<ImageOrigine>1_6042.tif</ImageOrigine>
<CropImageOrigine>3003 1419 2971 1399
</CropImageOrigine>
</Attribut>
</TexturedSurface>
<TexturedSurface Id ="94474">
<Attribut>
<FaceType>Wall</FaceType>
</Attribut>
</TexturedSurface>
<TexturedSurface Id ="94477">
<Attribut>
<FaceType>Wall</FaceType>
</Attribut>
</TexturedSurface>
<TexturedSurface Id ="94480">
<Attribut>
<FaceType>Wall</FaceType>
</Attribut>
</TexturedSurface>
<TexturedSurface Id ="94483">
<Attribut>
<FaceType>Wall</FaceType>
</Attribut>
</TexturedSurface>
<TexturedSurface Id ="94486">
<Attribut>
<FaceType>Wall</FaceType>
</Attribut>
</TexturedSurface>
<TexturedSurface Id ="94489">
<Attribut>
<FaceType>Wall</FaceType>
<TextureRatio>4.25017</TextureRatio>
<ImageOrigine>1_6045.tif</ImageOrigine>
<CropImageOrigine>901 1807 868 1786
</CropImageOrigine>
</Attribut>
</TexturedSurface>
<TexturedSurface Id ="94492">
<Attribut>
<FaceType>Wall</FaceType>
<TextureRatio>2.97026</TextureRatio>
<ImageOrigine>2_6078.tif</ImageOrigine>
<CropImageOrigine>3558 1301 3533 1268
</CropImageOrigine>
</Attribut>
</TexturedSurface>
</WallSurface >
</BuildingPart >
</Building >
</CityModel>
</Chantier_Bati3D>
