<Chantier_Bati3D>
<Bbox>
<Xmin>532795.088</Xmin>
<Xmax>532841.712</Xmax>
<Ymin>152269.498</Ymin>
<Ymax>152313.702</Ymax>
<Zmin>398.070</Zmin>
<Zmax>408.250</Zmax>
</Bbox>
<CityModel Id ="80592">
<Building  Id ="82595">
<Attribut>
<centre>532818.400 147407.676</centre>
</Attribut>
<BuildingPart  Id ="82596">
<RoofSurface  Id ="82602">
<TexturedSurface Id ="82603">
<Attribut>
<FaceType>Roof</FaceType>
<TextureRatio>1</TextureRatio>
<ImageOrigine>2_6082.tif</ImageOrigine>
<CropImageOrigine>1481 1748 1142 1453
</CropImageOrigine>
</Attribut>
</TexturedSurface>
</RoofSurface >
<WallSurface  Id ="94498">
<TexturedSurface Id ="94499">
<Attribut>
<FaceType>Wall</FaceType>
<TextureRatio>3.19487</TextureRatio>
<ImageOrigine>1_6045.tif</ImageOrigine>
<CropImageOrigine>604 1689 536 1628
</CropImageOrigine>
</Attribut>
</TexturedSurface>
<TexturedSurface Id ="94502">
<Attribut>
<FaceType>Wall</FaceType>
</Attribut>
</TexturedSurface>
<TexturedSurface Id ="94505">
<Attribut>
<FaceType>Wall</FaceType>
<TextureRatio>5.40082</TextureRatio>
<ImageOrigine>2_6082.tif</ImageOrigine>
<CropImageOrigine>1246 1743 1183 1673
</CropImageOrigine>
</Attribut>
</TexturedSurface>
<TexturedSurface Id ="94508">
<Attribut>
<FaceType>Wall</FaceType>
<TextureRatio>2.42847</TextureRatio>
<ImageOrigine>2_6078.tif</ImageOrigine>
<CropImageOrigine>4018 1556 3905 1455
</CropImageOrigine>
</Attribut>
</TexturedSurface>
<TexturedSurface Id ="94511">
<Attribut>
<FaceType>Wall</FaceType>
<TextureRatio>5.27915</TextureRatio>
<ImageOrigine>1_6040.tif</ImageOrigine>
<CropImageOrigine>3786 858 3685 755
</CropImageOrigine>
</Attribut>
</TexturedSurface>
<TexturedSurface Id ="94514">
<Attribut>
<FaceType>Wall</FaceType>
<TextureRatio>3.15905</TextureRatio>
<ImageOrigine>2_6079.tif</ImageOrigine>
<CropImageOrigine>3310 1728 3234 1661
</CropImageOrigine>
</Attribut>
</TexturedSurface>
<TexturedSurface Id ="94517">
<Attribut>
<FaceType>Wall</FaceType>
</Attribut>
</TexturedSurface>
<TexturedSurface Id ="94520">
<Attribut>
<FaceType>Wall</FaceType>
<TextureRatio>2.55943</TextureRatio>
<ImageOrigine>1_6040.tif</ImageOrigine>
<CropImageOrigine>3700 870 3619 807
</CropImageOrigine>
</Attribut>
</TexturedSurface>
<TexturedSurface Id ="94523">
<Attribut>
<FaceType>Wall</FaceType>
<TextureRatio>5.27827</TextureRatio>
<ImageOrigine>1_6040.tif</ImageOrigine>
<CropImageOrigine>3699 921 3632 858
</CropImageOrigine>
</Attribut>
</TexturedSurface>
<TexturedSurface Id ="94526">
<Attribut>
<FaceType>Wall</FaceType>
<TextureRatio>2.66424</TextureRatio>
<ImageOrigine>1_6040.tif</ImageOrigine>
<CropImageOrigine>3705 965 3632 911
</CropImageOrigine>
</Attribut>
</TexturedSurface>
<TexturedSurface Id ="94529">
<Attribut>
<FaceType>Wall</FaceType>
<TextureRatio>5.76983</TextureRatio>
<ImageOrigine>2_6082.tif</ImageOrigine>
<CropImageOrigine>1461 1546 1402 1473
</CropImageOrigine>
</Attribut>
</TexturedSurface>
<TexturedSurface Id ="94532">
<Attribut>
<FaceType>Wall</FaceType>
</Attribut>
</TexturedSurface>
<TexturedSurface Id ="94535">
<Attribut>
<FaceType>Wall</FaceType>
<TextureRatio>3.0846</TextureRatio>
<ImageOrigine>1_6045.tif</ImageOrigine>
<CropImageOrigine>409 1865 340 1806
</CropImageOrigine>
</Attribut>
</TexturedSurface>
<TexturedSurface Id ="94538">
<Attribut>
<FaceType>Wall</FaceType>
<TextureRatio>2.66487</TextureRatio>
<ImageOrigine>1_6040.tif</ImageOrigine>
<CropImageOrigine>3802 1049 3692 964
</CropImageOrigine>
</Attribut>
</TexturedSurface>
<TexturedSurface Id ="94541">
<Attribut>
<FaceType>Wall</FaceType>
<TextureRatio>3.35515</TextureRatio>
<ImageOrigine>1_6045.tif</ImageOrigine>
<CropImageOrigine>562 1875 472 1788
</CropImageOrigine>
</Attribut>
</TexturedSurface>
<TexturedSurface Id ="94544">
<Attribut>
<FaceType>Wall</FaceType>
<TextureRatio>2.48762</TextureRatio>
<ImageOrigine>1_6040.tif</ImageOrigine>
<CropImageOrigine>3935 1011 3850 949
</CropImageOrigine>
</Attribut>
</TexturedSurface>
<TexturedSurface Id ="94547">
<Attribut>
<FaceType>Wall</FaceType>
</Attribut>
</TexturedSurface>
<TexturedSurface Id ="94550">
<Attribut>
<FaceType>Wall</FaceType>
<TextureRatio>2.33389</TextureRatio>
<ImageOrigine>2_6078.tif</ImageOrigine>
<CropImageOrigine>3931 1352 3845 1278
</CropImageOrigine>
</Attribut>
</TexturedSurface>
<TexturedSurface Id ="94553">
<Attribut>
<FaceType>Wall</FaceType>
<TextureRatio>3.35562</TextureRatio>
<ImageOrigine>1_6045.tif</ImageOrigine>
<CropImageOrigine>609 1779 548 1726
</CropImageOrigine>
</Attribut>
</TexturedSurface>
<TexturedSurface Id ="94556">
<Attribut>
<FaceType>Wall</FaceType>
<TextureRatio>2.42894</TextureRatio>
<ImageOrigine>2_6078.tif</ImageOrigine>
<CropImageOrigine>3924 1452 3847 1388
</CropImageOrigine>
</Attribut>
</TexturedSurface>
</WallSurface >
</BuildingPart >
</Building >
</CityModel>
</Chantier_Bati3D>
