<Chantier_Bati3D>
<Bbox>
<Xmin>532818.386</Xmin>
<Xmax>532820.734</Xmax>
<Ymin>152560.040</Ymin>
<Ymax>152571.465</Ymax>
<Zmin>401.028</Zmin>
<Zmax>403.500</Zmax>
</Bbox>
<CityModel Id ="80592">
<Building  Id ="82606">
<Attribut>
<centre>532819.560 147536.558</centre>
</Attribut>
<BuildingPart  Id ="82607">
<RoofSurface  Id ="82613">
<TexturedSurface Id ="82614">
<Attribut>
<FaceType>Roof</FaceType>
<TextureRatio>0.99989</TextureRatio>
<ImageOrigine>2_6084.tif</ImageOrigine>
<CropImageOrigine>127 3635 100 3555
</CropImageOrigine>
</Attribut>
</TexturedSurface>
</RoofSurface >
<WallSurface  Id ="94562">
<TexturedSurface Id ="94563">
<Attribut>
<FaceType>Wall</FaceType>
</Attribut>
</TexturedSurface>
<TexturedSurface Id ="94566">
<Attribut>
<FaceType>Wall</FaceType>
<TextureRatio>2.26031</TextureRatio>
<ImageOrigine>2_6078.tif</ImageOrigine>
<CropImageOrigine>3884 3287 3872 3204
</CropImageOrigine>
</Attribut>
</TexturedSurface>
<TexturedSurface Id ="94569">
<Attribut>
<FaceType>Wall</FaceType>
</Attribut>
</TexturedSurface>
<TexturedSurface Id ="94572">
<Attribut>
<FaceType>Wall</FaceType>
<TextureRatio>2.20414</TextureRatio>
<ImageOrigine>2_6084.tif</ImageOrigine>
<CropImageOrigine>133 3632 116 3549
</CropImageOrigine>
</Attribut>
</TexturedSurface>
</WallSurface >
</BuildingPart >
</Building >
</CityModel>
</Chantier_Bati3D>
