<Chantier_Bati3D>
<Bbox>
<Xmin>532818.386</Xmin>
<Xmax>532820.734</Xmax>
<Ymin>152536.775</Ymin>
<Ymax>152548.200</Ymax>
<Zmin>400.731</Zmin>
<Zmax>403.500</Zmax>
</Bbox>
<CityModel Id ="80592">
<Building  Id ="82617">
<Attribut>
<centre>532819.560 147524.925</centre>
</Attribut>
<BuildingPart  Id ="82618">
<RoofSurface  Id ="82624">
<TexturedSurface Id ="82625">
<Attribut>
<FaceType>Roof</FaceType>
<TextureRatio>0.999912</TextureRatio>
<ImageOrigine>2_6084.tif</ImageOrigine>
<CropImageOrigine>106 3479 79 3399
</CropImageOrigine>
</Attribut>
</TexturedSurface>
</RoofSurface >
<WallSurface  Id ="94578">
<TexturedSurface Id ="94579">
<Attribut>
<FaceType>Wall</FaceType>
</Attribut>
</TexturedSurface>
<TexturedSurface Id ="94582">
<Attribut>
<FaceType>Wall</FaceType>
<TextureRatio>2.26083</TextureRatio>
<ImageOrigine>2_6078.tif</ImageOrigine>
<CropImageOrigine>3893 3131 3881 3048
</CropImageOrigine>
</Attribut>
</TexturedSurface>
<TexturedSurface Id ="94585">
<Attribut>
<FaceType>Wall</FaceType>
</Attribut>
</TexturedSurface>
<TexturedSurface Id ="94588">
<Attribut>
<FaceType>Wall</FaceType>
<TextureRatio>2.20467</TextureRatio>
<ImageOrigine>2_6084.tif</ImageOrigine>
<CropImageOrigine>114 3475 95 3393
</CropImageOrigine>
</Attribut>
</TexturedSurface>
</WallSurface >
</BuildingPart >
</Building >
</CityModel>
</Chantier_Bati3D>
