<Chantier_Bati3D>
<Bbox>
<Xmin>532785.465</Xmin>
<Xmax>532874.025</Xmax>
<Ymin>152524.935</Ymin>
<Ymax>152536.775</Ymax>
<Zmin>399.422</Zmin>
<Zmax>407.900</Zmax>
</Bbox>
<CityModel Id ="80592">
<Building  Id ="82628">
<Attribut>
<centre>532829.745 147519.212</centre>
</Attribut>
<BuildingPart  Id ="82629">
<RoofSurface  Id ="82635">
<TexturedSurface Id ="82636">
<Attribut>
<FaceType>Roof</FaceType>
<TextureRatio>0.999944</TextureRatio>
<ImageOrigine>2_6081.tif</ImageOrigine>
<CropImageOrigine>2643 3600 2031 3420
</CropImageOrigine>
</Attribut>
</TexturedSurface>
</RoofSurface >
<WallSurface  Id ="94594">
<TexturedSurface Id ="94595">
<Attribut>
<FaceType>Wall</FaceType>
<TextureRatio>2.52843</TextureRatio>
<ImageOrigine>3_6091.tif</ImageOrigine>
<CropImageOrigine>2795 3634 2216 3526
</CropImageOrigine>
</Attribut>
</TexturedSurface>
<TexturedSurface Id ="94598">
<Attribut>
<FaceType>Wall</FaceType>
<TextureRatio>2.48078</TextureRatio>
<ImageOrigine>2_6084.tif</ImageOrigine>
<CropImageOrigine>327 3378 300 3285
</CropImageOrigine>
</Attribut>
</TexturedSurface>
<TexturedSurface Id ="94601">
<Attribut>
<FaceType>Wall</FaceType>
<TextureRatio>2.49538</TextureRatio>
<ImageOrigine>1_6044.tif</ImageOrigine>
<CropImageOrigine>1216 117 654 14
</CropImageOrigine>
</Attribut>
</TexturedSurface>
<TexturedSurface Id ="94604">
<Attribut>
<FaceType>Wall</FaceType>
</Attribut>
</TexturedSurface>
<TexturedSurface Id ="94607">
<Attribut>
<FaceType>Wall</FaceType>
<TextureRatio>2.55104</TextureRatio>
<ImageOrigine>3_6091.tif</ImageOrigine>
<CropImageOrigine>2804 3547 2786 3525
</CropImageOrigine>
</Attribut>
</TexturedSurface>
</WallSurface >
</BuildingPart >
</Building >
</CityModel>
</Chantier_Bati3D>
