<Chantier_Bati3D>
<Bbox>
<Xmin>532796.265</Xmin>
<Xmax>532874.025</Xmax>
<Ymin>152548.200</Ymin>
<Ymax>152560.040</Ymax>
<Zmin>399.691</Zmin>
<Zmax>407.900</Zmax>
</Bbox>
<CityModel Id ="80592">
<Building  Id ="82639">
<Attribut>
<centre>532835.145 147530.845</centre>
</Attribut>
<BuildingPart  Id ="82640">
<RoofSurface  Id ="82646">
<TexturedSurface Id ="82647">
<Attribut>
<FaceType>Roof</FaceType>
<TextureRatio>0.99989</TextureRatio>
<ImageOrigine>2_6081.tif</ImageOrigine>
<CropImageOrigine>2597 3759 2056 3592
</CropImageOrigine>
</Attribut>
</TexturedSurface>
</RoofSurface >
<WallSurface  Id ="94613">
<TexturedSurface Id ="94614">
<Attribut>
<FaceType>Wall</FaceType>
<TextureRatio>2.7869</TextureRatio>
<ImageOrigine>3_6091.tif</ImageOrigine>
<CropImageOrigine>2781 3470 2264 3374
</CropImageOrigine>
</Attribut>
</TexturedSurface>
<TexturedSurface Id ="94617">
<Attribut>
<FaceType>Wall</FaceType>
<TextureRatio>2.37936</TextureRatio>
<ImageOrigine>2_6084.tif</ImageOrigine>
<CropImageOrigine>273 3546 245 3451
</CropImageOrigine>
</Attribut>
</TexturedSurface>
<TexturedSurface Id ="94620">
<Attribut>
<FaceType>Wall</FaceType>
<TextureRatio>2.29616</TextureRatio>
<ImageOrigine>1_6045.tif</ImageOrigine>
<CropImageOrigine>609 199 118 125
</CropImageOrigine>
</Attribut>
</TexturedSurface>
<TexturedSurface Id ="94623">
<Attribut>
<FaceType>Wall</FaceType>
</Attribut>
</TexturedSurface>
</WallSurface >
</BuildingPart >
</Building >
</CityModel>
</Chantier_Bati3D>
