<Chantier_Bati3D>
<Bbox>
<Xmin>532807.095</Xmin>
<Xmax>532874.025</Xmax>
<Ymin>152571.465</Ymin>
<Ymax>152583.305</Ymax>
<Zmin>399.960</Zmin>
<Zmax>407.900</Zmax>
</Bbox>
<CityModel Id ="80592">
<Building  Id ="82650">
<Attribut>
<centre>532840.560 147542.478</centre>
</Attribut>
<BuildingPart  Id ="82651">
<RoofSurface  Id ="82657">
<TexturedSurface Id ="82658">
<Attribut>
<FaceType>Roof</FaceType>
<TextureRatio>0.999879</TextureRatio>
<ImageOrigine>2_6081.tif</ImageOrigine>
<CropImageOrigine>2550 3920 2082 3764
</CropImageOrigine>
</Attribut>
</TexturedSurface>
</RoofSurface >
<WallSurface  Id ="94629">
<TexturedSurface Id ="94630">
<Attribut>
<FaceType>Wall</FaceType>
<TextureRatio>3.10436</TextureRatio>
<ImageOrigine>3_6091.tif</ImageOrigine>
<CropImageOrigine>2757 3307 2311 3224
</CropImageOrigine>
</Attribut>
</TexturedSurface>
<TexturedSurface Id ="94633">
<Attribut>
<FaceType>Wall</FaceType>
<TextureRatio>2.28564</TextureRatio>
<ImageOrigine>2_6084.tif</ImageOrigine>
<CropImageOrigine>219 3713 191 3617
</CropImageOrigine>
</Attribut>
</TexturedSurface>
<TexturedSurface Id ="94636">
<Attribut>
<FaceType>Wall</FaceType>
<TextureRatio>2.81963</TextureRatio>
<ImageOrigine>2_6081.tif</ImageOrigine>
<CropImageOrigine>2535 3840 2081 3749
</CropImageOrigine>
</Attribut>
</TexturedSurface>
<TexturedSurface Id ="94639">
<Attribut>
<FaceType>Wall</FaceType>
<TextureRatio>2.08467</TextureRatio>
<ImageOrigine>3_6095.tif</ImageOrigine>
<CropImageOrigine>160 3539 124 3441
</CropImageOrigine>
</Attribut>
</TexturedSurface>
</WallSurface >
</BuildingPart >
</Building >
</CityModel>
</Chantier_Bati3D>
