<Chantier_Bati3D>
<Bbox>
<Xmin>532760.819</Xmin>
<Xmax>532959.440</Xmax>
<Ymin>152486.470</Ymin>
<Ymax>152511.110</Ymax>
<Zmin>397.285</Zmin>
<Zmax>411.300</Zmax>
</Bbox>
<CityModel Id ="80592">
<Building  Id ="82661">
<Attribut>
<centre>532860.129 147506.380</centre>
</Attribut>
<BuildingPart  Id ="82662">
<RoofSurface  Id ="82668">
<TexturedSurface Id ="82669">
<Attribut>
<FaceType>Roof</FaceType>
</Attribut>
<subnode Id ="82667-0">
<Attribut>
<Part>0</Part>
<TextureRatio>0.999672</TextureRatio>
<ImageOrigine>2_6081.tif</ImageOrigine>
<CropImageOrigine>2760 3424 2036 3139
</CropImageOrigine>
</Attribut>
</subnode>
<subnode Id ="82667-1">
<Attribut>
<Part>1</Part>
<TextureRatio>0.999929</TextureRatio>
<ImageOrigine>2_6081.tif</ImageOrigine>
<CropImageOrigine>2052 3524 1420 3319
</CropImageOrigine>
</Attribut>
</subnode>
</TexturedSurface>
</RoofSurface >
<WallSurface  Id ="94645">
<TexturedSurface Id ="94646">
<Attribut>
<FaceType>Wall</FaceType>
<TextureRatio>2.78044</TextureRatio>
<ImageOrigine>1_6044.tif</ImageOrigine>
<CropImageOrigine>1772 282 814 112
</CropImageOrigine>
</Attribut>
</TexturedSurface>
<TexturedSurface Id ="94649">
<Attribut>
<FaceType>Wall</FaceType>
<TextureRatio>1.9672</TextureRatio>
<ImageOrigine>3_6096.tif</ImageOrigine>
<CropImageOrigine>231 3890 172 3748
</CropImageOrigine>
</Attribut>
</TexturedSurface>
<TexturedSurface Id ="94652">
<Attribut>
<FaceType>Wall</FaceType>
<TextureRatio>2.28891</TextureRatio>
<ImageOrigine>3_6091.tif</ImageOrigine>
<CropImageOrigine>3405 3828 2136 3602
</CropImageOrigine>
</Attribut>
</TexturedSurface>
<TexturedSurface Id ="94655">
<Attribut>
<FaceType>Wall</FaceType>
<TextureRatio>2.49538</TextureRatio>
<ImageOrigine>3_6089.tif</ImageOrigine>
<CropImageOrigine>3430 3533 3370 3370
</CropImageOrigine>
</Attribut>
</TexturedSurface>
<TexturedSurface Id ="94658">
<Attribut>
<FaceType>Wall</FaceType>
<TextureRatio>2.87791</TextureRatio>
<ImageOrigine>2_6084.tif</ImageOrigine>
<CropImageOrigine>455 3051 431 3027
</CropImageOrigine>
</Attribut>
</TexturedSurface>
<TexturedSurface Id ="94661">
<Attribut>
<FaceType>Wall</FaceType>
<TextureRatio>2.48685</TextureRatio>
<ImageOrigine>2_6084.tif</ImageOrigine>
<CropImageOrigine>454 3043 428 3020
</CropImageOrigine>
</Attribut>
</TexturedSurface>
<TexturedSurface Id ="94664">
<Attribut>
<FaceType>Wall</FaceType>
<TextureRatio>2.44499</TextureRatio>
<ImageOrigine>2_6084.tif</ImageOrigine>
<CropImageOrigine>451 3035 421 3013
</CropImageOrigine>
</Attribut>
</TexturedSurface>
<TexturedSurface Id ="94667">
<Attribut>
<FaceType>Wall</FaceType>
<TextureRatio>2.78418</TextureRatio>
<ImageOrigine>2_6084.tif</ImageOrigine>
<CropImageOrigine>445 3028 413 3009
</CropImageOrigine>
</Attribut>
</TexturedSurface>
<TexturedSurface Id ="94670">
<Attribut>
<FaceType>Wall</FaceType>
<TextureRatio>2.73586</TextureRatio>
<ImageOrigine>1_6042.tif</ImageOrigine>
<CropImageOrigine>2294 163 2283 138
</CropImageOrigine>
</Attribut>
</TexturedSurface>
<TexturedSurface Id ="94673">
<Attribut>
<FaceType>Wall</FaceType>
<TextureRatio>2.78009</TextureRatio>
<ImageOrigine>1_6042.tif</ImageOrigine>
<CropImageOrigine>2568 163 2292 89
</CropImageOrigine>
</Attribut>
</TexturedSurface>
<TexturedSurface Id ="94676">
<Attribut>
<FaceType>Wall</FaceType>
<TextureRatio>2.14518</TextureRatio>
<ImageOrigine>2_6078.tif</ImageOrigine>
<CropImageOrigine>4028 2795 3991 2717
</CropImageOrigine>
</Attribut>
</TexturedSurface>
</WallSurface >
</BuildingPart >
</Building >
</CityModel>
</Chantier_Bati3D>
