<Chantier_Bati3D>
<Bbox>
<Xmin>532923.450</Xmin>
<Xmax>532959.340</Xmax>
<Ymin>152495.940</Ymin>
<Ymax>152511.010</Ymax>
<Zmin>397.286</Zmin>
<Zmax>399.600</Zmax>
</Bbox>
<CityModel Id ="80592">
<Building  Id ="82672">
<Attribut>
<centre>532941.395 147506.330</centre>
</Attribut>
<BuildingPart  Id ="82673">
<RoofSurface  Id ="82679">
<TexturedSurface Id ="82680">
<Attribut>
<FaceType>Roof</FaceType>
<TextureRatio>1.00022</TextureRatio>
<ImageOrigine>2_6078.tif</ImageOrigine>
<CropImageOrigine>3207 2835 2964 2719
</CropImageOrigine>
</Attribut>
</TexturedSurface>
</RoofSurface >
<WallSurface  Id ="94682">
<TexturedSurface Id ="94683">
<Attribut>
<FaceType>Wall</FaceType>
</Attribut>
</TexturedSurface>
<TexturedSurface Id ="94686">
<Attribut>
<FaceType>Wall</FaceType>
</Attribut>
</TexturedSurface>
<TexturedSurface Id ="94689">
<Attribut>
<FaceType>Wall</FaceType>
</Attribut>
</TexturedSurface>
<TexturedSurface Id ="94692">
<Attribut>
<FaceType>Wall</FaceType>
</Attribut>
</TexturedSurface>
<TexturedSurface Id ="94695">
<Attribut>
<FaceType>Wall</FaceType>
<TextureRatio>2.88584</TextureRatio>
<ImageOrigine>2_6082.tif</ImageOrigine>
<CropImageOrigine>630 3131 615 3055
</CropImageOrigine>
</Attribut>
</TexturedSurface>
<TexturedSurface Id ="94698">
<Attribut>
<FaceType>Wall</FaceType>
<TextureRatio>2.79392</TextureRatio>
<ImageOrigine>1_6043.tif</ImageOrigine>
<CropImageOrigine>2709 239 2661 225
</CropImageOrigine>
</Attribut>
</TexturedSurface>
</WallSurface >
</BuildingPart >
</Building >
</CityModel>
</Chantier_Bati3D>
