<Chantier_Bati3D>
<Bbox>
<Xmin>532818.190</Xmin>
<Xmax>532871.915</Xmax>
<Ymin>152492.055</Ymin>
<Ymax>152495.940</Ymax>
<Zmin>399.086</Zmin>
<Zmax>399.600</Zmax>
</Bbox>
<CityModel Id ="80592">
<Building  Id ="82683">
<Attribut>
<centre>532845.052 147498.795</centre>
</Attribut>
<BuildingPart  Id ="82684">
<RoofSurface  Id ="82690">
<TexturedSurface Id ="82691">
<Attribut>
<FaceType>Roof</FaceType>
<TextureRatio>0.999962</TextureRatio>
<ImageOrigine>2_6081.tif</ImageOrigine>
<CropImageOrigine>2373 3304 2010 3219
</CropImageOrigine>
</Attribut>
</TexturedSurface>
</RoofSurface >
<WallSurface  Id ="94704">
<TexturedSurface Id ="94705">
<Attribut>
<FaceType>Wall</FaceType>
<TextureRatio>2.78017</TextureRatio>
<ImageOrigine>2_6078.tif</ImageOrigine>
<CropImageOrigine>3557 2755 3555 2727
</CropImageOrigine>
</Attribut>
</TexturedSurface>
</WallSurface >
</BuildingPart >
</Building >
</CityModel>
</Chantier_Bati3D>
