<Chantier_Bati3D>
<Bbox>
<Xmin>532818.386</Xmin>
<Xmax>532820.744</Xmax>
<Ymin>152510.990</Ymin>
<Ymax>152524.935</Ymax>
<Zmin>400.403</Zmin>
<Zmax>403.500</Zmax>
</Bbox>
<CityModel Id ="80592">
<Building  Id ="82694">
<Attribut>
<centre>532819.565 147513.292</centre>
</Attribut>
<BuildingPart  Id ="82695">
<RoofSurface  Id ="82701">
<TexturedSurface Id ="82702">
<Attribut>
<FaceType>Roof</FaceType>
<TextureRatio>0.999913</TextureRatio>
<ImageOrigine>2_6084.tif</ImageOrigine>
<CropImageOrigine>85 3322 57 3225
</CropImageOrigine>
</Attribut>
</TexturedSurface>
</RoofSurface >
<WallSurface  Id ="94713">
<TexturedSurface Id ="94714">
<Attribut>
<FaceType>Wall</FaceType>
<TextureRatio>2.20523</TextureRatio>
<ImageOrigine>2_6084.tif</ImageOrigine>
<CropImageOrigine>94 3319 73 3219
</CropImageOrigine>
</Attribut>
</TexturedSurface>
<TexturedSurface Id ="94717">
<Attribut>
<FaceType>Wall</FaceType>
</Attribut>
</TexturedSurface>
<TexturedSurface Id ="94720">
<Attribut>
<FaceType>Wall</FaceType>
<TextureRatio>2.26148</TextureRatio>
<ImageOrigine>2_6078.tif</ImageOrigine>
<CropImageOrigine>3904 2974 3890 2875
</CropImageOrigine>
</Attribut>
</TexturedSurface>
<TexturedSurface Id ="94723">
<Attribut>
<FaceType>Wall</FaceType>
</Attribut>
</TexturedSurface>
</WallSurface >
</BuildingPart >
</Building >
</CityModel>
</Chantier_Bati3D>
