<Chantier_Bati3D>
<Bbox>
<Xmin>532774.520</Xmin>
<Xmax>532946.953</Xmax>
<Ymin>152492.386</Ymin>
<Ymax>152508.076</Ymax>
<Zmin>397.585</Zmin>
<Zmax>415.150</Zmax>
</Bbox>
<CityModel Id ="80592">
<Building  Id ="82705">
<Attribut>
<centre>532860.737 147504.863</centre>
</Attribut>
<BuildingPart  Id ="82706">
<RoofSurface  Id ="82712">
<TexturedSurface Id ="82713">
<Attribut>
<FaceType>Roof</FaceType>
</Attribut>
<subnode Id ="82711-0">
<Attribut>
<Part>0</Part>
<TextureRatio>0.999666</TextureRatio>
<ImageOrigine>2_6081.tif</ImageOrigine>
<CropImageOrigine>2692 3425 1946 3196
</CropImageOrigine>
</Attribut>
</subnode>
<subnode Id ="82711-1">
<Attribut>
<Part>1</Part>
<TextureRatio>0.99993</TextureRatio>
<ImageOrigine>2_6081.tif</ImageOrigine>
<CropImageOrigine>1955 3497 1505 3366
</CropImageOrigine>
</Attribut>
</subnode>
</TexturedSurface>
</RoofSurface >
<WallSurface  Id ="94729">
<TexturedSurface Id ="94730">
<Attribut>
<FaceType>Wall</FaceType>
<TextureRatio>2.25437</TextureRatio>
<ImageOrigine>3_6091.tif</ImageOrigine>
<CropImageOrigine>2377 3854 2174 3781
</CropImageOrigine>
</Attribut>
</TexturedSurface>
<TexturedSurface Id ="94733">
<Attribut>
<FaceType>Wall</FaceType>
<TextureRatio>2.57759</TextureRatio>
<ImageOrigine>2_6084.tif</ImageOrigine>
<CropImageOrigine>377 3188 328 3056
</CropImageOrigine>
</Attribut>
</TexturedSurface>
<TexturedSurface Id ="94736">
<Attribut>
<FaceType>Wall</FaceType>
<TextureRatio>2.70773</TextureRatio>
<ImageOrigine>1_6042.tif</ImageOrigine>
<CropImageOrigine>2546 114 2350 43
</CropImageOrigine>
</Attribut>
</TexturedSurface>
<TexturedSurface Id ="94739">
<Attribut>
<FaceType>Wall</FaceType>
<TextureRatio>2.11795</TextureRatio>
<ImageOrigine>2_6078.tif</ImageOrigine>
<CropImageOrigine>4057 2826 4008 2757
</CropImageOrigine>
</Attribut>
</TexturedSurface>
<TexturedSurface Id ="94742">
<Attribut>
<FaceType>Wall</FaceType>
<TextureRatio>2.73243</TextureRatio>
<ImageOrigine>1_6044.tif</ImageOrigine>
<CropImageOrigine>1691 262 785 91
</CropImageOrigine>
</Attribut>
</TexturedSurface>
<TexturedSurface Id ="94745">
<Attribut>
<FaceType>Wall</FaceType>
<TextureRatio>1.88521</TextureRatio>
<ImageOrigine>3_6096.tif</ImageOrigine>
<CropImageOrigine>144 3892 80 3780
</CropImageOrigine>
</Attribut>
</TexturedSurface>
<TexturedSurface Id ="94748">
<Attribut>
<FaceType>Wall</FaceType>
<TextureRatio>2.25753</TextureRatio>
<ImageOrigine>3_6091.tif</ImageOrigine>
<CropImageOrigine>3332 3824 2371 3634
</CropImageOrigine>
</Attribut>
</TexturedSurface>
</WallSurface >
</BuildingPart >
</Building >
</CityModel>
</Chantier_Bati3D>
