<Chantier_Bati3D>
<Bbox>
<Xmin>532878.870</Xmin>
<Xmax>532881.930</Xmax>
<Ymin>152510.990</Ymin>
<Ymax>152525.123</Ymax>
<Zmin>399.091</Zmin>
<Zmax>407.400</Zmax>
</Bbox>
<CityModel Id ="80592">
<Building  Id ="82716">
<Attribut>
<centre>532880.400 147513.387</centre>
</Attribut>
<BuildingPart  Id ="82717">
<RoofSurface  Id ="82723">
<TexturedSurface Id ="82724">
<Attribut>
<FaceType>Roof</FaceType>
<TextureRatio>0.999919</TextureRatio>
<ImageOrigine>2_6081.tif</ImageOrigine>
<CropImageOrigine>2000 3527 1963 3426
</CropImageOrigine>
</Attribut>
</TexturedSurface>
</RoofSurface >
<WallSurface  Id ="94754">
<TexturedSurface Id ="94755">
<Attribut>
<FaceType>Wall</FaceType>
</Attribut>
</TexturedSurface>
<TexturedSurface Id ="94758">
<Attribut>
<FaceType>Wall</FaceType>
<TextureRatio>2.14375</TextureRatio>
<ImageOrigine>3_6095.tif</ImageOrigine>
<CropImageOrigine>278 3934 240 3815
</CropImageOrigine>
</Attribut>
</TexturedSurface>
<TexturedSurface Id ="94761">
<Attribut>
<FaceType>Wall</FaceType>
</Attribut>
</TexturedSurface>
<TexturedSurface Id ="94764">
<Attribut>
<FaceType>Wall</FaceType>
<TextureRatio>4.25886</TextureRatio>
<ImageOrigine>2_6082.tif</ImageOrigine>
<CropImageOrigine>1123 3200 1099 3093
</CropImageOrigine>
</Attribut>
</TexturedSurface>
</WallSurface >
</BuildingPart >
</Building >
</CityModel>
</Chantier_Bati3D>
