<Chantier_Bati3D>
<Bbox>
<Xmin>532928.595</Xmin>
<Xmax>532970.627</Xmax>
<Ymin>152496.100</Ymin>
<Ymax>152569.025</Ymax>
<Zmin>397.050</Zmin>
<Zmax>400.930</Zmax>
</Bbox>
<CityModel Id ="80592">
<Building  Id ="82727">
<Attribut>
<centre>532949.611 147535.338</centre>
</Attribut>
<BuildingPart  Id ="82728">
<RoofSurface  Id ="82734">
<TexturedSurface Id ="82735">
<Attribut>
<FaceType>Roof</FaceType>
<TextureRatio>0.999234</TextureRatio>
<ImageOrigine>2_6081.tif</ImageOrigine>
<CropImageOrigine>1713 3907 1356 3401
</CropImageOrigine>
</Attribut>
</TexturedSurface>
</RoofSurface >
<WallSurface  Id ="94770">
<TexturedSurface Id ="94771">
<Attribut>
<FaceType>Wall</FaceType>
</Attribut>
</TexturedSurface>
<TexturedSurface Id ="94774">
<Attribut>
<FaceType>Wall</FaceType>
</Attribut>
</TexturedSurface>
<TexturedSurface Id ="94777">
<Attribut>
<FaceType>Wall</FaceType>
</Attribut>
</TexturedSurface>
<TexturedSurface Id ="94780">
<Attribut>
<FaceType>Wall</FaceType>
<TextureRatio>2.80439</TextureRatio>
<ImageOrigine>1_6044.tif</ImageOrigine>
<CropImageOrigine>1840 144 1768 124
</CropImageOrigine>
</Attribut>
</TexturedSurface>
<TexturedSurface Id ="94783">
<Attribut>
<FaceType>Wall</FaceType>
<TextureRatio>2.16229</TextureRatio>
<ImageOrigine>2_6076.tif</ImageOrigine>
<CropImageOrigine>3860 2814 3848 2340
</CropImageOrigine>
</Attribut>
</TexturedSurface>
<TexturedSurface Id ="94786">
<Attribut>
<FaceType>Wall</FaceType>
<TextureRatio>2.99441</TextureRatio>
<ImageOrigine>3_6093.tif</ImageOrigine>
<CropImageOrigine>2297 3171 2097 3130
</CropImageOrigine>
</Attribut>
</TexturedSurface>
<TexturedSurface Id ="94789">
<Attribut>
<FaceType>Wall</FaceType>
<TextureRatio>1.95886</TextureRatio>
<ImageOrigine>2_6076.tif</ImageOrigine>
<CropImageOrigine>4055 2817 4046 2809
</CropImageOrigine>
</Attribut>
</TexturedSurface>
<TexturedSurface Id ="94792">
<Attribut>
<FaceType>Wall</FaceType>
<TextureRatio>3.00311</TextureRatio>
<ImageOrigine>3_6093.tif</ImageOrigine>
<CropImageOrigine>2098 3179 2022 3160
</CropImageOrigine>
</Attribut>
</TexturedSurface>
</WallSurface >
</BuildingPart >
</Building >
</CityModel>
</Chantier_Bati3D>
