<Chantier_Bati3D>
<Bbox>
<Xmin>532810.372</Xmin>
<Xmax>532815.975</Xmax>
<Ymin>152949.471</Ymin>
<Ymax>152953.768</Ymax>
<Zmin>406.700</Zmin>
<Zmax>406.700</Zmax>
</Bbox>
<CityModel Id ="80592">
<Building  Id ="82738">
<Attribut>
<centre>532813.173 147727.709</centre>
</Attribut>
<BuildingPart  Id ="82739">
<RoofSurface  Id ="82745">
<TexturedSurface Id ="82746">
<Attribut>
<FaceType>Roof</FaceType>
<TextureRatio>0.999964</TextureRatio>
<ImageOrigine>4_6124.tif</ImageOrigine>
<CropImageOrigine>3577 900 3540 873
</CropImageOrigine>
</Attribut>
</TexturedSurface>
</RoofSurface >
</BuildingPart >
</Building >
</CityModel>
</Chantier_Bati3D>
