<Chantier_Bati3D>
<Bbox>
<Xmin>532798.540</Xmin>
<Xmax>532818.470</Xmax>
<Ymin>152935.743</Ymin>
<Ymax>152954.241</Ymax>
<Zmin>409.200</Zmin>
<Zmax>409.200</Zmax>
</Bbox>
<CityModel Id ="80592">
<Building  Id ="82749">
<Attribut>
<centre>532808.505 147727.946</centre>
</Attribut>
<BuildingPart  Id ="82750">
<RoofSurface  Id ="82756">
<TexturedSurface Id ="82757">
<Attribut>
<FaceType>Roof</FaceType>
<TextureRatio>0.99974</TextureRatio>
<ImageOrigine>3_6089.tif</ImageOrigine>
<CropImageOrigine>3469 479 3334 356
</CropImageOrigine>
</Attribut>
</TexturedSurface>
</RoofSurface >
</BuildingPart >
</Building >
</CityModel>
</Chantier_Bati3D>
