<Chantier_Bati3D>
<Bbox>
<Xmin>532856.153</Xmin>
<Xmax>532879.658</Xmax>
<Ymin>152961.720</Ymin>
<Ymax>152993.092</Ymax>
<Zmin>407.400</Zmin>
<Zmax>407.400</Zmax>
</Bbox>
<CityModel Id ="80592">
<Building  Id ="82760">
<Attribut>
<centre>532867.906 147747.371</centre>
</Attribut>
<BuildingPart  Id ="82761">
<RoofSurface  Id ="82767">
<TexturedSurface Id ="82768">
<Attribut>
<FaceType>Roof</FaceType>
<TextureRatio>0.999592</TextureRatio>
<ImageOrigine>3_6089.tif</ImageOrigine>
<CropImageOrigine>3869 250 3716 26
</CropImageOrigine>
</Attribut>
</TexturedSurface>
</RoofSurface >
</BuildingPart >
</Building >
</CityModel>
</Chantier_Bati3D>
