<Chantier_Bati3D>
<Bbox>
<Xmin>532735.000</Xmin>
<Xmax>532787.100</Xmax>
<Ymin>152335.196</Ymin>
<Ymax>152339.296</Ymax>
<Zmin>399.390</Zmin>
<Zmax>399.600</Zmax>
</Bbox>
<CityModel Id ="80592">
<Building  Id ="82771">
<Attribut>
<centre>532761.050 147420.473</centre>
</Attribut>
<BuildingPart  Id ="82772">
<RoofSurface  Id ="82778">
<TexturedSurface Id ="82779">
<Attribut>
<FaceType>Roof</FaceType>
<TextureRatio>0.999945</TextureRatio>
<ImageOrigine>2_6084.tif</ImageOrigine>
<CropImageOrigine>506 2036 146 1966
</CropImageOrigine>
</Attribut>
</TexturedSurface>
</RoofSurface >
<WallSurface  Id ="94813">
<TexturedSurface Id ="94814">
<Attribut>
<FaceType>Wall</FaceType>
<TextureRatio>2.75622</TextureRatio>
<ImageOrigine>2_6079.tif</ImageOrigine>
<CropImageOrigine>3344 1927 3342 1899
</CropImageOrigine>
</Attribut>
</TexturedSurface>
</WallSurface >
</BuildingPart >
</Building >
</CityModel>
</Chantier_Bati3D>
