<Chantier_Bati3D>
<Bbox>
<Xmin>532744.400</Xmin>
<Xmax>532748.050</Xmax>
<Ymin>152260.710</Ymin>
<Ymax>152264.690</Ymax>
<Zmin>399.600</Zmin>
<Zmax>399.600</Zmax>
</Bbox>
<CityModel Id ="80592">
<Building  Id ="82782">
<Attribut>
<centre>532746.225 147383.170</centre>
</Attribut>
<BuildingPart  Id ="82783">
<RoofSurface  Id ="82789">
<TexturedSurface Id ="82790">
<Attribut>
<FaceType>Roof</FaceType>
<TextureRatio>0.999967</TextureRatio>
<ImageOrigine>1_6042.tif</ImageOrigine>
<CropImageOrigine>2405 1597 2378 1569
</CropImageOrigine>
</Attribut>
</TexturedSurface>
</RoofSurface >
</BuildingPart >
</Building >
</CityModel>
</Chantier_Bati3D>
