<Chantier_Bati3D>
<Bbox>
<Xmin>532703.160</Xmin>
<Xmax>532749.870</Xmax>
<Ymin>152259.050</Ymin>
<Ymax>152324.150</Ymax>
<Zmin>400.070</Zmin>
<Zmax>411.300</Zmax>
</Bbox>
<CityModel Id ="80592">
<Building  Id ="82793">
<Attribut>
<centre>532726.515 147412.900</centre>
</Attribut>
<BuildingPart  Id ="82794">
<RoofSurface  Id ="82800">
<TexturedSurface Id ="82801">
<Attribut>
<FaceType>Roof</FaceType>
<TextureRatio>0.999931</TextureRatio>
<ImageOrigine>2_6081.tif</ImageOrigine>
<CropImageOrigine>2955 2021 2578 1546
</CropImageOrigine>
</Attribut>
</TexturedSurface>
</RoofSurface >
<WallSurface  Id ="94827">
<TexturedSurface Id ="94828">
<Attribut>
<FaceType>Wall</FaceType>
<TextureRatio>3.6604</TextureRatio>
<ImageOrigine>2_6084.tif</ImageOrigine>
<CropImageOrigine>704 1866 629 1416
</CropImageOrigine>
</Attribut>
</TexturedSurface>
<TexturedSurface Id ="94831">
<Attribut>
<FaceType>Wall</FaceType>
<TextureRatio>11.8663</TextureRatio>
<ImageOrigine>1_6040.tif</ImageOrigine>
<CropImageOrigine>3343 1179 3072 1148
</CropImageOrigine>
</Attribut>
</TexturedSurface>
<TexturedSurface Id ="94834">
<Attribut>
<FaceType>Wall</FaceType>
<TextureRatio>2.03381</TextureRatio>
<ImageOrigine>1_6045.tif</ImageOrigine>
<CropImageOrigine>59 1988 21 1953
</CropImageOrigine>
</Attribut>
</TexturedSurface>
<TexturedSurface Id ="94837">
<Attribut>
<FaceType>Wall</FaceType>
<TextureRatio>10.8124</TextureRatio>
<ImageOrigine>1_6040.tif</ImageOrigine>
<CropImageOrigine>3380 1121 3318 1108
</CropImageOrigine>
</Attribut>
</TexturedSurface>
<TexturedSurface Id ="94840">
<Attribut>
<FaceType>Wall</FaceType>
</Attribut>
</TexturedSurface>
<TexturedSurface Id ="94843">
<Attribut>
<FaceType>Wall</FaceType>
<TextureRatio>6.86832</TextureRatio>
<ImageOrigine>2_6082.tif</ImageOrigine>
<CropImageOrigine>1796 1426 1750 1410
</CropImageOrigine>
</Attribut>
</TexturedSurface>
<TexturedSurface Id ="94846">
<Attribut>
<FaceType>Wall</FaceType>
<TextureRatio>2.29427</TextureRatio>
<ImageOrigine>2_6079.tif</ImageOrigine>
<CropImageOrigine>3677 1736 3634 1495
</CropImageOrigine>
</Attribut>
</TexturedSurface>
<TexturedSurface Id ="94849">
<Attribut>
<FaceType>Wall</FaceType>
<TextureRatio>9.9782</TextureRatio>
<ImageOrigine>1_6042.tif</ImageOrigine>
<CropImageOrigine>2374 1308 2333 1294
</CropImageOrigine>
</Attribut>
</TexturedSurface>
<TexturedSurface Id ="94852">
<Attribut>
<FaceType>Wall</FaceType>
</Attribut>
</TexturedSurface>
<TexturedSurface Id ="94855">
<Attribut>
<FaceType>Wall</FaceType>
<TextureRatio>12.8323</TextureRatio>
<ImageOrigine>2_6082.tif</ImageOrigine>
<CropImageOrigine>1832 1710 1788 1698
</CropImageOrigine>
</Attribut>
</TexturedSurface>
<TexturedSurface Id ="94858">
<Attribut>
<FaceType>Wall</FaceType>
<TextureRatio>2.29395</TextureRatio>
<ImageOrigine>2_6079.tif</ImageOrigine>
<CropImageOrigine>3663 1843 3630 1784
</CropImageOrigine>
</Attribut>
</TexturedSurface>
<TexturedSurface Id ="94861">
<Attribut>
<FaceType>Wall</FaceType>
<TextureRatio>14.4114</TextureRatio>
<ImageOrigine>2_6084.tif</ImageOrigine>
<CropImageOrigine>704 1899 405 1862
</CropImageOrigine>
</Attribut>
</TexturedSurface>
</WallSurface >
</BuildingPart >
</Building >
</CityModel>
</Chantier_Bati3D>
