<Chantier_Bati3D>
<Bbox>
<Xmin>532703.160</Xmin>
<Xmax>532749.870</Xmax>
<Ymin>152257.925</Ymin>
<Ymax>152330.000</Ymax>
<Zmin>400.082</Zmin>
<Zmax>415.900</Zmax>
</Bbox>
<CityModel Id ="80592">
<Building  Id ="82804">
<Attribut>
<centre>532726.515 147415.825</centre>
</Attribut>
<BuildingPart  Id ="82805">
<RoofSurface  Id ="82811">
<TexturedSurface Id ="82812">
<Attribut>
<FaceType>Roof</FaceType>
<TextureRatio>1.00029</TextureRatio>
<ImageOrigine>2_6084.tif</ImageOrigine>
<CropImageOrigine>683 1937 300 1404
</CropImageOrigine>
</Attribut>
</TexturedSurface>
</RoofSurface >
<WallSurface  Id ="94867">
<TexturedSurface Id ="94868">
<Attribut>
<FaceType>Wall</FaceType>
<TextureRatio>10.4033</TextureRatio>
<ImageOrigine>1_6040.tif</ImageOrigine>
<CropImageOrigine>3389 1107 3317 1090
</CropImageOrigine>
</Attribut>
</TexturedSurface>
<TexturedSurface Id ="94871">
<Attribut>
<FaceType>Wall</FaceType>
<TextureRatio>2.33942</TextureRatio>
<ImageOrigine>2_6079.tif</ImageOrigine>
<CropImageOrigine>3651 1504 3604 1449
</CropImageOrigine>
</Attribut>
</TexturedSurface>
<TexturedSurface Id ="94874">
<Attribut>
<FaceType>Wall</FaceType>
<TextureRatio>6.35863</TextureRatio>
<ImageOrigine>2_6079.tif</ImageOrigine>
<CropImageOrigine>3691 1506 3604 1489
</CropImageOrigine>
</Attribut>
</TexturedSurface>
<TexturedSurface Id ="94877">
<Attribut>
<FaceType>Wall</FaceType>
<TextureRatio>2.28548</TextureRatio>
<ImageOrigine>2_6079.tif</ImageOrigine>
<CropImageOrigine>3690 1736 3634 1491
</CropImageOrigine>
</Attribut>
</TexturedSurface>
<TexturedSurface Id ="94880">
<Attribut>
<FaceType>Wall</FaceType>
<TextureRatio>6.40024</TextureRatio>
<ImageOrigine>1_6040.tif</ImageOrigine>
<CropImageOrigine>3373 846 3301 823
</CropImageOrigine>
</Attribut>
</TexturedSurface>
<TexturedSurface Id ="94883">
<Attribut>
<FaceType>Wall</FaceType>
<TextureRatio>2.33895</TextureRatio>
<ImageOrigine>2_6079.tif</ImageOrigine>
<CropImageOrigine>3638 1776 3592 1725
</CropImageOrigine>
</Attribut>
</TexturedSurface>
<TexturedSurface Id ="94886">
<Attribut>
<FaceType>Wall</FaceType>
<TextureRatio>11.0153</TextureRatio>
<ImageOrigine>2_6079.tif</ImageOrigine>
<CropImageOrigine>3678 1778 3592 1768
</CropImageOrigine>
</Attribut>
</TexturedSurface>
<TexturedSurface Id ="94889">
<Attribut>
<FaceType>Wall</FaceType>
<TextureRatio>2.28517</TextureRatio>
<ImageOrigine>2_6079.tif</ImageOrigine>
<CropImageOrigine>3677 1881 3628 1770
</CropImageOrigine>
</Attribut>
</TexturedSurface>
<TexturedSurface Id ="94892">
<Attribut>
<FaceType>Wall</FaceType>
<TextureRatio>16.5827</TextureRatio>
<ImageOrigine>2_6084.tif</ImageOrigine>
<CropImageOrigine>709 1939 399 1902
</CropImageOrigine>
</Attribut>
</TexturedSurface>
<TexturedSurface Id ="94895">
<Attribut>
<FaceType>Wall</FaceType>
<TextureRatio>3.64651</TextureRatio>
<ImageOrigine>2_6084.tif</ImageOrigine>
<CropImageOrigine>709 1905 618 1404
</CropImageOrigine>
</Attribut>
</TexturedSurface>
<TexturedSurface Id ="94898">
<Attribut>
<FaceType>Wall</FaceType>
<TextureRatio>12.0606</TextureRatio>
<ImageOrigine>1_6040.tif</ImageOrigine>
<CropImageOrigine>3353 1186 3072 1151
</CropImageOrigine>
</Attribut>
</TexturedSurface>
<TexturedSurface Id ="94901">
<Attribut>
<FaceType>Wall</FaceType>
<TextureRatio>2.28572</TextureRatio>
<ImageOrigine>2_6079.tif</ImageOrigine>
<CropImageOrigine>3695 1468 3647 1391
</CropImageOrigine>
</Attribut>
</TexturedSurface>
</WallSurface >
</BuildingPart >
</Building >
</CityModel>
</Chantier_Bati3D>
