<Chantier_Bati3D>
<Bbox>
<Xmin>533503.083</Xmin>
<Xmax>533532.733</Xmax>
<Ymin>152328.436</Ymin>
<Ymax>152478.043</Ymax>
<Zmin>392.895</Zmin>
<Zmax>423.930</Zmax>
</Bbox>
<CityModel Id ="80592">
<Building  Id ="82815">
<Attribut>
<centre>533517.908 147489.847</centre>
</Attribut>
<BuildingPart  Id ="82816">
<RoofSurface  Id ="82822">
<TexturedSurface Id ="82823">
<Attribut>
<FaceType>Roof</FaceType>
</Attribut>
<subnode Id ="82821-0">
<Attribut>
<Part>0</Part>
<TextureRatio>0.999474</TextureRatio>
<ImageOrigine>2_6074.tif</ImageOrigine>
<CropImageOrigine>1302 1620 1092 874
</CropImageOrigine>
</Attribut>
</subnode>
<subnode Id ="82821-1">
<Attribut>
<Part>1</Part>
<TextureRatio>0.999088</TextureRatio>
<ImageOrigine>2_6074.tif</ImageOrigine>
<CropImageOrigine>1293 1907 1098 1616
</CropImageOrigine>
</Attribut>
</subnode>
</TexturedSurface>
</RoofSurface >
<WallSurface  Id ="94907">
<TexturedSurface Id ="94908">
<Attribut>
<FaceType>Wall</FaceType>
<TextureRatio>3.04529</TextureRatio>
<ImageOrigine>2_6071.tif</ImageOrigine>
<CropImageOrigine>3369 1354 3307 1329
</CropImageOrigine>
</Attribut>
</TexturedSurface>
<TexturedSurface Id ="94911">
<Attribut>
<FaceType>Wall</FaceType>
<TextureRatio>1.89464</TextureRatio>
<ImageOrigine>3_6099.tif</ImageOrigine>
<CropImageOrigine>1804 4058 1782 3954
</CropImageOrigine>
</Attribut>
</TexturedSurface>
<TexturedSurface Id ="94914">
<Attribut>
<FaceType>Wall</FaceType>
<TextureRatio>3.07575</TextureRatio>
<ImageOrigine>2_6071.tif</ImageOrigine>
<CropImageOrigine>3376 1361 3313 1331
</CropImageOrigine>
</Attribut>
</TexturedSurface>
<TexturedSurface Id ="94917">
<Attribut>
<FaceType>Wall</FaceType>
<TextureRatio>2.49412</TextureRatio>
<ImageOrigine>1_6051.tif</ImageOrigine>
<CropImageOrigine>801 145 738 67
</CropImageOrigine>
</Attribut>
</TexturedSurface>
<TexturedSurface Id ="94920">
<Attribut>
<FaceType>Wall</FaceType>
<TextureRatio>2.97706</TextureRatio>
<ImageOrigine>2_6071.tif</ImageOrigine>
<CropImageOrigine>3380 1403 3310 1339
</CropImageOrigine>
</Attribut>
</TexturedSurface>
<TexturedSurface Id ="94923">
<Attribut>
<FaceType>Wall</FaceType>
<TextureRatio>3.04496</TextureRatio>
<ImageOrigine>2_6071.tif</ImageOrigine>
<CropImageOrigine>3382 1407 3317 1383
</CropImageOrigine>
</Attribut>
</TexturedSurface>
<TexturedSurface Id ="94926">
<Attribut>
<FaceType>Wall</FaceType>
<TextureRatio>2.24651</TextureRatio>
<ImageOrigine>3_6099.tif</ImageOrigine>
<CropImageOrigine>1791 4000 1768 3895
</CropImageOrigine>
</Attribut>
</TexturedSurface>
<TexturedSurface Id ="94929">
<Attribut>
<FaceType>Wall</FaceType>
<TextureRatio>1.95582</TextureRatio>
<ImageOrigine>3_6099.tif</ImageOrigine>
<CropImageOrigine>1784 3994 1763 3893
</CropImageOrigine>
</Attribut>
</TexturedSurface>
<TexturedSurface Id ="94932">
<Attribut>
<FaceType>Wall</FaceType>
<TextureRatio>2.05903</TextureRatio>
<ImageOrigine>3_6098.tif</ImageOrigine>
<CropImageOrigine>2537 3902 2507 3806
</CropImageOrigine>
</Attribut>
</TexturedSurface>
<TexturedSurface Id ="94935">
<Attribut>
<FaceType>Wall</FaceType>
<TextureRatio>1.78774</TextureRatio>
<ImageOrigine>3_6096.tif</ImageOrigine>
<CropImageOrigine>4049 3486 3919 3391
</CropImageOrigine>
</Attribut>
</TexturedSurface>
<TexturedSurface Id ="94938">
<Attribut>
<FaceType>Wall</FaceType>
<TextureRatio>2.47126</TextureRatio>
<ImageOrigine>3_6096.tif</ImageOrigine>
<CropImageOrigine>4012 3488 3919 3407
</CropImageOrigine>
</Attribut>
</TexturedSurface>
<TexturedSurface Id ="94941">
<Attribut>
<FaceType>Wall</FaceType>
<TextureRatio>1.94045</TextureRatio>
<ImageOrigine>3_6099.tif</ImageOrigine>
<CropImageOrigine>1732 4007 1704 3906
</CropImageOrigine>
</Attribut>
</TexturedSurface>
<TexturedSurface Id ="94944">
<Attribut>
<FaceType>Wall</FaceType>
<TextureRatio>2.92251</TextureRatio>
<ImageOrigine>2_6071.tif</ImageOrigine>
<CropImageOrigine>3450 1421 3384 1380
</CropImageOrigine>
</Attribut>
</TexturedSurface>
<TexturedSurface Id ="94947">
<Attribut>
<FaceType>Wall</FaceType>
<TextureRatio>1.96112</TextureRatio>
<ImageOrigine>3_6099.tif</ImageOrigine>
<CropImageOrigine>1722 3985 1640 3885
</CropImageOrigine>
</Attribut>
</TexturedSurface>
<TexturedSurface Id ="94950">
<Attribut>
<FaceType>Wall</FaceType>
<TextureRatio>2.15582</TextureRatio>
<ImageOrigine>1_6046.tif</ImageOrigine>
<CropImageOrigine>3972 102 3889 23
</CropImageOrigine>
</Attribut>
</TexturedSurface>
<TexturedSurface Id ="94953">
<Attribut>
<FaceType>Wall</FaceType>
<TextureRatio>2.6134</TextureRatio>
<ImageOrigine>1_6049.tif</ImageOrigine>
<CropImageOrigine>2152 173 2141 96
</CropImageOrigine>
</Attribut>
</TexturedSurface>
<TexturedSurface Id ="94956">
<Attribut>
<FaceType>Wall</FaceType>
<TextureRatio>2.56984</TextureRatio>
<ImageOrigine>3_6096.tif</ImageOrigine>
<CropImageOrigine>3961 3610 3855 3399
</CropImageOrigine>
</Attribut>
</TexturedSurface>
<TexturedSurface Id ="94959">
<Attribut>
<FaceType>Wall</FaceType>
<TextureRatio>1.94697</TextureRatio>
<ImageOrigine>3_6098.tif</ImageOrigine>
<CropImageOrigine>2425 4033 2384 3931
</CropImageOrigine>
</Attribut>
</TexturedSurface>
<TexturedSurface Id ="94962">
<Attribut>
<FaceType>Wall</FaceType>
<TextureRatio>2.77369</TextureRatio>
<ImageOrigine>2_6071.tif</ImageOrigine>
<CropImageOrigine>3529 1326 3459 1266
</CropImageOrigine>
</Attribut>
</TexturedSurface>
<TexturedSurface Id ="94965">
<Attribut>
<FaceType>Wall</FaceType>
<TextureRatio>1.98113</TextureRatio>
<ImageOrigine>3_6098.tif</ImageOrigine>
<CropImageOrigine>2397 3997 2359 3897
</CropImageOrigine>
</Attribut>
</TexturedSurface>
<TexturedSurface Id ="94968">
<Attribut>
<FaceType>Wall</FaceType>
<TextureRatio>2.10296</TextureRatio>
<ImageOrigine>1_6046.tif</ImageOrigine>
<CropImageOrigine>3942 226 3857 124
</CropImageOrigine>
</Attribut>
</TexturedSurface>
<TexturedSurface Id ="94971">
<Attribut>
<FaceType>Wall</FaceType>
<TextureRatio>1.95775</TextureRatio>
<ImageOrigine>1_6046.tif</ImageOrigine>
<CropImageOrigine>3951 257 3861 156
</CropImageOrigine>
</Attribut>
</TexturedSurface>
<TexturedSurface Id ="94974">
<Attribut>
<FaceType>Wall</FaceType>
<TextureRatio>2.88572</TextureRatio>
<ImageOrigine>1_6049.tif</ImageOrigine>
<CropImageOrigine>2140 332 2123 262
</CropImageOrigine>
</Attribut>
</TexturedSurface>
<TexturedSurface Id ="94977">
<Attribut>
<FaceType>Wall</FaceType>
<TextureRatio>3.46049</TextureRatio>
<ImageOrigine>1_6051.tif</ImageOrigine>
<CropImageOrigine>657 256 590 166
</CropImageOrigine>
</Attribut>
</TexturedSurface>
<TexturedSurface Id ="94980">
<Attribut>
<FaceType>Wall</FaceType>
<TextureRatio>2.85432</TextureRatio>
<ImageOrigine>1_6049.tif</ImageOrigine>
<CropImageOrigine>2164 314 2135 242
</CropImageOrigine>
</Attribut>
</TexturedSurface>
<TexturedSurface Id ="94983">
<Attribut>
<FaceType>Wall</FaceType>
<TextureRatio>2.60798</TextureRatio>
<ImageOrigine>2_6076.tif</ImageOrigine>
<CropImageOrigine>309 2084 229 1821
</CropImageOrigine>
</Attribut>
</TexturedSurface>
<TexturedSurface Id ="94986">
<Attribut>
<FaceType>Wall</FaceType>
<TextureRatio>1.79345</TextureRatio>
<ImageOrigine>3_6097.tif</ImageOrigine>
<CropImageOrigine>3054 4012 2983 3907
</CropImageOrigine>
</Attribut>
</TexturedSurface>
<TexturedSurface Id ="94989">
<Attribut>
<FaceType>Wall</FaceType>
<TextureRatio>2.77354</TextureRatio>
<ImageOrigine>2_6071.tif</ImageOrigine>
<CropImageOrigine>3526 1071 3456 1000
</CropImageOrigine>
</Attribut>
</TexturedSurface>
<TexturedSurface Id ="94992">
<Attribut>
<FaceType>Wall</FaceType>
<TextureRatio>1.81142</TextureRatio>
<ImageOrigine>3_6096.tif</ImageOrigine>
<CropImageOrigine>3963 3846 3851 3748
</CropImageOrigine>
</Attribut>
</TexturedSurface>
<TexturedSurface Id ="94995">
<Attribut>
<FaceType>Wall</FaceType>
<TextureRatio>2.12029</TextureRatio>
<ImageOrigine>1_6046.tif</ImageOrigine>
<CropImageOrigine>3962 474 3876 384
</CropImageOrigine>
</Attribut>
</TexturedSurface>
<TexturedSurface Id ="94998">
<Attribut>
<FaceType>Wall</FaceType>
<TextureRatio>2.0043</TextureRatio>
<ImageOrigine>1_6046.tif</ImageOrigine>
<CropImageOrigine>3971 505 3881 416
</CropImageOrigine>
</Attribut>
</TexturedSurface>
<TexturedSurface Id ="95001">
<Attribut>
<FaceType>Wall</FaceType>
<TextureRatio>3.48092</TextureRatio>
<ImageOrigine>1_6049.tif</ImageOrigine>
<CropImageOrigine>2164 587 2146 529
</CropImageOrigine>
</Attribut>
</TexturedSurface>
<TexturedSurface Id ="95004">
<Attribut>
<FaceType>Wall</FaceType>
<TextureRatio>3.46057</TextureRatio>
<ImageOrigine>1_6051.tif</ImageOrigine>
<CropImageOrigine>684 518 619 441
</CropImageOrigine>
</Attribut>
</TexturedSurface>
<TexturedSurface Id ="95007">
<Attribut>
<FaceType>Wall</FaceType>
<TextureRatio>3.43534</TextureRatio>
<ImageOrigine>1_6049.tif</ImageOrigine>
<CropImageOrigine>2188 569 2158 509
</CropImageOrigine>
</Attribut>
</TexturedSurface>
<TexturedSurface Id ="95010">
<Attribut>
<FaceType>Wall</FaceType>
<TextureRatio>2.60893</TextureRatio>
<ImageOrigine>2_6076.tif</ImageOrigine>
<CropImageOrigine>308 1817 227 1365
</CropImageOrigine>
</Attribut>
</TexturedSurface>
<TexturedSurface Id ="95013">
<Attribut>
<FaceType>Wall</FaceType>
<TextureRatio>4.29608</TextureRatio>
<ImageOrigine>2_6073.tif</ImageOrigine>
<CropImageOrigine>1992 879 1958 830
</CropImageOrigine>
</Attribut>
</TexturedSurface>
<TexturedSurface Id ="95016">
<Attribut>
<FaceType>Wall</FaceType>
<TextureRatio>2.77522</TextureRatio>
<ImageOrigine>2_6071.tif</ImageOrigine>
<CropImageOrigine>3521 652 3450 559
</CropImageOrigine>
</Attribut>
</TexturedSurface>
<TexturedSurface Id ="95019">
<Attribut>
<FaceType>Wall</FaceType>
<TextureRatio>4.45545</TextureRatio>
<ImageOrigine>2_6073.tif</ImageOrigine>
<CropImageOrigine>2017 914 1985 867
</CropImageOrigine>
</Attribut>
</TexturedSurface>
<TexturedSurface Id ="95022">
<Attribut>
<FaceType>Wall</FaceType>
<TextureRatio>2.14923</TextureRatio>
<ImageOrigine>1_6046.tif</ImageOrigine>
<CropImageOrigine>3994 880 3905 806
</CropImageOrigine>
</Attribut>
</TexturedSurface>
<TexturedSurface Id ="95025">
<Attribut>
<FaceType>Wall</FaceType>
<TextureRatio>2.0865</TextureRatio>
<ImageOrigine>1_6046.tif</ImageOrigine>
<CropImageOrigine>4003 910 3909 838
</CropImageOrigine>
</Attribut>
</TexturedSurface>
<TexturedSurface Id ="95028">
<Attribut>
<FaceType>Wall</FaceType>
<TextureRatio>5.26333</TextureRatio>
<ImageOrigine>1_6049.tif</ImageOrigine>
<CropImageOrigine>2202 1002 2182 961
</CropImageOrigine>
</Attribut>
</TexturedSurface>
<TexturedSurface Id ="95031">
<Attribut>
<FaceType>Wall</FaceType>
<TextureRatio>3.46333</TextureRatio>
<ImageOrigine>1_6051.tif</ImageOrigine>
<CropImageOrigine>730 944 665 886
</CropImageOrigine>
</Attribut>
</TexturedSurface>
<TexturedSurface Id ="95034">
<Attribut>
<FaceType>Wall</FaceType>
<TextureRatio>5.15951</TextureRatio>
<ImageOrigine>1_6049.tif</ImageOrigine>
<CropImageOrigine>2226 984 2194 942
</CropImageOrigine>
</Attribut>
</TexturedSurface>
<TexturedSurface Id ="95037">
<Attribut>
<FaceType>Wall</FaceType>
<TextureRatio>2.15049</TextureRatio>
<ImageOrigine>1_6046.tif</ImageOrigine>
<CropImageOrigine>4051 1024 3954 849
</CropImageOrigine>
</Attribut>
</TexturedSurface>
<TexturedSurface Id ="95040">
<Attribut>
<FaceType>Wall</FaceType>
<TextureRatio>3.91589</TextureRatio>
<ImageOrigine>2_6074.tif</ImageOrigine>
<CropImageOrigine>1286 929 1252 876
</CropImageOrigine>
</Attribut>
</TexturedSurface>
<TexturedSurface Id ="95043">
<Attribut>
<FaceType>Wall</FaceType>
<TextureRatio>2.15791</TextureRatio>
<ImageOrigine>1_6046.tif</ImageOrigine>
<CropImageOrigine>4044 1028 3956 990
</CropImageOrigine>
</Attribut>
</TexturedSurface>
<TexturedSurface Id ="95046">
<Attribut>
<FaceType>Wall</FaceType>
<TextureRatio>4.33329</TextureRatio>
<ImageOrigine>1_6051.tif</ImageOrigine>
<CropImageOrigine>820 1070 700 1020
</CropImageOrigine>
</Attribut>
</TexturedSurface>
<TexturedSurface Id ="95049">
<Attribut>
<FaceType>Wall</FaceType>
<TextureRatio>3.6985</TextureRatio>
<ImageOrigine>1_6051.tif</ImageOrigine>
<CropImageOrigine>820 1056 757 988
</CropImageOrigine>
</Attribut>
</TexturedSurface>
<TexturedSurface Id ="95052">
<Attribut>
<FaceType>Wall</FaceType>
<TextureRatio>5.88307</TextureRatio>
<ImageOrigine>1_6049.tif</ImageOrigine>
<CropImageOrigine>2298 1078 2278 1042
</CropImageOrigine>
</Attribut>
</TexturedSurface>
<TexturedSurface Id ="95055">
<Attribut>
<FaceType>Wall</FaceType>
<TextureRatio>3.93116</TextureRatio>
<ImageOrigine>1_6048.tif</ImageOrigine>
<CropImageOrigine>3183 1123 3134 1085
</CropImageOrigine>
</Attribut>
</TexturedSurface>
<TexturedSurface Id ="95058">
<Attribut>
<FaceType>Wall</FaceType>
<TextureRatio>5.5087</TextureRatio>
<ImageOrigine>1_6048.tif</ImageOrigine>
<CropImageOrigine>3216 1124 3134 1088
</CropImageOrigine>
</Attribut>
</TexturedSurface>
<TexturedSurface Id ="95061">
<Attribut>
<FaceType>Wall</FaceType>
<TextureRatio>4.56127</TextureRatio>
<ImageOrigine>1_6051.tif</ImageOrigine>
<CropImageOrigine>872 1028 802 989
</CropImageOrigine>
</Attribut>
</TexturedSurface>
<TexturedSurface Id ="95064">
<Attribut>
<FaceType>Wall</FaceType>
<TextureRatio>3.48701</TextureRatio>
<ImageOrigine>1_6051.tif</ImageOrigine>
<CropImageOrigine>880 1025 816 984
</CropImageOrigine>
</Attribut>
</TexturedSurface>
<TexturedSurface Id ="95067">
<Attribut>
<FaceType>Wall</FaceType>
<TextureRatio>3.15617</TextureRatio>
<ImageOrigine>1_6051.tif</ImageOrigine>
<CropImageOrigine>887 1021 824 977
</CropImageOrigine>
</Attribut>
</TexturedSurface>
<TexturedSurface Id ="95070">
<Attribut>
<FaceType>Wall</FaceType>
<TextureRatio>3.11056</TextureRatio>
<ImageOrigine>1_6051.tif</ImageOrigine>
<CropImageOrigine>891 1014 831 968
</CropImageOrigine>
</Attribut>
</TexturedSurface>
<TexturedSurface Id ="95073">
<Attribut>
<FaceType>Wall</FaceType>
<TextureRatio>2.63795</TextureRatio>
<ImageOrigine>2_6070.tif</ImageOrigine>
<CropImageOrigine>4050 258 3952 175
</CropImageOrigine>
</Attribut>
</TexturedSurface>
<TexturedSurface Id ="95076">
<Attribut>
<FaceType>Wall</FaceType>
<TextureRatio>2.06577</TextureRatio>
<ImageOrigine>2_6070.tif</ImageOrigine>
<CropImageOrigine>4049 267 3952 185
</CropImageOrigine>
</Attribut>
</TexturedSurface>
<TexturedSurface Id ="95079">
<Attribut>
<FaceType>Wall</FaceType>
<TextureRatio>1.90884</TextureRatio>
<ImageOrigine>2_6070.tif</ImageOrigine>
<CropImageOrigine>4056 309 3953 194
</CropImageOrigine>
</Attribut>
</TexturedSurface>
<TexturedSurface Id ="95082">
<Attribut>
<FaceType>Wall</FaceType>
<TextureRatio>3.31573</TextureRatio>
<ImageOrigine>2_6070.tif</ImageOrigine>
<CropImageOrigine>4059 309 3960 238
</CropImageOrigine>
</Attribut>
</TexturedSurface>
<TexturedSurface Id ="95085">
<Attribut>
<FaceType>Wall</FaceType>
<TextureRatio>2.03506</TextureRatio>
<ImageOrigine>2_6070.tif</ImageOrigine>
<CropImageOrigine>4059 315 3962 238
</CropImageOrigine>
</Attribut>
</TexturedSurface>
<TexturedSurface Id ="95088">
<Attribut>
<FaceType>Wall</FaceType>
<TextureRatio>4.60198</TextureRatio>
<ImageOrigine>1_6051.tif</ImageOrigine>
<CropImageOrigine>886 940 823 898
</CropImageOrigine>
</Attribut>
</TexturedSurface>
<TexturedSurface Id ="95091">
<Attribut>
<FaceType>Wall</FaceType>
<TextureRatio>2.04128</TextureRatio>
<ImageOrigine>2_6070.tif</ImageOrigine>
<CropImageOrigine>4060 481 3956 245
</CropImageOrigine>
</Attribut>
</TexturedSurface>
<TexturedSurface Id ="95094">
<Attribut>
<FaceType>Wall</FaceType>
<TextureRatio>3.90493</TextureRatio>
<ImageOrigine>1_6051.tif</ImageOrigine>
<CropImageOrigine>879 773 812 724
</CropImageOrigine>
</Attribut>
</TexturedSurface>
<TexturedSurface Id ="95097">
<Attribut>
<FaceType>Wall</FaceType>
<TextureRatio>2.05147</TextureRatio>
<ImageOrigine>2_6070.tif</ImageOrigine>
<CropImageOrigine>4048 484 3954 421
</CropImageOrigine>
</Attribut>
</TexturedSurface>
<TexturedSurface Id ="95100">
<Attribut>
<FaceType>Wall</FaceType>
<TextureRatio>3.82649</TextureRatio>
<ImageOrigine>2_6070.tif</ImageOrigine>
<CropImageOrigine>4060 484 3954 422
</CropImageOrigine>
</Attribut>
</TexturedSurface>
<TexturedSurface Id ="95103">
<Attribut>
<FaceType>Wall</FaceType>
<TextureRatio>2.04056</TextureRatio>
<ImageOrigine>2_6070.tif</ImageOrigine>
<CropImageOrigine>4067 644 3965 422
</CropImageOrigine>
</Attribut>
</TexturedSurface>
<TexturedSurface Id ="95106">
<Attribut>
<FaceType>Wall</FaceType>
<TextureRatio>3.39793</TextureRatio>
<ImageOrigine>1_6051.tif</ImageOrigine>
<CropImageOrigine>862 608 795 552
</CropImageOrigine>
</Attribut>
</TexturedSurface>
<TexturedSurface Id ="95109">
<Attribut>
<FaceType>Wall</FaceType>
<TextureRatio>2.05079</TextureRatio>
<ImageOrigine>2_6070.tif</ImageOrigine>
<CropImageOrigine>4056 646 3963 593
</CropImageOrigine>
</Attribut>
</TexturedSurface>
<TexturedSurface Id ="95112">
<Attribut>
<FaceType>Wall</FaceType>
<TextureRatio>4.47633</TextureRatio>
<ImageOrigine>2_6070.tif</ImageOrigine>
<CropImageOrigine>4067 646 3963 593
</CropImageOrigine>
</Attribut>
</TexturedSurface>
<TexturedSurface Id ="95115">
<Attribut>
<FaceType>Wall</FaceType>
<TextureRatio>3.09113</TextureRatio>
<ImageOrigine>2_6071.tif</ImageOrigine>
<CropImageOrigine>3369 1351 3301 869
</CropImageOrigine>
</Attribut>
</TexturedSurface>
</WallSurface >
</BuildingPart >
</Building >
</CityModel>
</Chantier_Bati3D>
