<Chantier_Bati3D>
<Bbox>
<Xmin>533516.277</Xmin>
<Xmax>533527.989</Xmax>
<Ymin>152339.916</Ymin>
<Ymax>152365.240</Ymax>
<Zmin>393.061</Zmin>
<Zmax>429.880</Zmax>
</Bbox>
<CityModel Id ="80592">
<Building  Id ="82826">
<Attribut>
<centre>533522.133 147433.445</centre>
</Attribut>
<BuildingPart  Id ="82827">
<RoofSurface  Id ="82833">
<TexturedSurface Id ="82834">
<Attribut>
<FaceType>Roof</FaceType>
<TextureRatio>0.999935</TextureRatio>
<ImageOrigine>2_6076.tif</ImageOrigine>
<CropImageOrigine>171 1448 87 1268
</CropImageOrigine>
</Attribut>
</TexturedSurface>
</RoofSurface >
<WallSurface  Id ="95121">
<TexturedSurface Id ="95122">
<Attribut>
<FaceType>Wall</FaceType>
<TextureRatio>2.53016</TextureRatio>
<ImageOrigine>2_6071.tif</ImageOrigine>
<CropImageOrigine>3404 671 3318 581
</CropImageOrigine>
</Attribut>
</TexturedSurface>
<TexturedSurface Id ="95125">
<Attribut>
<FaceType>Wall</FaceType>
<TextureRatio>2.42866</TextureRatio>
<ImageOrigine>2_6071.tif</ImageOrigine>
<CropImageOrigine>3409 681 3325 604
</CropImageOrigine>
</Attribut>
</TexturedSurface>
<TexturedSurface Id ="95128">
<Attribut>
<FaceType>Wall</FaceType>
</Attribut>
</TexturedSurface>
<TexturedSurface Id ="95131">
<Attribut>
<FaceType>Wall</FaceType>
<TextureRatio>2.90385</TextureRatio>
<ImageOrigine>2_6076.tif</ImageOrigine>
<CropImageOrigine>224 1480 117 1444
</CropImageOrigine>
</Attribut>
</TexturedSurface>
<TexturedSurface Id ="95134">
<Attribut>
<FaceType>Wall</FaceType>
<TextureRatio>4.64724</TextureRatio>
<ImageOrigine>2_6073.tif</ImageOrigine>
<CropImageOrigine>1897 959 1879 906
</CropImageOrigine>
</Attribut>
</TexturedSurface>
<TexturedSurface Id ="95137">
<Attribut>
<FaceType>Wall</FaceType>
<TextureRatio>2.43779</TextureRatio>
<ImageOrigine>2_6071.tif</ImageOrigine>
<CropImageOrigine>3444 700 3360 633
</CropImageOrigine>
</Attribut>
</TexturedSurface>
<TexturedSurface Id ="95140">
<Attribut>
<FaceType>Wall</FaceType>
<TextureRatio>2.48912</TextureRatio>
<ImageOrigine>2_6076.tif</ImageOrigine>
<CropImageOrigine>249 1480 140 1436
</CropImageOrigine>
</Attribut>
</TexturedSurface>
<TexturedSurface Id ="95143">
<Attribut>
<FaceType>Wall</FaceType>
<TextureRatio>2.41665</TextureRatio>
<ImageOrigine>2_6076.tif</ImageOrigine>
<CropImageOrigine>260 1469 148 1414
</CropImageOrigine>
</Attribut>
</TexturedSurface>
<TexturedSurface Id ="95146">
<Attribut>
<FaceType>Wall</FaceType>
<TextureRatio>2.39102</TextureRatio>
<ImageOrigine>2_6076.tif</ImageOrigine>
<CropImageOrigine>267 1448 160 1389
</CropImageOrigine>
</Attribut>
</TexturedSurface>
<TexturedSurface Id ="95149">
<Attribut>
<FaceType>Wall</FaceType>
<TextureRatio>2.4227</TextureRatio>
<ImageOrigine>2_6076.tif</ImageOrigine>
<CropImageOrigine>270 1425 167 1377
</CropImageOrigine>
</Attribut>
</TexturedSurface>
<TexturedSurface Id ="95152">
<Attribut>
<FaceType>Wall</FaceType>
<TextureRatio>2.49941</TextureRatio>
<ImageOrigine>2_6076.tif</ImageOrigine>
<CropImageOrigine>271 1414 169 1352
</CropImageOrigine>
</Attribut>
</TexturedSurface>
<TexturedSurface Id ="95155">
<Attribut>
<FaceType>Wall</FaceType>
<TextureRatio>2.63105</TextureRatio>
<ImageOrigine>2_6076.tif</ImageOrigine>
<CropImageOrigine>271 1390 169 1339
</CropImageOrigine>
</Attribut>
</TexturedSurface>
<TexturedSurface Id ="95158">
<Attribut>
<FaceType>Wall</FaceType>
<TextureRatio>2.75513</TextureRatio>
<ImageOrigine>2_6076.tif</ImageOrigine>
<CropImageOrigine>270 1378 167 1326
</CropImageOrigine>
</Attribut>
</TexturedSurface>
<TexturedSurface Id ="95161">
<Attribut>
<FaceType>Wall</FaceType>
<TextureRatio>3.01235</TextureRatio>
<ImageOrigine>2_6076.tif</ImageOrigine>
<CropImageOrigine>268 1366 159 1302
</CropImageOrigine>
</Attribut>
</TexturedSurface>
<TexturedSurface Id ="95164">
<Attribut>
<FaceType>Wall</FaceType>
<TextureRatio>3.55598</TextureRatio>
<ImageOrigine>2_6076.tif</ImageOrigine>
<CropImageOrigine>261 1343 147 1279
</CropImageOrigine>
</Attribut>
</TexturedSurface>
<TexturedSurface Id ="95167">
<Attribut>
<FaceType>Wall</FaceType>
<TextureRatio>3.31098</TextureRatio>
<ImageOrigine>1_6048.tif</ImageOrigine>
<CropImageOrigine>3191 1088 3126 1034
</CropImageOrigine>
</Attribut>
</TexturedSurface>
<TexturedSurface Id ="95170">
<Attribut>
<FaceType>Wall</FaceType>
<TextureRatio>3.05212</TextureRatio>
<ImageOrigine>1_6051.tif</ImageOrigine>
<CropImageOrigine>827 990 753 941
</CropImageOrigine>
</Attribut>
</TexturedSurface>
<TexturedSurface Id ="95173">
<Attribut>
<FaceType>Wall</FaceType>
<TextureRatio>4.80059</TextureRatio>
<ImageOrigine>1_6051.tif</ImageOrigine>
<CropImageOrigine>841 987 756 940
</CropImageOrigine>
</Attribut>
</TexturedSurface>
<TexturedSurface Id ="95176">
<Attribut>
<FaceType>Wall</FaceType>
<TextureRatio>3.50902</TextureRatio>
<ImageOrigine>1_6048.tif</ImageOrigine>
<CropImageOrigine>3213 1086 3150 1040
</CropImageOrigine>
</Attribut>
</TexturedSurface>
<TexturedSurface Id ="95179">
<Attribut>
<FaceType>Wall</FaceType>
<TextureRatio>2.9822</TextureRatio>
<ImageOrigine>1_6051.tif</ImageOrigine>
<CropImageOrigine>850 988 775 931
</CropImageOrigine>
</Attribut>
</TexturedSurface>
<TexturedSurface Id ="95182">
<Attribut>
<FaceType>Wall</FaceType>
<TextureRatio>3.03608</TextureRatio>
<ImageOrigine>1_6051.tif</ImageOrigine>
<CropImageOrigine>858 978 781 908
</CropImageOrigine>
</Attribut>
</TexturedSurface>
<TexturedSurface Id ="95185">
<Attribut>
<FaceType>Wall</FaceType>
<TextureRatio>3.152</TextureRatio>
<ImageOrigine>1_6051.tif</ImageOrigine>
<CropImageOrigine>861 956 790 896
</CropImageOrigine>
</Attribut>
</TexturedSurface>
<TexturedSurface Id ="95188">
<Attribut>
<FaceType>Wall</FaceType>
</Attribut>
</TexturedSurface>
<TexturedSurface Id ="95191">
<Attribut>
<FaceType>Wall</FaceType>
<TextureRatio>3.14907</TextureRatio>
<ImageOrigine>2_6071.tif</ImageOrigine>
<CropImageOrigine>3393 626 3315 532
</CropImageOrigine>
</Attribut>
</TexturedSurface>
<TexturedSurface Id ="95194">
<Attribut>
<FaceType>Wall</FaceType>
<TextureRatio>2.76117</TextureRatio>
<ImageOrigine>2_6071.tif</ImageOrigine>
<CropImageOrigine>3397 649 3315 556
</CropImageOrigine>
</Attribut>
</TexturedSurface>
</WallSurface >
</BuildingPart >
</Building >
</CityModel>
</Chantier_Bati3D>
