<Chantier_Bati3D>
<Bbox>
<Xmin>533516.277</Xmin>
<Xmax>533527.989</Xmax>
<Ymin>152405.276</Ymin>
<Ymax>152430.600</Ymax>
<Zmin>394.357</Zmin>
<Zmax>429.880</Zmax>
</Bbox>
<CityModel Id ="80592">
<Building  Id ="82837">
<Attribut>
<centre>533522.133 147466.125</centre>
</Attribut>
<BuildingPart  Id ="82838">
<RoofSurface  Id ="82844">
<TexturedSurface Id ="82845">
<Attribut>
<FaceType>Roof</FaceType>
<TextureRatio>0.999948</TextureRatio>
<ImageOrigine>2_6076.tif</ImageOrigine>
<CropImageOrigine>173 1908 89 1729
</CropImageOrigine>
</Attribut>
</TexturedSurface>
</RoofSurface >
<WallSurface  Id ="95200">
<TexturedSurface Id ="95201">
<Attribut>
<FaceType>Wall</FaceType>
<TextureRatio>2.78357</TextureRatio>
<ImageOrigine>2_6071.tif</ImageOrigine>
<CropImageOrigine>3405 1079 3323 1013
</CropImageOrigine>
</Attribut>
</TexturedSurface>
<TexturedSurface Id ="95204">
<Attribut>
<FaceType>Wall</FaceType>
<TextureRatio>2.71595</TextureRatio>
<ImageOrigine>2_6071.tif</ImageOrigine>
<CropImageOrigine>3409 1090 3328 1037
</CropImageOrigine>
</Attribut>
</TexturedSurface>
<TexturedSurface Id ="95207">
<Attribut>
<FaceType>Wall</FaceType>
<TextureRatio>2.69763</TextureRatio>
<ImageOrigine>2_6071.tif</ImageOrigine>
<CropImageOrigine>3420 1110 3332 1048
</CropImageOrigine>
</Attribut>
</TexturedSurface>
<TexturedSurface Id ="95210">
<Attribut>
<FaceType>Wall</FaceType>
<TextureRatio>2.72956</TextureRatio>
<ImageOrigine>2_6071.tif</ImageOrigine>
<CropImageOrigine>3427 1120 3343 1070
</CropImageOrigine>
</Attribut>
</TexturedSurface>
<TexturedSurface Id ="95213">
<Attribut>
<FaceType>Wall</FaceType>
<TextureRatio>1.70626</TextureRatio>
<ImageOrigine>3_6097.tif</ImageOrigine>
<CropImageOrigine>3155 3953 3091 3827
</CropImageOrigine>
</Attribut>
</TexturedSurface>
<TexturedSurface Id ="95216">
<Attribut>
<FaceType>Wall</FaceType>
<TextureRatio>1.84989</TextureRatio>
<ImageOrigine>3_6097.tif</ImageOrigine>
<CropImageOrigine>3151 3953 3077 3829
</CropImageOrigine>
</Attribut>
</TexturedSurface>
<TexturedSurface Id ="95219">
<Attribut>
<FaceType>Wall</FaceType>
<TextureRatio>3.02479</TextureRatio>
<ImageOrigine>2_6071.tif</ImageOrigine>
<CropImageOrigine>3449 1119 3367 1077
</CropImageOrigine>
</Attribut>
</TexturedSurface>
<TexturedSurface Id ="95222">
<Attribut>
<FaceType>Wall</FaceType>
<TextureRatio>2.84316</TextureRatio>
<ImageOrigine>2_6076.tif</ImageOrigine>
<CropImageOrigine>255 1913 143 1885
</CropImageOrigine>
</Attribut>
</TexturedSurface>
<TexturedSurface Id ="95225">
<Attribut>
<FaceType>Wall</FaceType>
<TextureRatio>1.72091</TextureRatio>
<ImageOrigine>3_6096.tif</ImageOrigine>
<CropImageOrigine>4060 3847 3942 3711
</CropImageOrigine>
</Attribut>
</TexturedSurface>
<TexturedSurface Id ="95228">
<Attribut>
<FaceType>Wall</FaceType>
<TextureRatio>1.88745</TextureRatio>
<ImageOrigine>3_6096.tif</ImageOrigine>
<CropImageOrigine>4054 3859 3940 3733
</CropImageOrigine>
</Attribut>
</TexturedSurface>
<TexturedSurface Id ="95231">
<Attribut>
<FaceType>Wall</FaceType>
<TextureRatio>2.13007</TextureRatio>
<ImageOrigine>3_6096.tif</ImageOrigine>
<CropImageOrigine>4053 3883 3940 3745
</CropImageOrigine>
</Attribut>
</TexturedSurface>
<TexturedSurface Id ="95234">
<Attribut>
<FaceType>Wall</FaceType>
<TextureRatio>2.05534</TextureRatio>
<ImageOrigine>1_6046.tif</ImageOrigine>
<CropImageOrigine>4064 487 3959 393
</CropImageOrigine>
</Attribut>
</TexturedSurface>
<TexturedSurface Id ="95237">
<Attribut>
<FaceType>Wall</FaceType>
<TextureRatio>2.62481</TextureRatio>
<ImageOrigine>2_6076.tif</ImageOrigine>
<CropImageOrigine>269 1811 169 1787
</CropImageOrigine>
</Attribut>
</TexturedSurface>
<TexturedSurface Id ="95240">
<Attribut>
<FaceType>Wall</FaceType>
<TextureRatio>2.75518</TextureRatio>
<ImageOrigine>2_6076.tif</ImageOrigine>
<CropImageOrigine>267 1800 161 1762
</CropImageOrigine>
</Attribut>
</TexturedSurface>
<TexturedSurface Id ="95243">
<Attribut>
<FaceType>Wall</FaceType>
<TextureRatio>3.04224</TextureRatio>
<ImageOrigine>2_6076.tif</ImageOrigine>
<CropImageOrigine>259 1777 149 1740
</CropImageOrigine>
</Attribut>
</TexturedSurface>
<TexturedSurface Id ="95246">
<Attribut>
<FaceType>Wall</FaceType>
<TextureRatio>2.80459</TextureRatio>
<ImageOrigine>1_6048.tif</ImageOrigine>
<CropImageOrigine>3159 680 3097 606
</CropImageOrigine>
</Attribut>
</TexturedSurface>
<TexturedSurface Id ="95249">
<Attribut>
<FaceType>Wall</FaceType>
</Attribut>
</TexturedSurface>
<TexturedSurface Id ="95252">
<Attribut>
<FaceType>Wall</FaceType>
<TextureRatio>3.24834</TextureRatio>
<ImageOrigine>1_6051.tif</ImageOrigine>
<CropImageOrigine>795 561 710 491
</CropImageOrigine>
</Attribut>
</TexturedSurface>
<TexturedSurface Id ="95255">
<Attribut>
<FaceType>Wall</FaceType>
</Attribut>
</TexturedSurface>
<TexturedSurface Id ="95258">
<Attribut>
<FaceType>Wall</FaceType>
</Attribut>
</TexturedSurface>
<TexturedSurface Id ="95261">
<Attribut>
<FaceType>Wall</FaceType>
<TextureRatio>2.77997</TextureRatio>
<ImageOrigine>1_6051.tif</ImageOrigine>
<CropImageOrigine>816 541 740 447
</CropImageOrigine>
</Attribut>
</TexturedSurface>
<TexturedSurface Id ="95264">
<Attribut>
<FaceType>Wall</FaceType>
<TextureRatio>3.01583</TextureRatio>
<ImageOrigine>1_6051.tif</ImageOrigine>
<CropImageOrigine>817 518 746 435
</CropImageOrigine>
</Attribut>
</TexturedSurface>
<TexturedSurface Id ="95267">
<Attribut>
<FaceType>Wall</FaceType>
<TextureRatio>3.36025</TextureRatio>
<ImageOrigine>1_6051.tif</ImageOrigine>
<CropImageOrigine>818 507 748 410
</CropImageOrigine>
</Attribut>
</TexturedSurface>
<TexturedSurface Id ="95270">
<Attribut>
<FaceType>Wall</FaceType>
<TextureRatio>2.96563</TextureRatio>
<ImageOrigine>2_6071.tif</ImageOrigine>
<CropImageOrigine>3400 1057 3322 989
</CropImageOrigine>
</Attribut>
</TexturedSurface>
</WallSurface >
</BuildingPart >
</Building >
</CityModel>
</Chantier_Bati3D>
