<Chantier_Bati3D>
<Bbox>
<Xmin>533516.277</Xmin>
<Xmax>533527.989</Xmax>
<Ymin>152445.156</Ymin>
<Ymax>152470.480</Ymax>
<Zmin>394.285</Zmin>
<Zmax>429.880</Zmax>
</Bbox>
<CityModel Id ="80592">
<Building  Id ="82848">
<Attribut>
<centre>533522.133 147486.065</centre>
</Attribut>
<BuildingPart  Id ="82849">
<RoofSurface  Id ="82855">
<TexturedSurface Id ="82856">
<Attribut>
<FaceType>Roof</FaceType>
<TextureRatio>0.999958</TextureRatio>
<ImageOrigine>2_6076.tif</ImageOrigine>
<CropImageOrigine>175 2188 90 2009
</CropImageOrigine>
</Attribut>
</TexturedSurface>
</RoofSurface >
<WallSurface  Id ="95276">
<TexturedSurface Id ="95277">
<Attribut>
<FaceType>Wall</FaceType>
<TextureRatio>3.08043</TextureRatio>
<ImageOrigine>2_6071.tif</ImageOrigine>
<CropImageOrigine>3402 1300 3325 1246
</CropImageOrigine>
</Attribut>
</TexturedSurface>
<TexturedSurface Id ="95280">
<Attribut>
<FaceType>Wall</FaceType>
<TextureRatio>2.95482</TextureRatio>
<ImageOrigine>2_6071.tif</ImageOrigine>
<CropImageOrigine>3403 1311 3325 1270
</CropImageOrigine>
</Attribut>
</TexturedSurface>
<TexturedSurface Id ="95283">
<Attribut>
<FaceType>Wall</FaceType>
<TextureRatio>2.88765</TextureRatio>
<ImageOrigine>2_6071.tif</ImageOrigine>
<CropImageOrigine>3408 1334 3326 1282
</CropImageOrigine>
</Attribut>
</TexturedSurface>
<TexturedSurface Id ="95286">
<Attribut>
<FaceType>Wall</FaceType>
<TextureRatio>2.88248</TextureRatio>
<ImageOrigine>2_6071.tif</ImageOrigine>
<CropImageOrigine>3417 1354 3331 1306
</CropImageOrigine>
</Attribut>
</TexturedSurface>
<TexturedSurface Id ="95289">
<Attribut>
<FaceType>Wall</FaceType>
</Attribut>
</TexturedSurface>
<TexturedSurface Id ="95292">
<Attribut>
<FaceType>Wall</FaceType>
<TextureRatio>1.58782</TextureRatio>
<ImageOrigine>3_6096.tif</ImageOrigine>
<CropImageOrigine>4059 3532 3944 3432
</CropImageOrigine>
</Attribut>
</TexturedSurface>
<TexturedSurface Id ="95295">
<Attribut>
<FaceType>Wall</FaceType>
<TextureRatio>2.01436</TextureRatio>
<ImageOrigine>3_6098.tif</ImageOrigine>
<CropImageOrigine>2514 3968 2476 3850
</CropImageOrigine>
</Attribut>
</TexturedSurface>
<TexturedSurface Id ="95298">
<Attribut>
<FaceType>Wall</FaceType>
<TextureRatio>2.0969</TextureRatio>
<ImageOrigine>3_6099.tif</ImageOrigine>
<CropImageOrigine>1738 4059 1713 3933
</CropImageOrigine>
</Attribut>
</TexturedSurface>
<TexturedSurface Id ="95301">
<Attribut>
<FaceType>Wall</FaceType>
<TextureRatio>1.64992</TextureRatio>
<ImageOrigine>3_6096.tif</ImageOrigine>
<CropImageOrigine>4037 3544 3920 3435
</CropImageOrigine>
</Attribut>
</TexturedSurface>
<TexturedSurface Id ="95304">
<Attribut>
<FaceType>Wall</FaceType>
<TextureRatio>1.72518</TextureRatio>
<ImageOrigine>3_6096.tif</ImageOrigine>
<CropImageOrigine>4031 3568 3912 3446
</CropImageOrigine>
</Attribut>
</TexturedSurface>
<TexturedSurface Id ="95307">
<Attribut>
<FaceType>Wall</FaceType>
<TextureRatio>1.84196</TextureRatio>
<ImageOrigine>3_6096.tif</ImageOrigine>
<CropImageOrigine>4022 3580 3909 3468
</CropImageOrigine>
</Attribut>
</TexturedSurface>
<TexturedSurface Id ="95310">
<Attribut>
<FaceType>Wall</FaceType>
<TextureRatio>2.01304</TextureRatio>
<ImageOrigine>3_6096.tif</ImageOrigine>
<CropImageOrigine>4020 3604 3907 3480
</CropImageOrigine>
</Attribut>
</TexturedSurface>
<TexturedSurface Id ="95313">
<Attribut>
<FaceType>Wall</FaceType>
<TextureRatio>2.16549</TextureRatio>
<ImageOrigine>1_6046.tif</ImageOrigine>
<CropImageOrigine>4043 227 3940 118
</CropImageOrigine>
</Attribut>
</TexturedSurface>
<TexturedSurface Id ="95316">
<Attribut>
<FaceType>Wall</FaceType>
<TextureRatio>1.99567</TextureRatio>
<ImageOrigine>1_6046.tif</ImageOrigine>
<CropImageOrigine>4045 238 3941 142
</CropImageOrigine>
</Attribut>
</TexturedSurface>
<TexturedSurface Id ="95319">
<Attribut>
<FaceType>Wall</FaceType>
<TextureRatio>2.56921</TextureRatio>
<ImageOrigine>2_6076.tif</ImageOrigine>
<CropImageOrigine>270 2079 167 2052
</CropImageOrigine>
</Attribut>
</TexturedSurface>
<TexturedSurface Id ="95322">
<Attribut>
<FaceType>Wall</FaceType>
</Attribut>
</TexturedSurface>
<TexturedSurface Id ="95325">
<Attribut>
<FaceType>Wall</FaceType>
</Attribut>
</TexturedSurface>
<TexturedSurface Id ="95328">
<Attribut>
<FaceType>Wall</FaceType>
<TextureRatio>2.19318</TextureRatio>
<ImageOrigine>1_6051.tif</ImageOrigine>
<CropImageOrigine>754 303 678 215
</CropImageOrigine>
</Attribut>
</TexturedSurface>
<TexturedSurface Id ="95331">
<Attribut>
<FaceType>Wall</FaceType>
<TextureRatio>2.71389</TextureRatio>
<ImageOrigine>1_6051.tif</ImageOrigine>
<CropImageOrigine>769 300 681 214
</CropImageOrigine>
</Attribut>
</TexturedSurface>
<TexturedSurface Id ="95334">
<Attribut>
<FaceType>Wall</FaceType>
</Attribut>
</TexturedSurface>
<TexturedSurface Id ="95337">
<Attribut>
<FaceType>Wall</FaceType>
<TextureRatio>2.34692</TextureRatio>
<ImageOrigine>1_6051.tif</ImageOrigine>
<CropImageOrigine>778 301 700 205
</CropImageOrigine>
</Attribut>
</TexturedSurface>
<TexturedSurface Id ="95340">
<Attribut>
<FaceType>Wall</FaceType>
<TextureRatio>2.48519</TextureRatio>
<ImageOrigine>1_6051.tif</ImageOrigine>
<CropImageOrigine>786 290 706 182
</CropImageOrigine>
</Attribut>
</TexturedSurface>
<TexturedSurface Id ="95343">
<Attribut>
<FaceType>Wall</FaceType>
<TextureRatio>2.69254</TextureRatio>
<ImageOrigine>1_6051.tif</ImageOrigine>
<CropImageOrigine>789 268 715 170
</CropImageOrigine>
</Attribut>
</TexturedSurface>
<TexturedSurface Id ="95346">
<Attribut>
<FaceType>Wall</FaceType>
</Attribut>
</TexturedSurface>
</WallSurface >
</BuildingPart >
</Building >
</CityModel>
</Chantier_Bati3D>
