<Chantier_Bati3D>
<Bbox>
<Xmin>533514.683</Xmin>
<Xmax>533530.883</Xmax>
<Ymin>152390.808</Ymin>
<Ymax>152400.713</Ymax>
<Zmin>394.055</Zmin>
<Zmax>429.880</Zmax>
</Bbox>
<CityModel Id ="80592">
<Building  Id ="82859">
<Attribut>
<centre>533522.783 147451.181</centre>
</Attribut>
<BuildingPart  Id ="82860">
<RoofSurface  Id ="82866">
<TexturedSurface Id ="82867">
<Attribut>
<FaceType>Roof</FaceType>
<TextureRatio>1.00001</TextureRatio>
<ImageOrigine>2_6076.tif</ImageOrigine>
<CropImageOrigine>184 1698 67 1627
</CropImageOrigine>
</Attribut>
</TexturedSurface>
</RoofSurface >
<WallSurface  Id ="95352">
<TexturedSurface Id ="95353">
<Attribut>
<FaceType>Wall</FaceType>
<TextureRatio>4.83055</TextureRatio>
<ImageOrigine>2_6071.tif</ImageOrigine>
<CropImageOrigine>3414 912 3302 859
</CropImageOrigine>
</Attribut>
</TexturedSurface>
<TexturedSurface Id ="95356">
<Attribut>
<FaceType>Wall</FaceType>
<TextureRatio>2.99623</TextureRatio>
<ImageOrigine>2_6071.tif</ImageOrigine>
<CropImageOrigine>3414 929 3336 859
</CropImageOrigine>
</Attribut>
</TexturedSurface>
<TexturedSurface Id ="95359">
<Attribut>
<FaceType>Wall</FaceType>
<TextureRatio>4.94138</TextureRatio>
<ImageOrigine>2_6071.tif</ImageOrigine>
<CropImageOrigine>3481 929 3337 876
</CropImageOrigine>
</Attribut>
</TexturedSurface>
<TexturedSurface Id ="95362">
<Attribut>
<FaceType>Wall</FaceType>
<TextureRatio>2.54363</TextureRatio>
<ImageOrigine>2_6076.tif</ImageOrigine>
<CropImageOrigine>276 1715 178 1650
</CropImageOrigine>
</Attribut>
</TexturedSurface>
<TexturedSurface Id ="95365">
<Attribut>
<FaceType>Wall</FaceType>
<TextureRatio>1.65708</TextureRatio>
<ImageOrigine>3_6096.tif</ImageOrigine>
<CropImageOrigine>4067 4050 3950 3924
</CropImageOrigine>
</Attribut>
</TexturedSurface>
<TexturedSurface Id ="95368">
<Attribut>
<FaceType>Wall</FaceType>
<TextureRatio>2.11239</TextureRatio>
<ImageOrigine>1_6046.tif</ImageOrigine>
<CropImageOrigine>4065 640 3960 556
</CropImageOrigine>
</Attribut>
</TexturedSurface>
<TexturedSurface Id ="95371">
<Attribut>
<FaceType>Wall</FaceType>
<TextureRatio>3.50601</TextureRatio>
<ImageOrigine>1_6051.tif</ImageOrigine>
<CropImageOrigine>771 662 678 597
</CropImageOrigine>
</Attribut>
</TexturedSurface>
<TexturedSurface Id ="95374">
<Attribut>
<FaceType>Wall</FaceType>
<TextureRatio>3.65888</TextureRatio>
<ImageOrigine>1_6051.tif</ImageOrigine>
<CropImageOrigine>771 660 699 595
</CropImageOrigine>
</Attribut>
</TexturedSurface>
<TexturedSurface Id ="95377">
<Attribut>
<FaceType>Wall</FaceType>
<TextureRatio>3.50134</TextureRatio>
<ImageOrigine>1_6051.tif</ImageOrigine>
<CropImageOrigine>788 659 699 593
</CropImageOrigine>
</Attribut>
</TexturedSurface>
<TexturedSurface Id ="95380">
<Attribut>
<FaceType>Wall</FaceType>
<TextureRatio>3.71333</TextureRatio>
<ImageOrigine>1_6051.tif</ImageOrigine>
<CropImageOrigine>788 657 717 591
</CropImageOrigine>
</Attribut>
</TexturedSurface>
<TexturedSurface Id ="95383">
<Attribut>
<FaceType>Wall</FaceType>
<TextureRatio>3.49446</TextureRatio>
<ImageOrigine>1_6051.tif</ImageOrigine>
<CropImageOrigine>854 655 717 585
</CropImageOrigine>
</Attribut>
</TexturedSurface>
<TexturedSurface Id ="95386">
<Attribut>
<FaceType>Wall</FaceType>
<TextureRatio>3.07313</TextureRatio>
<ImageOrigine>2_6071.tif</ImageOrigine>
<CropImageOrigine>3377 912 3301 816
</CropImageOrigine>
</Attribut>
</TexturedSurface>
</WallSurface >
</BuildingPart >
</Building >
</CityModel>
</Chantier_Bati3D>
