<Chantier_Bati3D>
<Bbox>
<Xmin>533516.277</Xmin>
<Xmax>533527.989</Xmax>
<Ymin>152339.898</Ymin>
<Ymax>152365.258</Ymax>
<Zmin>393.061</Zmin>
<Zmax>429.880</Zmax>
</Bbox>
<CityModel Id ="80592">
<Building  Id ="82870">
<Attribut>
<centre>533522.133 147433.454</centre>
</Attribut>
<BuildingPart  Id ="82871">
<RoofSurface  Id ="82877">
<TexturedSurface Id ="82878">
<Attribut>
<FaceType>Roof</FaceType>
<TextureRatio>0.99993</TextureRatio>
<ImageOrigine>2_6074.tif</ImageOrigine>
<CropImageOrigine>1205 1120 1122 940
</CropImageOrigine>
</Attribut>
</TexturedSurface>
</RoofSurface >
<WallSurface  Id ="95392">
<TexturedSurface Id ="95393">
<Attribut>
<FaceType>Wall</FaceType>
<TextureRatio>2.76117</TextureRatio>
<ImageOrigine>2_6071.tif</ImageOrigine>
<CropImageOrigine>3397 649 3315 556
</CropImageOrigine>
</Attribut>
</TexturedSurface>
<TexturedSurface Id ="95396">
<Attribut>
<FaceType>Wall</FaceType>
<TextureRatio>2.57712</TextureRatio>
<ImageOrigine>2_6071.tif</ImageOrigine>
<CropImageOrigine>3400 660 3318 581
</CropImageOrigine>
</Attribut>
</TexturedSurface>
<TexturedSurface Id ="95399">
<Attribut>
<FaceType>Wall</FaceType>
<TextureRatio>2.45638</TextureRatio>
<ImageOrigine>2_6071.tif</ImageOrigine>
<CropImageOrigine>3409 681 3321 593
</CropImageOrigine>
</Attribut>
</TexturedSurface>
<TexturedSurface Id ="95402">
<Attribut>
<FaceType>Wall</FaceType>
<TextureRatio>2.37673</TextureRatio>
<ImageOrigine>2_6071.tif</ImageOrigine>
<CropImageOrigine>3422 701 3330 615
</CropImageOrigine>
</Attribut>
</TexturedSurface>
<TexturedSurface Id ="95405">
<Attribut>
<FaceType>Wall</FaceType>
<TextureRatio>4.24785</TextureRatio>
<ImageOrigine>2_6074.tif</ImageOrigine>
<CropImageOrigine>1191 1165 1150 1115
</CropImageOrigine>
</Attribut>
</TexturedSurface>
<TexturedSurface Id ="95408">
<Attribut>
<FaceType>Wall</FaceType>
<TextureRatio>3.88536</TextureRatio>
<ImageOrigine>2_6071.tif</ImageOrigine>
<CropImageOrigine>3441 698 3346 633
</CropImageOrigine>
</Attribut>
</TexturedSurface>
<TexturedSurface Id ="95411">
<Attribut>
<FaceType>Wall</FaceType>
<TextureRatio>2.43792</TextureRatio>
<ImageOrigine>2_6071.tif</ImageOrigine>
<CropImageOrigine>3444 701 3360 633
</CropImageOrigine>
</Attribut>
</TexturedSurface>
<TexturedSurface Id ="95414">
<Attribut>
<FaceType>Wall</FaceType>
<TextureRatio>2.45488</TextureRatio>
<ImageOrigine>2_6076.tif</ImageOrigine>
<CropImageOrigine>255 1480 141 1425
</CropImageOrigine>
</Attribut>
</TexturedSurface>
<TexturedSurface Id ="95417">
<Attribut>
<FaceType>Wall</FaceType>
<TextureRatio>2.40354</TextureRatio>
<ImageOrigine>2_6076.tif</ImageOrigine>
<CropImageOrigine>260 1459 154 1414
</CropImageOrigine>
</Attribut>
</TexturedSurface>
<TexturedSurface Id ="95420">
<Attribut>
<FaceType>Wall</FaceType>
<TextureRatio>2.39102</TextureRatio>
<ImageOrigine>2_6076.tif</ImageOrigine>
<CropImageOrigine>267 1448 160 1389
</CropImageOrigine>
</Attribut>
</TexturedSurface>
<TexturedSurface Id ="95423">
<Attribut>
<FaceType>Wall</FaceType>
<TextureRatio>2.44253</TextureRatio>
<ImageOrigine>2_6076.tif</ImageOrigine>
<CropImageOrigine>271 1425 167 1364
</CropImageOrigine>
</Attribut>
</TexturedSurface>
<TexturedSurface Id ="95426">
<Attribut>
<FaceType>Wall</FaceType>
<TextureRatio>2.58007</TextureRatio>
<ImageOrigine>2_6076.tif</ImageOrigine>
<CropImageOrigine>271 1402 169 1339
</CropImageOrigine>
</Attribut>
</TexturedSurface>
<TexturedSurface Id ="95429">
<Attribut>
<FaceType>Wall</FaceType>
<TextureRatio>2.82966</TextureRatio>
<ImageOrigine>2_6076.tif</ImageOrigine>
<CropImageOrigine>270 1378 163 1314
</CropImageOrigine>
</Attribut>
</TexturedSurface>
<TexturedSurface Id ="95432">
<Attribut>
<FaceType>Wall</FaceType>
<TextureRatio>3.12374</TextureRatio>
<ImageOrigine>2_6076.tif</ImageOrigine>
<CropImageOrigine>265 1355 159 1302
</CropImageOrigine>
</Attribut>
</TexturedSurface>
<TexturedSurface Id ="95435">
<Attribut>
<FaceType>Wall</FaceType>
<TextureRatio>3.39252</TextureRatio>
<ImageOrigine>2_6076.tif</ImageOrigine>
<CropImageOrigine>261 1343 154 1291
</CropImageOrigine>
</Attribut>
</TexturedSurface>
<TexturedSurface Id ="95438">
<Attribut>
<FaceType>Wall</FaceType>
<TextureRatio>3.30894</TextureRatio>
<ImageOrigine>1_6048.tif</ImageOrigine>
<CropImageOrigine>3191 1088 3120 1025
</CropImageOrigine>
</Attribut>
</TexturedSurface>
<TexturedSurface Id ="95441">
<Attribut>
<FaceType>Wall</FaceType>
<TextureRatio>3.05234</TextureRatio>
<ImageOrigine>1_6051.tif</ImageOrigine>
<CropImageOrigine>827 990 753 941
</CropImageOrigine>
</Attribut>
</TexturedSurface>
<TexturedSurface Id ="95444">
<Attribut>
<FaceType>Wall</FaceType>
<TextureRatio>4.80059</TextureRatio>
<ImageOrigine>1_6051.tif</ImageOrigine>
<CropImageOrigine>841 987 756 940
</CropImageOrigine>
</Attribut>
</TexturedSurface>
<TexturedSurface Id ="95447">
<Attribut>
<FaceType>Wall</FaceType>
<TextureRatio>3.50937</TextureRatio>
<ImageOrigine>1_6048.tif</ImageOrigine>
<CropImageOrigine>3213 1086 3150 1040
</CropImageOrigine>
</Attribut>
</TexturedSurface>
<TexturedSurface Id ="95450">
<Attribut>
<FaceType>Wall</FaceType>
<TextureRatio>2.99613</TextureRatio>
<ImageOrigine>1_6051.tif</ImageOrigine>
<CropImageOrigine>855 988 775 920
</CropImageOrigine>
</Attribut>
</TexturedSurface>
<TexturedSurface Id ="95453">
<Attribut>
<FaceType>Wall</FaceType>
<TextureRatio>3.10565</TextureRatio>
<ImageOrigine>1_6051.tif</ImageOrigine>
<CropImageOrigine>861 967 786 896
</CropImageOrigine>
</Attribut>
</TexturedSurface>
<TexturedSurface Id ="95456">
<Attribut>
<FaceType>Wall</FaceType>
<TextureRatio>3.26798</TextureRatio>
<ImageOrigine>1_6051.tif</ImageOrigine>
<CropImageOrigine>863 945 793 884
</CropImageOrigine>
</Attribut>
</TexturedSurface>
<TexturedSurface Id ="95459">
<Attribut>
<FaceType>Wall</FaceType>
<TextureRatio>3.42138</TextureRatio>
<ImageOrigine>1_6051.tif</ImageOrigine>
<CropImageOrigine>864 933 794 872
</CropImageOrigine>
</Attribut>
</TexturedSurface>
<TexturedSurface Id ="95462">
<Attribut>
<FaceType>Wall</FaceType>
<TextureRatio>3.14907</TextureRatio>
<ImageOrigine>2_6071.tif</ImageOrigine>
<CropImageOrigine>3393 626 3315 532
</CropImageOrigine>
</Attribut>
</TexturedSurface>
</WallSurface >
</BuildingPart >
</Building >
</CityModel>
</Chantier_Bati3D>
