<Chantier_Bati3D>
<Bbox>
<Xmin>533516.277</Xmin>
<Xmax>533527.989</Xmax>
<Ymin>152445.138</Ymin>
<Ymax>152470.498</Ymax>
<Zmin>394.285</Zmin>
<Zmax>429.880</Zmax>
</Bbox>
<CityModel Id ="80592">
<Building  Id ="82881">
<Attribut>
<centre>533522.133 147486.074</centre>
</Attribut>
<BuildingPart  Id ="82882">
<RoofSurface  Id ="82888">
<TexturedSurface Id ="82889">
<Attribut>
<FaceType>Roof</FaceType>
<TextureRatio>0.999879</TextureRatio>
<ImageOrigine>2_6071.tif</ImageOrigine>
<CropImageOrigine>3479 1349 3401 1177
</CropImageOrigine>
</Attribut>
</TexturedSurface>
</RoofSurface >
<WallSurface  Id ="95468">
<TexturedSurface Id ="95469">
<Attribut>
<FaceType>Wall</FaceType>
<TextureRatio>2.95482</TextureRatio>
<ImageOrigine>2_6071.tif</ImageOrigine>
<CropImageOrigine>3403 1311 3325 1270
</CropImageOrigine>
</Attribut>
</TexturedSurface>
<TexturedSurface Id ="95472">
<Attribut>
<FaceType>Wall</FaceType>
<TextureRatio>2.88765</TextureRatio>
<ImageOrigine>2_6071.tif</ImageOrigine>
<CropImageOrigine>3408 1334 3326 1282
</CropImageOrigine>
</Attribut>
</TexturedSurface>
<TexturedSurface Id ="95475">
<Attribut>
<FaceType>Wall</FaceType>
<TextureRatio>2.88248</TextureRatio>
<ImageOrigine>2_6071.tif</ImageOrigine>
<CropImageOrigine>3417 1354 3331 1306
</CropImageOrigine>
</Attribut>
</TexturedSurface>
<TexturedSurface Id ="95478">
<Attribut>
<FaceType>Wall</FaceType>
<TextureRatio>2.96677</TextureRatio>
<ImageOrigine>2_6071.tif</ImageOrigine>
<CropImageOrigine>3430 1374 3340 1328
</CropImageOrigine>
</Attribut>
</TexturedSurface>
<TexturedSurface Id ="95481">
<Attribut>
<FaceType>Wall</FaceType>
<TextureRatio>1.58783</TextureRatio>
<ImageOrigine>3_6096.tif</ImageOrigine>
<CropImageOrigine>4060 3532 3944 3432
</CropImageOrigine>
</Attribut>
</TexturedSurface>
<TexturedSurface Id ="95484">
<Attribut>
<FaceType>Wall</FaceType>
<TextureRatio>1.90226</TextureRatio>
<ImageOrigine>3_6099.tif</ImageOrigine>
<CropImageOrigine>1753 4060 1716 3935
</CropImageOrigine>
</Attribut>
</TexturedSurface>
<TexturedSurface Id ="95487">
<Attribut>
<FaceType>Wall</FaceType>
<TextureRatio>3.54731</TextureRatio>
<ImageOrigine>2_6071.tif</ImageOrigine>
<CropImageOrigine>3452 1373 3370 1345
</CropImageOrigine>
</Attribut>
</TexturedSurface>
<TexturedSurface Id ="95490">
<Attribut>
<FaceType>Wall</FaceType>
<TextureRatio>1.67485</TextureRatio>
<ImageOrigine>3_6096.tif</ImageOrigine>
<CropImageOrigine>4037 3556 3915 3435
</CropImageOrigine>
</Attribut>
</TexturedSurface>
<TexturedSurface Id ="95493">
<Attribut>
<FaceType>Wall</FaceType>
<TextureRatio>1.7976</TextureRatio>
<ImageOrigine>3_6096.tif</ImageOrigine>
<CropImageOrigine>4026 3580 3909 3457
</CropImageOrigine>
</Attribut>
</TexturedSurface>
<TexturedSurface Id ="95496">
<Attribut>
<FaceType>Wall</FaceType>
<TextureRatio>2.01304</TextureRatio>
<ImageOrigine>3_6096.tif</ImageOrigine>
<CropImageOrigine>4020 3604 3907 3480
</CropImageOrigine>
</Attribut>
</TexturedSurface>
<TexturedSurface Id ="95499">
<Attribut>
<FaceType>Wall</FaceType>
<TextureRatio>2.37197</TextureRatio>
<ImageOrigine>3_6096.tif</ImageOrigine>
<CropImageOrigine>4020 3629 3907 3503
</CropImageOrigine>
</Attribut>
</TexturedSurface>
<TexturedSurface Id ="95502">
<Attribut>
<FaceType>Wall</FaceType>
<TextureRatio>1.99567</TextureRatio>
<ImageOrigine>1_6046.tif</ImageOrigine>
<CropImageOrigine>4045 238 3941 142
</CropImageOrigine>
</Attribut>
</TexturedSurface>
<TexturedSurface Id ="95505">
<Attribut>
<FaceType>Wall</FaceType>
<TextureRatio>1.8805</TextureRatio>
<ImageOrigine>1_6046.tif</ImageOrigine>
<CropImageOrigine>4051 260 3943 154
</CropImageOrigine>
</Attribut>
</TexturedSurface>
<TexturedSurface Id ="95508">
<Attribut>
<FaceType>Wall</FaceType>
<TextureRatio>1.80837</TextureRatio>
<ImageOrigine>1_6046.tif</ImageOrigine>
<CropImageOrigine>4056 270 3949 177
</CropImageOrigine>
</Attribut>
</TexturedSurface>
<TexturedSurface Id ="95511">
<Attribut>
<FaceType>Wall</FaceType>
<TextureRatio>1.77994</TextureRatio>
<ImageOrigine>1_6046.tif</ImageOrigine>
<CropImageOrigine>4062 280 3954 187
</CropImageOrigine>
</Attribut>
</TexturedSurface>
<TexturedSurface Id ="95514">
<Attribut>
<FaceType>Wall</FaceType>
<TextureRatio>2.91964</TextureRatio>
<ImageOrigine>2_6076.tif</ImageOrigine>
<CropImageOrigine>256 2031 143 2009
</CropImageOrigine>
</Attribut>
</TexturedSurface>
<TexturedSurface Id ="95517">
<Attribut>
<FaceType>Wall</FaceType>
<TextureRatio>2.19321</TextureRatio>
<ImageOrigine>1_6051.tif</ImageOrigine>
<CropImageOrigine>754 303 678 215
</CropImageOrigine>
</Attribut>
</TexturedSurface>
<TexturedSurface Id ="95520">
<Attribut>
<FaceType>Wall</FaceType>
<TextureRatio>2.71389</TextureRatio>
<ImageOrigine>1_6051.tif</ImageOrigine>
<CropImageOrigine>769 300 681 214
</CropImageOrigine>
</Attribut>
</TexturedSurface>
<TexturedSurface Id ="95523">
<Attribut>
<FaceType>Wall</FaceType>
<TextureRatio>2.44537</TextureRatio>
<ImageOrigine>1_6048.tif</ImageOrigine>
<CropImageOrigine>3160 429 3102 347
</CropImageOrigine>
</Attribut>
</TexturedSurface>
<TexturedSurface Id ="95526">
<Attribut>
<FaceType>Wall</FaceType>
<TextureRatio>2.39384</TextureRatio>
<ImageOrigine>1_6051.tif</ImageOrigine>
<CropImageOrigine>783 301 700 194
</CropImageOrigine>
</Attribut>
</TexturedSurface>
<TexturedSurface Id ="95529">
<Attribut>
<FaceType>Wall</FaceType>
<TextureRatio>2.61412</TextureRatio>
<ImageOrigine>1_6051.tif</ImageOrigine>
<CropImageOrigine>789 279 711 170
</CropImageOrigine>
</Attribut>
</TexturedSurface>
<TexturedSurface Id ="95532">
<Attribut>
<FaceType>Wall</FaceType>
<TextureRatio>2.88187</TextureRatio>
<ImageOrigine>1_6051.tif</ImageOrigine>
<CropImageOrigine>791 257 718 157
</CropImageOrigine>
</Attribut>
</TexturedSurface>
<TexturedSurface Id ="95535">
<Attribut>
<FaceType>Wall</FaceType>
<TextureRatio>3.12604</TextureRatio>
<ImageOrigine>1_6051.tif</ImageOrigine>
<CropImageOrigine>792 245 720 145
</CropImageOrigine>
</Attribut>
</TexturedSurface>
<TexturedSurface Id ="95538">
<Attribut>
<FaceType>Wall</FaceType>
<TextureRatio>3.08043</TextureRatio>
<ImageOrigine>2_6071.tif</ImageOrigine>
<CropImageOrigine>3402 1300 3325 1246
</CropImageOrigine>
</Attribut>
</TexturedSurface>
</WallSurface >
</BuildingPart >
</Building >
</CityModel>
</Chantier_Bati3D>
