<Chantier_Bati3D>
<Bbox>
<Xmin>533516.277</Xmin>
<Xmax>533527.989</Xmax>
<Ymin>152405.258</Ymin>
<Ymax>152430.618</Ymax>
<Zmin>394.357</Zmin>
<Zmax>429.880</Zmax>
</Bbox>
<CityModel Id ="80592">
<Building  Id ="82892">
<Attribut>
<centre>533522.133 147466.134</centre>
</Attribut>
<BuildingPart  Id ="82893">
<RoofSurface  Id ="82899">
<TexturedSurface Id ="82900">
<Attribut>
<FaceType>Roof</FaceType>
<TextureRatio>0.999972</TextureRatio>
<ImageOrigine>2_6073.tif</ImageOrigine>
<CropImageOrigine>1938 1358 1858 1183
</CropImageOrigine>
</Attribut>
</TexturedSurface>
</RoofSurface >
<WallSurface  Id ="95544">
<TexturedSurface Id ="95545">
<Attribut>
<FaceType>Wall</FaceType>
<TextureRatio>2.90977</TextureRatio>
<ImageOrigine>2_6071.tif</ImageOrigine>
<CropImageOrigine>3400 1057 3322 1001
</CropImageOrigine>
</Attribut>
</TexturedSurface>
<TexturedSurface Id ="95548">
<Attribut>
<FaceType>Wall</FaceType>
<TextureRatio>2.78357</TextureRatio>
<ImageOrigine>2_6071.tif</ImageOrigine>
<CropImageOrigine>3405 1079 3323 1013
</CropImageOrigine>
</Attribut>
</TexturedSurface>
<TexturedSurface Id ="95551">
<Attribut>
<FaceType>Wall</FaceType>
<TextureRatio>2.70401</TextureRatio>
<ImageOrigine>2_6071.tif</ImageOrigine>
<CropImageOrigine>3414 1100 3328 1037
</CropImageOrigine>
</Attribut>
</TexturedSurface>
<TexturedSurface Id ="95554">
<Attribut>
<FaceType>Wall</FaceType>
<TextureRatio>2.71101</TextureRatio>
<ImageOrigine>2_6071.tif</ImageOrigine>
<CropImageOrigine>3427 1120 3337 1059
</CropImageOrigine>
</Attribut>
</TexturedSurface>
<TexturedSurface Id ="95557">
<Attribut>
<FaceType>Wall</FaceType>
<TextureRatio>1.70617</TextureRatio>
<ImageOrigine>3_6097.tif</ImageOrigine>
<CropImageOrigine>3155 3953 3091 3827
</CropImageOrigine>
</Attribut>
</TexturedSurface>
<TexturedSurface Id ="95560">
<Attribut>
<FaceType>Wall</FaceType>
<TextureRatio>1.84989</TextureRatio>
<ImageOrigine>3_6097.tif</ImageOrigine>
<CropImageOrigine>3151 3953 3077 3829
</CropImageOrigine>
</Attribut>
</TexturedSurface>
<TexturedSurface Id ="95563">
<Attribut>
<FaceType>Wall</FaceType>
<TextureRatio>3.02522</TextureRatio>
<ImageOrigine>2_6071.tif</ImageOrigine>
<CropImageOrigine>3449 1119 3367 1077
</CropImageOrigine>
</Attribut>
</TexturedSurface>
<TexturedSurface Id ="95566">
<Attribut>
<FaceType>Wall</FaceType>
<TextureRatio>1.5836</TextureRatio>
<ImageOrigine>3_6096.tif</ImageOrigine>
<CropImageOrigine>4071 3823 3948 3689
</CropImageOrigine>
</Attribut>
</TexturedSurface>
<TexturedSurface Id ="95569">
<Attribut>
<FaceType>Wall</FaceType>
<TextureRatio>1.72091</TextureRatio>
<ImageOrigine>3_6096.tif</ImageOrigine>
<CropImageOrigine>4060 3847 3942 3711
</CropImageOrigine>
</Attribut>
</TexturedSurface>
<TexturedSurface Id ="95572">
<Attribut>
<FaceType>Wall</FaceType>
<TextureRatio>1.88745</TextureRatio>
<ImageOrigine>3_6096.tif</ImageOrigine>
<CropImageOrigine>4054 3859 3940 3733
</CropImageOrigine>
</Attribut>
</TexturedSurface>
<TexturedSurface Id ="95575">
<Attribut>
<FaceType>Wall</FaceType>
<TextureRatio>2.13007</TextureRatio>
<ImageOrigine>3_6096.tif</ImageOrigine>
<CropImageOrigine>4053 3883 3940 3745
</CropImageOrigine>
</Attribut>
</TexturedSurface>
<TexturedSurface Id ="95578">
<Attribut>
<FaceType>Wall</FaceType>
<TextureRatio>2.05534</TextureRatio>
<ImageOrigine>1_6046.tif</ImageOrigine>
<CropImageOrigine>4064 487 3959 393
</CropImageOrigine>
</Attribut>
</TexturedSurface>
<TexturedSurface Id ="95581">
<Attribut>
<FaceType>Wall</FaceType>
<TextureRatio>1.95062</TextureRatio>
<ImageOrigine>1_6046.tif</ImageOrigine>
<CropImageOrigine>4067 497 3962 416
</CropImageOrigine>
</Attribut>
</TexturedSurface>
<TexturedSurface Id ="95584">
<Attribut>
<FaceType>Wall</FaceType>
<TextureRatio>2.75518</TextureRatio>
<ImageOrigine>2_6076.tif</ImageOrigine>
<CropImageOrigine>267 1800 161 1762
</CropImageOrigine>
</Attribut>
</TexturedSurface>
<TexturedSurface Id ="95587">
<Attribut>
<FaceType>Wall</FaceType>
<TextureRatio>2.95668</TextureRatio>
<ImageOrigine>2_6076.tif</ImageOrigine>
<CropImageOrigine>259 1777 156 1751
</CropImageOrigine>
</Attribut>
</TexturedSurface>
<TexturedSurface Id ="95590">
<Attribut>
<FaceType>Wall</FaceType>
<TextureRatio>2.83535</TextureRatio>
<ImageOrigine>1_6048.tif</ImageOrigine>
<CropImageOrigine>3158 680 3091 596
</CropImageOrigine>
</Attribut>
</TexturedSurface>
<TexturedSurface Id ="95593">
<Attribut>
<FaceType>Wall</FaceType>
<TextureRatio>2.45419</TextureRatio>
<ImageOrigine>1_6051.tif</ImageOrigine>
<CropImageOrigine>781 564 706 492
</CropImageOrigine>
</Attribut>
</TexturedSurface>
<TexturedSurface Id ="95596">
<Attribut>
<FaceType>Wall</FaceType>
<TextureRatio>3.24834</TextureRatio>
<ImageOrigine>1_6051.tif</ImageOrigine>
<CropImageOrigine>795 561 710 491
</CropImageOrigine>
</Attribut>
</TexturedSurface>
<TexturedSurface Id ="95599">
<Attribut>
<FaceType>Wall</FaceType>
<TextureRatio>2.76173</TextureRatio>
<ImageOrigine>1_6048.tif</ImageOrigine>
<CropImageOrigine>3180 678 3121 611
</CropImageOrigine>
</Attribut>
</TexturedSurface>
<TexturedSurface Id ="95602">
<Attribut>
<FaceType>Wall</FaceType>
<TextureRatio>2.59039</TextureRatio>
<ImageOrigine>1_6051.tif</ImageOrigine>
<CropImageOrigine>809 563 729 471
</CropImageOrigine>
</Attribut>
</TexturedSurface>
<TexturedSurface Id ="95605">
<Attribut>
<FaceType>Wall</FaceType>
<TextureRatio>2.77997</TextureRatio>
<ImageOrigine>1_6051.tif</ImageOrigine>
<CropImageOrigine>816 541 740 447
</CropImageOrigine>
</Attribut>
</TexturedSurface>
<TexturedSurface Id ="95608">
<Attribut>
<FaceType>Wall</FaceType>
<TextureRatio>3.01583</TextureRatio>
<ImageOrigine>1_6051.tif</ImageOrigine>
<CropImageOrigine>817 518 746 435
</CropImageOrigine>
</Attribut>
</TexturedSurface>
<TexturedSurface Id ="95611">
<Attribut>
<FaceType>Wall</FaceType>
<TextureRatio>3.23103</TextureRatio>
<ImageOrigine>1_6051.tif</ImageOrigine>
<CropImageOrigine>818 507 748 422
</CropImageOrigine>
</Attribut>
</TexturedSurface>
<TexturedSurface Id ="95614">
<Attribut>
<FaceType>Wall</FaceType>
<TextureRatio>3.10516</TextureRatio>
<ImageOrigine>2_6071.tif</ImageOrigine>
<CropImageOrigine>3398 1045 3322 977
</CropImageOrigine>
</Attribut>
</TexturedSurface>
</WallSurface >
</BuildingPart >
</Building >
</CityModel>
</Chantier_Bati3D>
