<Chantier_Bati3D>
<Bbox>
<Xmin>533551.263</Xmin>
<Xmax>533600.268</Xmax>
<Ymin>152384.288</Ymin>
<Ymax>152395.038</Ymax>
<Zmin>393.441</Zmin>
<Zmax>404.200</Zmax>
</Bbox>
<CityModel Id ="80592">
<Building  Id ="82903">
<Attribut>
<centre>533575.766 147448.344</centre>
</Attribut>
<BuildingPart  Id ="82904">
<RoofSurface  Id ="82910">
<TexturedSurface Id ="82911">
<Attribut>
<FaceType>Roof</FaceType>
<TextureRatio>0.999096</TextureRatio>
<ImageOrigine>2_6074.tif</ImageOrigine>
<CropImageOrigine>990 1339 655 1265
</CropImageOrigine>
</Attribut>
</TexturedSurface>
</RoofSurface >
<WallSurface  Id ="95620">
<TexturedSurface Id ="95621">
<Attribut>
<FaceType>Wall</FaceType>
<TextureRatio>3.70964</TextureRatio>
<ImageOrigine>1_6051.tif</ImageOrigine>
<CropImageOrigine>1300 685 972 641
</CropImageOrigine>
</Attribut>
</TexturedSurface>
<TexturedSurface Id ="95624">
<Attribut>
<FaceType>Wall</FaceType>
<TextureRatio>2.63148</TextureRatio>
<ImageOrigine>2_6070.tif</ImageOrigine>
<CropImageOrigine>3561 645 3532 571
</CropImageOrigine>
</Attribut>
</TexturedSurface>
<TexturedSurface Id ="95627">
<Attribut>
<FaceType>Wall</FaceType>
<TextureRatio>3.54573</TextureRatio>
<ImageOrigine>1_6051.tif</ImageOrigine>
<CropImageOrigine>1297 605 1282 585
</CropImageOrigine>
</Attribut>
</TexturedSurface>
<TexturedSurface Id ="95630">
<Attribut>
<FaceType>Wall</FaceType>
<TextureRatio>2.63455</TextureRatio>
<ImageOrigine>2_6070.tif</ImageOrigine>
<CropImageOrigine>3560 660 3533 626
</CropImageOrigine>
</Attribut>
</TexturedSurface>
<TexturedSurface Id ="95633">
<Attribut>
<FaceType>Wall</FaceType>
<TextureRatio>4.46034</TextureRatio>
<ImageOrigine>2_6070.tif</ImageOrigine>
<CropImageOrigine>3571 660 3534 641
</CropImageOrigine>
</Attribut>
</TexturedSurface>
<TexturedSurface Id ="95636">
<Attribut>
<FaceType>Wall</FaceType>
<TextureRatio>3.60157</TextureRatio>
<ImageOrigine>2_6074.tif</ImageOrigine>
<CropImageOrigine>695 1349 667 1289
</CropImageOrigine>
</Attribut>
</TexturedSurface>
<TexturedSurface Id ="95639">
<Attribut>
<FaceType>Wall</FaceType>
<TextureRatio>4.25496</TextureRatio>
<ImageOrigine>2_6070.tif</ImageOrigine>
<CropImageOrigine>3871 612 3550 570
</CropImageOrigine>
</Attribut>
</TexturedSurface>
<TexturedSurface Id ="95642">
<Attribut>
<FaceType>Wall</FaceType>
<TextureRatio>9.24464</TextureRatio>
<ImageOrigine>1_6049.tif</ImageOrigine>
<CropImageOrigine>2460 725 2454 705
</CropImageOrigine>
</Attribut>
</TexturedSurface>
<TexturedSurface Id ="95645">
<Attribut>
<FaceType>Wall</FaceType>
<TextureRatio>5.6643</TextureRatio>
<ImageOrigine>2_6073.tif</ImageOrigine>
<CropImageOrigine>1702 1108 1698 1095
</CropImageOrigine>
</Attribut>
</TexturedSurface>
<TexturedSurface Id ="95648">
<Attribut>
<FaceType>Wall</FaceType>
</Attribut>
</TexturedSurface>
</WallSurface >
</BuildingPart >
</Building >
</CityModel>
</Chantier_Bati3D>
