<Chantier_Bati3D>
<Bbox>
<Xmin>533553.502</Xmin>
<Xmax>533597.938</Xmax>
<Ymin>152398.013</Ymin>
<Ymax>152405.884</Ymax>
<Zmin>393.821</Zmin>
<Zmax>404.200</Zmax>
</Bbox>
<CityModel Id ="80592">
<Building  Id ="82914">
<Attribut>
<centre>533575.720 147453.767</centre>
</Attribut>
<BuildingPart  Id ="82915">
<RoofSurface  Id ="82921">
<TexturedSurface Id ="82922">
<Attribut>
<FaceType>Roof</FaceType>
<TextureRatio>0.999933</TextureRatio>
<ImageOrigine>2_6074.tif</ImageOrigine>
<CropImageOrigine>973 1420 670 1358
</CropImageOrigine>
</Attribut>
</TexturedSurface>
</RoofSurface >
<WallSurface  Id ="95654">
<TexturedSurface Id ="95655">
<Attribut>
<FaceType>Wall</FaceType>
<TextureRatio>3.44761</TextureRatio>
<ImageOrigine>1_6051.tif</ImageOrigine>
<CropImageOrigine>1278 594 977 551
</CropImageOrigine>
</Attribut>
</TexturedSurface>
<TexturedSurface Id ="95658">
<Attribut>
<FaceType>Wall</FaceType>
<TextureRatio>2.6104</TextureRatio>
<ImageOrigine>2_6070.tif</ImageOrigine>
<CropImageOrigine>3578 729 3550 660
</CropImageOrigine>
</Attribut>
</TexturedSurface>
<TexturedSurface Id ="95661">
<Attribut>
<FaceType>Wall</FaceType>
<TextureRatio>1.76152</TextureRatio>
<ImageOrigine>3_6097.tif</ImageOrigine>
<CropImageOrigine>3598 4015 3286 3974
</CropImageOrigine>
</Attribut>
</TexturedSurface>
<TexturedSurface Id ="95664">
<Attribut>
<FaceType>Wall</FaceType>
<TextureRatio>5.23753</TextureRatio>
<ImageOrigine>2_6074.tif</ImageOrigine>
<CropImageOrigine>987 1428 972 1366
</CropImageOrigine>
</Attribut>
</TexturedSurface>
</WallSurface >
</BuildingPart >
</Building >
</CityModel>
</Chantier_Bati3D>
