<Chantier_Bati3D>
<Bbox>
<Xmin>533532.953</Xmin>
<Xmax>533551.378</Xmax>
<Ymin>152384.108</Ymin>
<Ymax>152410.480</Ymax>
<Zmin>393.766</Zmin>
<Zmax>404.200</Zmax>
</Bbox>
<CityModel Id ="80592">
<Building  Id ="82925">
<Attribut>
<centre>533542.166 147456.065</centre>
</Attribut>
<BuildingPart  Id ="82926">
<RoofSurface  Id ="82932">
<TexturedSurface Id ="82933">
<Attribut>
<FaceType>Roof</FaceType>
<TextureRatio>1.00002</TextureRatio>
<ImageOrigine>1_6051.tif</ImageOrigine>
<CropImageOrigine>973 679 844 494
</CropImageOrigine>
</Attribut>
</TexturedSurface>
</RoofSurface >
<WallSurface  Id ="95670">
<TexturedSurface Id ="95671">
<Attribut>
<FaceType>Wall</FaceType>
</Attribut>
</TexturedSurface>
<TexturedSurface Id ="95674">
<Attribut>
<FaceType>Wall</FaceType>
<TextureRatio>2.21096</TextureRatio>
<ImageOrigine>2_6070.tif</ImageOrigine>
<CropImageOrigine>3878 736 3841 568
</CropImageOrigine>
</Attribut>
</TexturedSurface>
<TexturedSurface Id ="95677">
<Attribut>
<FaceType>Wall</FaceType>
<TextureRatio>1.71473</TextureRatio>
<ImageOrigine>3_6097.tif</ImageOrigine>
<CropImageOrigine>3292 3996 3165 3950
</CropImageOrigine>
</Attribut>
</TexturedSurface>
<TexturedSurface Id ="95680">
<Attribut>
<FaceType>Wall</FaceType>
<TextureRatio>11.9501</TextureRatio>
<ImageOrigine>1_6049.tif</ImageOrigine>
<CropImageOrigine>2348 668 2337 578
</CropImageOrigine>
</Attribut>
</TexturedSurface>
<TexturedSurface Id ="95683">
<Attribut>
<FaceType>Wall</FaceType>
<TextureRatio>6.22065</TextureRatio>
<ImageOrigine>2_6073.tif</ImageOrigine>
<CropImageOrigine>1822 1174 1809 1163
</CropImageOrigine>
</Attribut>
</TexturedSurface>
<TexturedSurface Id ="95686">
<Attribut>
<FaceType>Wall</FaceType>
</Attribut>
</TexturedSurface>
<TexturedSurface Id ="95689">
<Attribut>
<FaceType>Wall</FaceType>
<TextureRatio>3.71268</TextureRatio>
<ImageOrigine>1_6051.tif</ImageOrigine>
<CropImageOrigine>989 696 853 668
</CropImageOrigine>
</Attribut>
</TexturedSurface>
<TexturedSurface Id ="95692">
<Attribut>
<FaceType>Wall</FaceType>
<TextureRatio>4.58769</TextureRatio>
<ImageOrigine>1_6051.tif</ImageOrigine>
<CropImageOrigine>989 687 970 646
</CropImageOrigine>
</Attribut>
</TexturedSurface>
</WallSurface >
</BuildingPart >
</Building >
</CityModel>
</Chantier_Bati3D>
