<Chantier_Bati3D>
<Bbox>
<Xmin>533502.983</Xmin>
<Xmax>533509.533</Xmax>
<Ymin>152382.408</Ymin>
<Ymax>152385.408</Ymax>
<Zmin>394.016</Zmin>
<Zmax>404.200</Zmax>
</Bbox>
<CityModel Id ="80592">
<Building  Id ="82936">
<Attribut>
<centre>533506.258 147443.529</centre>
</Attribut>
<BuildingPart  Id ="82937">
<RoofSurface  Id ="82943">
<TexturedSurface Id ="82944">
<Attribut>
<FaceType>Roof</FaceType>
<TextureRatio>0.999958</TextureRatio>
<ImageOrigine>2_6076.tif</ImageOrigine>
<CropImageOrigine>334 1607 288 1586
</CropImageOrigine>
</Attribut>
</TexturedSurface>
</RoofSurface >
<WallSurface  Id ="95698">
<TexturedSurface Id ="95699">
<Attribut>
<FaceType>Wall</FaceType>
<TextureRatio>2.23405</TextureRatio>
<ImageOrigine>1_6046.tif</ImageOrigine>
<CropImageOrigine>3922 699 3893 664
</CropImageOrigine>
</Attribut>
</TexturedSurface>
<TexturedSurface Id ="95702">
<Attribut>
<FaceType>Wall</FaceType>
<TextureRatio>4.21382</TextureRatio>
<ImageOrigine>1_6049.tif</ImageOrigine>
<CropImageOrigine>2197 786 2154 765
</CropImageOrigine>
</Attribut>
</TexturedSurface>
<TexturedSurface Id ="95705">
<Attribut>
<FaceType>Wall</FaceType>
<TextureRatio>28.8089</TextureRatio>
<ImageOrigine>2_6073.tif</ImageOrigine>
<CropImageOrigine>1973 1091 1970 1058
</CropImageOrigine>
</Attribut>
</TexturedSurface>
<TexturedSurface Id ="95708">
<Attribut>
<FaceType>Wall</FaceType>
<TextureRatio>1.65595</TextureRatio>
<ImageOrigine>3_6096.tif</ImageOrigine>
<CropImageOrigine>3953 4026 3881 3984
</CropImageOrigine>
</Attribut>
</TexturedSurface>
</WallSurface >
</BuildingPart >
</Building >
</CityModel>
</Chantier_Bati3D>
