<Chantier_Bati3D>
<Bbox>
<Xmin>533518.773</Xmin>
<Xmax>533533.633</Xmax>
<Ymin>152332.543</Ymin>
<Ymax>152477.863</Ymax>
<Zmin>392.807</Zmin>
<Zmax>419.800</Zmax>
</Bbox>
<CityModel Id ="80592">
<Building  Id ="82947">
<Attribut>
<centre>533526.203 147489.756</centre>
</Attribut>
<BuildingPart  Id ="82948">
<RoofSurface  Id ="82954">
<TexturedSurface Id ="82955">
<Attribut>
<FaceType>Roof</FaceType>
</Attribut>
<subnode Id ="82953-0">
<Attribut>
<Part>0</Part>
<TextureRatio>1.00105</TextureRatio>
<ImageOrigine>1_6051.tif</ImageOrigine>
<CropImageOrigine>866 1008 765 268
</CropImageOrigine>
</Attribut>
</subnode>
<subnode Id ="82953-1">
<Attribut>
<Part>1</Part>
<TextureRatio>0.998434</TextureRatio>
<ImageOrigine>1_6051.tif</ImageOrigine>
<CropImageOrigine>791 271 664 11
</CropImageOrigine>
</Attribut>
</subnode>
</TexturedSurface>
</RoofSurface >
<WallSurface  Id ="95714">
<TexturedSurface Id ="95715">
<Attribut>
<FaceType>Wall</FaceType>
<TextureRatio>1.96528</TextureRatio>
<ImageOrigine>3_6099.tif</ImageOrigine>
<CropImageOrigine>1820 3972 1706 3885
</CropImageOrigine>
</Attribut>
</TexturedSurface>
<TexturedSurface Id ="95718">
<Attribut>
<FaceType>Wall</FaceType>
</Attribut>
</TexturedSurface>
<TexturedSurface Id ="95721">
<Attribut>
<FaceType>Wall</FaceType>
</Attribut>
</TexturedSurface>
<TexturedSurface Id ="95724">
<Attribut>
<FaceType>Wall</FaceType>
<TextureRatio>10.597</TextureRatio>
<ImageOrigine>3_6099.tif</ImageOrigine>
<CropImageOrigine>1732 3992 1716 3904
</CropImageOrigine>
</Attribut>
</TexturedSurface>
<TexturedSurface Id ="95727">
<Attribut>
<FaceType>Wall</FaceType>
</Attribut>
</TexturedSurface>
<TexturedSurface Id ="95730">
<Attribut>
<FaceType>Wall</FaceType>
</Attribut>
</TexturedSurface>
<TexturedSurface Id ="95733">
<Attribut>
<FaceType>Wall</FaceType>
</Attribut>
</TexturedSurface>
<TexturedSurface Id ="95736">
<Attribut>
<FaceType>Wall</FaceType>
</Attribut>
</TexturedSurface>
<TexturedSurface Id ="95739">
<Attribut>
<FaceType>Wall</FaceType>
</Attribut>
</TexturedSurface>
<TexturedSurface Id ="95742">
<Attribut>
<FaceType>Wall</FaceType>
<TextureRatio>61.2471</TextureRatio>
<ImageOrigine>3_6098.tif</ImageOrigine>
<CropImageOrigine>2559 3944 2533 3822
</CropImageOrigine>
</Attribut>
</TexturedSurface>
<TexturedSurface Id ="95745">
<Attribut>
<FaceType>Wall</FaceType>
<TextureRatio>1.90839</TextureRatio>
<ImageOrigine>3_6099.tif</ImageOrigine>
<CropImageOrigine>1801 4035 1784 3947
</CropImageOrigine>
</Attribut>
</TexturedSurface>
<TexturedSurface Id ="95748">
<Attribut>
<FaceType>Wall</FaceType>
</Attribut>
</TexturedSurface>
<TexturedSurface Id ="95751">
<Attribut>
<FaceType>Wall</FaceType>
</Attribut>
</TexturedSurface>
<TexturedSurface Id ="95754">
<Attribut>
<FaceType>Wall</FaceType>
</Attribut>
</TexturedSurface>
<TexturedSurface Id ="95757">
<Attribut>
<FaceType>Wall</FaceType>
</Attribut>
</TexturedSurface>
<TexturedSurface Id ="95760">
<Attribut>
<FaceType>Wall</FaceType>
</Attribut>
</TexturedSurface>
<TexturedSurface Id ="95763">
<Attribut>
<FaceType>Wall</FaceType>
</Attribut>
</TexturedSurface>
<TexturedSurface Id ="95766">
<Attribut>
<FaceType>Wall</FaceType>
</Attribut>
</TexturedSurface>
<TexturedSurface Id ="95769">
<Attribut>
<FaceType>Wall</FaceType>
</Attribut>
</TexturedSurface>
<TexturedSurface Id ="95772">
<Attribut>
<FaceType>Wall</FaceType>
</Attribut>
</TexturedSurface>
<TexturedSurface Id ="95775">
<Attribut>
<FaceType>Wall</FaceType>
</Attribut>
</TexturedSurface>
<TexturedSurface Id ="95778">
<Attribut>
<FaceType>Wall</FaceType>
</Attribut>
</TexturedSurface>
<TexturedSurface Id ="95781">
<Attribut>
<FaceType>Wall</FaceType>
</Attribut>
</TexturedSurface>
<TexturedSurface Id ="95784">
<Attribut>
<FaceType>Wall</FaceType>
</Attribut>
</TexturedSurface>
<TexturedSurface Id ="95787">
<Attribut>
<FaceType>Wall</FaceType>
</Attribut>
</TexturedSurface>
<TexturedSurface Id ="95790">
<Attribut>
<FaceType>Wall</FaceType>
</Attribut>
</TexturedSurface>
<TexturedSurface Id ="95793">
<Attribut>
<FaceType>Wall</FaceType>
</Attribut>
</TexturedSurface>
<TexturedSurface Id ="95796">
<Attribut>
<FaceType>Wall</FaceType>
</Attribut>
</TexturedSurface>
<TexturedSurface Id ="95799">
<Attribut>
<FaceType>Wall</FaceType>
</Attribut>
</TexturedSurface>
<TexturedSurface Id ="95802">
<Attribut>
<FaceType>Wall</FaceType>
<TextureRatio>24.6046</TextureRatio>
<ImageOrigine>2_6072.tif</ImageOrigine>
<CropImageOrigine>2799 740 2760 680
</CropImageOrigine>
</Attribut>
</TexturedSurface>
<TexturedSurface Id ="95805">
<Attribut>
<FaceType>Wall</FaceType>
</Attribut>
</TexturedSurface>
<TexturedSurface Id ="95808">
<Attribut>
<FaceType>Wall</FaceType>
</Attribut>
</TexturedSurface>
<TexturedSurface Id ="95811">
<Attribut>
<FaceType>Wall</FaceType>
</Attribut>
</TexturedSurface>
<TexturedSurface Id ="95814">
<Attribut>
<FaceType>Wall</FaceType>
</Attribut>
</TexturedSurface>
<TexturedSurface Id ="95817">
<Attribut>
<FaceType>Wall</FaceType>
</Attribut>
</TexturedSurface>
<TexturedSurface Id ="95820">
<Attribut>
<FaceType>Wall</FaceType>
</Attribut>
</TexturedSurface>
<TexturedSurface Id ="95823">
<Attribut>
<FaceType>Wall</FaceType>
</Attribut>
</TexturedSurface>
<TexturedSurface Id ="95826">
<Attribut>
<FaceType>Wall</FaceType>
<TextureRatio>5.13154</TextureRatio>
<ImageOrigine>1_6051.tif</ImageOrigine>
<CropImageOrigine>908 1039 767 999
</CropImageOrigine>
</Attribut>
</TexturedSurface>
<TexturedSurface Id ="95829">
<Attribut>
<FaceType>Wall</FaceType>
<TextureRatio>4.03039</TextureRatio>
<ImageOrigine>1_6051.tif</ImageOrigine>
<CropImageOrigine>908 1031 860 997
</CropImageOrigine>
</Attribut>
</TexturedSurface>
<TexturedSurface Id ="95832">
<Attribut>
<FaceType>Wall</FaceType>
<TextureRatio>5.12115</TextureRatio>
<ImageOrigine>1_6051.tif</ImageOrigine>
<CropImageOrigine>912 1029 860 997
</CropImageOrigine>
</Attribut>
</TexturedSurface>
<TexturedSurface Id ="95835">
<Attribut>
<FaceType>Wall</FaceType>
<TextureRatio>2.06513</TextureRatio>
<ImageOrigine>2_6070.tif</ImageOrigine>
<CropImageOrigine>4023 343 3935 160
</CropImageOrigine>
</Attribut>
</TexturedSurface>
<TexturedSurface Id ="95838">
<Attribut>
<FaceType>Wall</FaceType>
<TextureRatio>3.41073</TextureRatio>
<ImageOrigine>2_6070.tif</ImageOrigine>
<CropImageOrigine>4028 343 3941 283
</CropImageOrigine>
</Attribut>
</TexturedSurface>
<TexturedSurface Id ="95841">
<Attribut>
<FaceType>Wall</FaceType>
<TextureRatio>2.06034</TextureRatio>
<ImageOrigine>2_6070.tif</ImageOrigine>
<CropImageOrigine>4029 365 3945 283
</CropImageOrigine>
</Attribut>
</TexturedSurface>
<TexturedSurface Id ="95844">
<Attribut>
<FaceType>Wall</FaceType>
<TextureRatio>4.38856</TextureRatio>
<ImageOrigine>1_6051.tif</ImageOrigine>
<CropImageOrigine>897 890 845 852
</CropImageOrigine>
</Attribut>
</TexturedSurface>
<TexturedSurface Id ="95847">
<Attribut>
<FaceType>Wall</FaceType>
<TextureRatio>2.06451</TextureRatio>
<ImageOrigine>2_6070.tif</ImageOrigine>
<CropImageOrigine>4029 483 3942 307
</CropImageOrigine>
</Attribut>
</TexturedSurface>
<TexturedSurface Id ="95850">
<Attribut>
<FaceType>Wall</FaceType>
<TextureRatio>3.83424</TextureRatio>
<ImageOrigine>2_6070.tif</ImageOrigine>
<CropImageOrigine>4034 483 3948 430
</CropImageOrigine>
</Attribut>
</TexturedSurface>
<TexturedSurface Id ="95853">
<Attribut>
<FaceType>Wall</FaceType>
<TextureRatio>2.05959</TextureRatio>
<ImageOrigine>2_6070.tif</ImageOrigine>
<CropImageOrigine>4041 646 3953 430
</CropImageOrigine>
</Attribut>
</TexturedSurface>
<TexturedSurface Id ="95856">
<Attribut>
<FaceType>Wall</FaceType>
<TextureRatio>3.40666</TextureRatio>
<ImageOrigine>1_6051.tif</ImageOrigine>
<CropImageOrigine>867 606 815 558
</CropImageOrigine>
</Attribut>
</TexturedSurface>
<TexturedSurface Id ="95859">
<Attribut>
<FaceType>Wall</FaceType>
<TextureRatio>2.06348</TextureRatio>
<ImageOrigine>2_6070.tif</ImageOrigine>
<CropImageOrigine>4042 765 3957 601
</CropImageOrigine>
</Attribut>
</TexturedSurface>
<TexturedSurface Id ="95862">
<Attribut>
<FaceType>Wall</FaceType>
<TextureRatio>5.12479</TextureRatio>
<ImageOrigine>2_6070.tif</ImageOrigine>
<CropImageOrigine>4046 765 3963 725
</CropImageOrigine>
</Attribut>
</TexturedSurface>
<TexturedSurface Id ="95865">
<Attribut>
<FaceType>Wall</FaceType>
<TextureRatio>2.0589</TextureRatio>
<ImageOrigine>2_6070.tif</ImageOrigine>
<CropImageOrigine>4047 787 3967 725
</CropImageOrigine>
</Attribut>
</TexturedSurface>
<TexturedSurface Id ="95868">
<Attribut>
<FaceType>Wall</FaceType>
<TextureRatio>3.06219</TextureRatio>
<ImageOrigine>1_6051.tif</ImageOrigine>
<CropImageOrigine>852 463 800 409
</CropImageOrigine>
</Attribut>
</TexturedSurface>
<TexturedSurface Id ="95871">
<Attribut>
<FaceType>Wall</FaceType>
<TextureRatio>2.06366</TextureRatio>
<ImageOrigine>2_6070.tif</ImageOrigine>
<CropImageOrigine>4053 1021 3964 748
</CropImageOrigine>
</Attribut>
</TexturedSurface>
<TexturedSurface Id ="95874">
<Attribut>
<FaceType>Wall</FaceType>
<TextureRatio>7.39887</TextureRatio>
<ImageOrigine>2_6070.tif</ImageOrigine>
<CropImageOrigine>4057 1021 3974 991
</CropImageOrigine>
</Attribut>
</TexturedSurface>
<TexturedSurface Id ="95877">
<Attribut>
<FaceType>Wall</FaceType>
<TextureRatio>2.05908</TextureRatio>
<ImageOrigine>2_6070.tif</ImageOrigine>
<CropImageOrigine>4058 1043 3978 991
</CropImageOrigine>
</Attribut>
</TexturedSurface>
<TexturedSurface Id ="95880">
<Attribut>
<FaceType>Wall</FaceType>
<TextureRatio>2.58616</TextureRatio>
<ImageOrigine>1_6051.tif</ImageOrigine>
<CropImageOrigine>826 200 772 136
</CropImageOrigine>
</Attribut>
</TexturedSurface>
<TexturedSurface Id ="95883">
<Attribut>
<FaceType>Wall</FaceType>
<TextureRatio>2.06363</TextureRatio>
<ImageOrigine>2_6070.tif</ImageOrigine>
<CropImageOrigine>4059 1159 3975 1014
</CropImageOrigine>
</Attribut>
</TexturedSurface>
</WallSurface >
</BuildingPart >
</Building >
</CityModel>
</Chantier_Bati3D>
