<Chantier_Bati3D>
<Bbox>
<Xmin>533246.440</Xmin>
<Xmax>533260.840</Xmax>
<Ymin>152424.440</Ymin>
<Ymax>152453.960</Ymax>
<Zmin>394.927</Zmin>
<Zmax>403.500</Zmax>
</Bbox>
<CityModel Id ="80592">
<Building  Id ="82958">
<Attribut>
<centre>533253.640 147477.805</centre>
</Attribut>
<BuildingPart  Id ="82959">
<RoofSurface  Id ="82965">
<TexturedSurface Id ="82966">
<Attribut>
<FaceType>Roof</FaceType>
<TextureRatio>0.999883</TextureRatio>
<ImageOrigine>2_6079.tif</ImageOrigine>
<CropImageOrigine>218 2552 105 2343
</CropImageOrigine>
</Attribut>
</TexturedSurface>
</RoofSurface >
<WallSurface  Id ="95889">
<TexturedSurface Id ="95890">
<Attribut>
<FaceType>Wall</FaceType>
<TextureRatio>1.9875</TextureRatio>
<ImageOrigine>3_6095.tif</ImageOrigine>
<CropImageOrigine>2853 3947 2747 3906
</CropImageOrigine>
</Attribut>
</TexturedSurface>
<TexturedSurface Id ="95893">
<Attribut>
<FaceType>Wall</FaceType>
<TextureRatio>2.76106</TextureRatio>
<ImageOrigine>2_6079.tif</ImageOrigine>
<CropImageOrigine>240 2551 207 2344
</CropImageOrigine>
</Attribut>
</TexturedSurface>
<TexturedSurface Id ="95896">
<Attribut>
<FaceType>Wall</FaceType>
<TextureRatio>3.9253</TextureRatio>
<ImageOrigine>1_6044.tif</ImageOrigine>
<CropImageOrigine>3716 333 3605 301
</CropImageOrigine>
</Attribut>
</TexturedSurface>
<TexturedSurface Id ="95899">
<Attribut>
<FaceType>Wall</FaceType>
</Attribut>
</TexturedSurface>
</WallSurface >
</BuildingPart >
</Building >
</CityModel>
</Chantier_Bati3D>
