<Chantier_Bati3D>
<Bbox>
<Xmin>533260.840</Xmin>
<Xmax>533290.360</Xmax>
<Ymin>152410.180</Ymin>
<Ymax>152468.230</Ymax>
<Zmin>394.885</Zmin>
<Zmax>407.400</Zmax>
</Bbox>
<CityModel Id ="80592">
<Building  Id ="82969">
<Attribut>
<centre>533275.600 147484.940</centre>
</Attribut>
<BuildingPart  Id ="82970">
<RoofSurface  Id ="82976">
<TexturedSurface Id ="82977">
<Attribut>
<FaceType>Roof</FaceType>
<TextureRatio>0.999925</TextureRatio>
<ImageOrigine>2_6078.tif</ImageOrigine>
<CropImageOrigine>976 2422 761 2024
</CropImageOrigine>
</Attribut>
</TexturedSurface>
</RoofSurface >
<WallSurface  Id ="95905">
<TexturedSurface Id ="95906">
<Attribut>
<FaceType>Wall</FaceType>
<TextureRatio>1.94945</TextureRatio>
<ImageOrigine>3_6098.tif</ImageOrigine>
<CropImageOrigine>962 4050 838 4003
</CropImageOrigine>
</Attribut>
</TexturedSurface>
<TexturedSurface Id ="95909">
<Attribut>
<FaceType>Wall</FaceType>
<TextureRatio>2.5613</TextureRatio>
<ImageOrigine>2_6073.tif</ImageOrigine>
<CropImageOrigine>3489 1510 3457 1499
</CropImageOrigine>
</Attribut>
</TexturedSurface>
<TexturedSurface Id ="95912">
<Attribut>
<FaceType>Wall</FaceType>
<TextureRatio>13.2712</TextureRatio>
<ImageOrigine>2_6073.tif</ImageOrigine>
<CropImageOrigine>3488 1511 3455 1502
</CropImageOrigine>
</Attribut>
</TexturedSurface>
<TexturedSurface Id ="95915">
<Attribut>
<FaceType>Wall</FaceType>
<TextureRatio>3.10209</TextureRatio>
<ImageOrigine>2_6073.tif</ImageOrigine>
<CropImageOrigine>3486 1513 3454 1503
</CropImageOrigine>
</Attribut>
</TexturedSurface>
<TexturedSurface Id ="95918">
<Attribut>
<FaceType>Wall</FaceType>
<TextureRatio>2.56644</TextureRatio>
<ImageOrigine>2_6073.tif</ImageOrigine>
<CropImageOrigine>3486 1586 3454 1505
</CropImageOrigine>
</Attribut>
</TexturedSurface>
<TexturedSurface Id ="95921">
<Attribut>
<FaceType>Wall</FaceType>
</Attribut>
</TexturedSurface>
<TexturedSurface Id ="95924">
<Attribut>
<FaceType>Wall</FaceType>
</Attribut>
</TexturedSurface>
<TexturedSurface Id ="95927">
<Attribut>
<FaceType>Wall</FaceType>
</Attribut>
</TexturedSurface>
<TexturedSurface Id ="95930">
<Attribut>
<FaceType>Wall</FaceType>
</Attribut>
</TexturedSurface>
<TexturedSurface Id ="95933">
<Attribut>
<FaceType>Wall</FaceType>
</Attribut>
</TexturedSurface>
<TexturedSurface Id ="95936">
<Attribut>
<FaceType>Wall</FaceType>
</Attribut>
</TexturedSurface>
<TexturedSurface Id ="95939">
<Attribut>
<FaceType>Wall</FaceType>
</Attribut>
</TexturedSurface>
<TexturedSurface Id ="95942">
<Attribut>
<FaceType>Wall</FaceType>
</Attribut>
</TexturedSurface>
<TexturedSurface Id ="95945">
<Attribut>
<FaceType>Wall</FaceType>
</Attribut>
</TexturedSurface>
<TexturedSurface Id ="95948">
<Attribut>
<FaceType>Wall</FaceType>
</Attribut>
</TexturedSurface>
<TexturedSurface Id ="95951">
<Attribut>
<FaceType>Wall</FaceType>
</Attribut>
</TexturedSurface>
<TexturedSurface Id ="95954">
<Attribut>
<FaceType>Wall</FaceType>
</Attribut>
</TexturedSurface>
<TexturedSurface Id ="95957">
<Attribut>
<FaceType>Wall</FaceType>
</Attribut>
</TexturedSurface>
<TexturedSurface Id ="95960">
<Attribut>
<FaceType>Wall</FaceType>
</Attribut>
</TexturedSurface>
<TexturedSurface Id ="95963">
<Attribut>
<FaceType>Wall</FaceType>
</Attribut>
</TexturedSurface>
<TexturedSurface Id ="95966">
<Attribut>
<FaceType>Wall</FaceType>
<TextureRatio>2.58932</TextureRatio>
<ImageOrigine>2_6079.tif</ImageOrigine>
<CropImageOrigine>129 2638 89 2547
</CropImageOrigine>
</Attribut>
</TexturedSurface>
<TexturedSurface Id ="95969">
<Attribut>
<FaceType>Wall</FaceType>
<TextureRatio>2.46118</TextureRatio>
<ImageOrigine>2_6079.tif</ImageOrigine>
<CropImageOrigine>129 2557 93 2545
</CropImageOrigine>
</Attribut>
</TexturedSurface>
<TexturedSurface Id ="95972">
<Attribut>
<FaceType>Wall</FaceType>
<TextureRatio>3.75101</TextureRatio>
<ImageOrigine>2_6079.tif</ImageOrigine>
<CropImageOrigine>128 2555 90 2544
</CropImageOrigine>
</Attribut>
</TexturedSurface>
<TexturedSurface Id ="95975">
<Attribut>
<FaceType>Wall</FaceType>
<TextureRatio>2.58405</TextureRatio>
<ImageOrigine>2_6079.tif</ImageOrigine>
<CropImageOrigine>126 2554 90 2540
</CropImageOrigine>
</Attribut>
</TexturedSurface>
<TexturedSurface Id ="95978">
<Attribut>
<FaceType>Wall</FaceType>
<TextureRatio>1.96961</TextureRatio>
<ImageOrigine>3_6094.tif</ImageOrigine>
<CropImageOrigine>3421 3708 3391 3669
</CropImageOrigine>
</Attribut>
</TexturedSurface>
<TexturedSurface Id ="95981">
<Attribut>
<FaceType>Wall</FaceType>
<TextureRatio>2.58976</TextureRatio>
<ImageOrigine>2_6079.tif</ImageOrigine>
<CropImageOrigine>140 2550 94 2340
</CropImageOrigine>
</Attribut>
</TexturedSurface>
<TexturedSurface Id ="95984">
<Attribut>
<FaceType>Wall</FaceType>
<TextureRatio>3.91418</TextureRatio>
<ImageOrigine>1_6044.tif</ImageOrigine>
<CropImageOrigine>3728 319 3695 292
</CropImageOrigine>
</Attribut>
</TexturedSurface>
<TexturedSurface Id ="95987">
<Attribut>
<FaceType>Wall</FaceType>
<TextureRatio>2.58404</TextureRatio>
<ImageOrigine>2_6079.tif</ImageOrigine>
<CropImageOrigine>136 2345 101 2336
</CropImageOrigine>
</Attribut>
</TexturedSurface>
<TexturedSurface Id ="95990">
<Attribut>
<FaceType>Wall</FaceType>
<TextureRatio>1.61083</TextureRatio>
<ImageOrigine>3_6094.tif</ImageOrigine>
<CropImageOrigine>3440 3900 3411 3857
</CropImageOrigine>
</Attribut>
</TexturedSurface>
<TexturedSurface Id ="95993">
<Attribut>
<FaceType>Wall</FaceType>
<TextureRatio>3.16728</TextureRatio>
<ImageOrigine>2_6079.tif</ImageOrigine>
<CropImageOrigine>140 2340 104 2333
</CropImageOrigine>
</Attribut>
</TexturedSurface>
<TexturedSurface Id ="95996">
<Attribut>
<FaceType>Wall</FaceType>
<TextureRatio>2.58934</TextureRatio>
<ImageOrigine>2_6079.tif</ImageOrigine>
<CropImageOrigine>144 2338 105 2254
</CropImageOrigine>
</Attribut>
</TexturedSurface>
<TexturedSurface Id ="95999">
<Attribut>
<FaceType>Wall</FaceType>
<TextureRatio>2.16234</TextureRatio>
<ImageOrigine>1_6044.tif</ImageOrigine>
<CropImageOrigine>3735 401 3704 375
</CropImageOrigine>
</Attribut>
</TexturedSurface>
<TexturedSurface Id ="96002">
<Attribut>
<FaceType>Wall</FaceType>
<TextureRatio>2.71255</TextureRatio>
<ImageOrigine>1_6044.tif</ImageOrigine>
<CropImageOrigine>3737 402 3705 377
</CropImageOrigine>
</Attribut>
</TexturedSurface>
<TexturedSurface Id ="96005">
<Attribut>
<FaceType>Wall</FaceType>
<TextureRatio>2.58398</TextureRatio>
<ImageOrigine>2_6079.tif</ImageOrigine>
<CropImageOrigine>141 2254 106 2242
</CropImageOrigine>
</Attribut>
</TexturedSurface>
<TexturedSurface Id ="96008">
<Attribut>
<FaceType>Wall</FaceType>
<TextureRatio>3.58647</TextureRatio>
<ImageOrigine>1_6049.tif</ImageOrigine>
<CropImageOrigine>722 752 607 723
</CropImageOrigine>
</Attribut>
</TexturedSurface>
<TexturedSurface Id ="96011">
<Attribut>
<FaceType>Wall</FaceType>
<TextureRatio>2.56111</TextureRatio>
<ImageOrigine>2_6073.tif</ImageOrigine>
<CropImageOrigine>3487 1235 3456 1215
</CropImageOrigine>
</Attribut>
</TexturedSurface>
<TexturedSurface Id ="96014">
<Attribut>
<FaceType>Wall</FaceType>
<TextureRatio>2.70028</TextureRatio>
<ImageOrigine>1_6049.tif</ImageOrigine>
<CropImageOrigine>723 737 694 715
</CropImageOrigine>
</Attribut>
</TexturedSurface>
<TexturedSurface Id ="96017">
<Attribut>
<FaceType>Wall</FaceType>
<TextureRatio>2.5866</TextureRatio>
<ImageOrigine>1_6049.tif</ImageOrigine>
<CropImageOrigine>724 736 697 712
</CropImageOrigine>
</Attribut>
</TexturedSurface>
<TexturedSurface Id ="96020">
<Attribut>
<FaceType>Wall</FaceType>
<TextureRatio>2.5662</TextureRatio>
<ImageOrigine>2_6073.tif</ImageOrigine>
<CropImageOrigine>3484 1312 3452 1226
</CropImageOrigine>
</Attribut>
</TexturedSurface>
<TexturedSurface Id ="96023">
<Attribut>
<FaceType>Wall</FaceType>
<TextureRatio>2.46051</TextureRatio>
<ImageOrigine>2_6073.tif</ImageOrigine>
<CropImageOrigine>3485 1314 3453 1301
</CropImageOrigine>
</Attribut>
</TexturedSurface>
<TexturedSurface Id ="96026">
<Attribut>
<FaceType>Wall</FaceType>
<TextureRatio>3.88224</TextureRatio>
<ImageOrigine>2_6073.tif</ImageOrigine>
<CropImageOrigine>3487 1315 3454 1303
</CropImageOrigine>
</Attribut>
</TexturedSurface>
<TexturedSurface Id ="96029">
<Attribut>
<FaceType>Wall</FaceType>
<TextureRatio>3.37132</TextureRatio>
<ImageOrigine>1_6049.tif</ImageOrigine>
<CropImageOrigine>712 657 685 631
</CropImageOrigine>
</Attribut>
</TexturedSurface>
<TexturedSurface Id ="96032">
<Attribut>
<FaceType>Wall</FaceType>
<TextureRatio>3.33604</TextureRatio>
<ImageOrigine>1_6049.tif</ImageOrigine>
<CropImageOrigine>805 654 685 622
</CropImageOrigine>
</Attribut>
</TexturedSurface>
<TexturedSurface Id ="96035">
<Attribut>
<FaceType>Wall</FaceType>
<TextureRatio>2.71954</TextureRatio>
<ImageOrigine>2_6073.tif</ImageOrigine>
<CropImageOrigine>3394 1508 3363 1309
</CropImageOrigine>
</Attribut>
</TexturedSurface>
</WallSurface >
</BuildingPart >
</Building >
</CityModel>
</Chantier_Bati3D>
