<Chantier_Bati3D>
<Bbox>
<Xmin>532981.110</Xmin>
<Xmax>532988.420</Xmax>
<Ymin>152518.700</Ymin>
<Ymax>152625.990</Ymax>
<Zmin>396.962</Zmin>
<Zmax>415.200</Zmax>
</Bbox>
<CityModel Id ="80592">
<Building  Id ="82980">
<Attribut>
<centre>532984.765 147563.820</centre>
</Attribut>
<BuildingPart  Id ="82981">
<RoofSurface  Id ="82987">
<TexturedSurface Id ="82988">
<Attribut>
<FaceType>Roof</FaceType>
<TextureRatio>0.999906</TextureRatio>
<ImageOrigine>2_6079.tif</ImageOrigine>
<CropImageOrigine>2014 3822 1926 3083
</CropImageOrigine>
</Attribut>
</TexturedSurface>
</RoofSurface >
<WallSurface  Id ="96041">
<TexturedSurface Id ="96042">
<Attribut>
<FaceType>Wall</FaceType>
</Attribut>
</TexturedSurface>
<TexturedSurface Id ="96045">
<Attribut>
<FaceType>Wall</FaceType>
<TextureRatio>2.53582</TextureRatio>
<ImageOrigine>1_6045.tif</ImageOrigine>
<CropImageOrigine>1325 256 1258 207
</CropImageOrigine>
</Attribut>
</TexturedSurface>
<TexturedSurface Id ="96048">
<Attribut>
<FaceType>Wall</FaceType>
<TextureRatio>2.16056</TextureRatio>
<ImageOrigine>3_6096.tif</ImageOrigine>
<CropImageOrigine>395 3724 215 2977
</CropImageOrigine>
</Attribut>
</TexturedSurface>
<TexturedSurface Id ="96051">
<Attribut>
<FaceType>Wall</FaceType>
</Attribut>
</TexturedSurface>
</WallSurface >
</BuildingPart >
</Building >
</CityModel>
</Chantier_Bati3D>
