<Chantier_Bati3D>
<Bbox>
<Xmin>532978.990</Xmin>
<Xmax>532988.440</Xmax>
<Ymin>152496.670</Ymin>
<Ymax>152499.650</Ymax>
<Zmin>396.766</Zmin>
<Zmax>415.200</Zmax>
</Bbox>
<CityModel Id ="80592">
<Building  Id ="82991">
<Attribut>
<centre>532983.715 147500.650</centre>
</Attribut>
<BuildingPart  Id ="82992">
<RoofSurface  Id ="82998">
<TexturedSurface Id ="82999">
<Attribut>
<FaceType>Roof</FaceType>
<TextureRatio>1</TextureRatio>
<ImageOrigine>ortho3.TIF</ImageOrigine>
<CropImageOrigine>3157 5016 3093 4995
</CropImageOrigine>
</Attribut>
</TexturedSurface>
</RoofSurface >
<WallSurface  Id ="96057">
<TexturedSurface Id ="96058">
<Attribut>
<FaceType>Wall</FaceType>
</Attribut>
</TexturedSurface>
<TexturedSurface Id ="96061">
<Attribut>
<FaceType>Wall</FaceType>
</Attribut>
</TexturedSurface>
<TexturedSurface Id ="96064">
<Attribut>
<FaceType>Wall</FaceType>
</Attribut>
</TexturedSurface>
<TexturedSurface Id ="96067">
<Attribut>
<FaceType>Wall</FaceType>
</Attribut>
</TexturedSurface>
</WallSurface >
</BuildingPart >
</Building >
</CityModel>
</Chantier_Bati3D>
