<Chantier_Bati3D>
<Bbox>
<Xmin>532970.620</Xmin>
<Xmax>532988.940</Xmax>
<Ymin>152496.100</Ymin>
<Ymax>152669.750</Ymax>
<Zmin>396.757</Zmin>
<Zmax>399.600</Zmax>
</Bbox>
<CityModel Id ="80592">
<Building  Id ="83002">
<Attribut>
<centre>532979.780 147585.700</centre>
</Attribut>
<BuildingPart  Id ="83003">
<RoofSurface  Id ="83009">
<TexturedSurface Id ="83010">
<Attribut>
<FaceType>Roof</FaceType>
</Attribut>
<subnode Id ="83008-0">
<Attribut>
<Part>0</Part>
<TextureRatio>1.00064</TextureRatio>
<ImageOrigine>3_6091.tif</ImageOrigine>
<CropImageOrigine>3591 3695 3364 2986
</CropImageOrigine>
</Attribut>
</subnode>
<subnode Id ="83008-1">
<Attribut>
<Part>1</Part>
<TextureRatio>0.999935</TextureRatio>
<ImageOrigine>3_6091.tif</ImageOrigine>
<CropImageOrigine>3405 2993 3299 2555
</CropImageOrigine>
</Attribut>
</subnode>
</TexturedSurface>
</RoofSurface >
<WallSurface  Id ="96073">
<TexturedSurface Id ="96074">
<Attribut>
<FaceType>Wall</FaceType>
</Attribut>
<subnode Id ="96072-0">
<Attribut>
<Part>0</Part>
</Attribut>
</subnode>
<subnode Id ="96072-1">
<Attribut>
<Part>1</Part>
</Attribut>
</subnode>
</TexturedSurface>
<TexturedSurface Id ="96077">
<Attribut>
<FaceType>Wall</FaceType>
<TextureRatio>2.7431</TextureRatio>
<ImageOrigine>1_6046.tif</ImageOrigine>
<CropImageOrigine>702 346 584 328
</CropImageOrigine>
</Attribut>
</TexturedSurface>
<TexturedSurface Id ="96080">
<Attribut>
<FaceType>Wall</FaceType>
<TextureRatio>2.30784</TextureRatio>
<ImageOrigine>2_6076.tif</ImageOrigine>
<CropImageOrigine>3739 2369 3730 2340
</CropImageOrigine>
</Attribut>
</TexturedSurface>
<TexturedSurface Id ="96083">
<Attribut>
<FaceType>Wall</FaceType>
</Attribut>
</TexturedSurface>
<TexturedSurface Id ="96086">
<Attribut>
<FaceType>Wall</FaceType>
</Attribut>
<subnode Id ="96085-0">
<Attribut>
<Part>0</Part>
</Attribut>
</subnode>
<subnode Id ="96085-1">
<Attribut>
<Part>1</Part>
</Attribut>
</subnode>
</TexturedSurface>
<TexturedSurface Id ="96089">
<Attribut>
<FaceType>Wall</FaceType>
</Attribut>
</TexturedSurface>
<TexturedSurface Id ="96092">
<Attribut>
<FaceType>Wall</FaceType>
</Attribut>
</TexturedSurface>
<TexturedSurface Id ="96095">
<Attribut>
<FaceType>Wall</FaceType>
</Attribut>
</TexturedSurface>
<TexturedSurface Id ="96098">
<Attribut>
<FaceType>Wall</FaceType>
</Attribut>
</TexturedSurface>
<TexturedSurface Id ="96101">
<Attribut>
<FaceType>Wall</FaceType>
</Attribut>
</TexturedSurface>
<TexturedSurface Id ="96104">
<Attribut>
<FaceType>Wall</FaceType>
</Attribut>
</TexturedSurface>
<TexturedSurface Id ="96107">
<Attribut>
<FaceType>Wall</FaceType>
<TextureRatio>5.44439</TextureRatio>
<ImageOrigine>3_6091.tif</ImageOrigine>
<CropImageOrigine>3337 2562 3298 2554
</CropImageOrigine>
</Attribut>
</TexturedSurface>
</WallSurface >
</BuildingPart >
</Building >
</CityModel>
</Chantier_Bati3D>
