<Chantier_Bati3D>
<Bbox>
<Xmin>532988.940</Xmin>
<Xmax>532994.490</Xmax>
<Ymin>152496.490</Ymin>
<Ymax>152499.970</Ymax>
<Zmin>396.712</Zmin>
<Zmax>403.500</Zmax>
</Bbox>
<CityModel Id ="80592">
<Building  Id ="83013">
<Attribut>
<centre>532991.715 147500.810</centre>
</Attribut>
<BuildingPart  Id ="83014">
<RoofSurface  Id ="83020">
<TexturedSurface Id ="83021">
<Attribut>
<FaceType>Roof</FaceType>
<TextureRatio>0.999967</TextureRatio>
<ImageOrigine>2_6079.tif</ImageOrigine>
<CropImageOrigine>1965 2938 1925 2913
</CropImageOrigine>
</Attribut>
</TexturedSurface>
</RoofSurface >
<WallSurface  Id ="96113">
<TexturedSurface Id ="96114">
<Attribut>
<FaceType>Wall</FaceType>
</Attribut>
</TexturedSurface>
<TexturedSurface Id ="96117">
<Attribut>
<FaceType>Wall</FaceType>
<TextureRatio>2.79571</TextureRatio>
<ImageOrigine>1_6044.tif</ImageOrigine>
<CropImageOrigine>1987 114 1950 93
</CropImageOrigine>
</Attribut>
</TexturedSurface>
<TexturedSurface Id ="96120">
<Attribut>
<FaceType>Wall</FaceType>
</Attribut>
</TexturedSurface>
<TexturedSurface Id ="96123">
<Attribut>
<FaceType>Wall</FaceType>
<TextureRatio>2.25782</TextureRatio>
<ImageOrigine>3_6093.tif</ImageOrigine>
<CropImageOrigine>2529 3560 2489 3534
</CropImageOrigine>
</Attribut>
</TexturedSurface>
</WallSurface >
</BuildingPart >
</Building >
</CityModel>
</Chantier_Bati3D>
