<Chantier_Bati3D>
<Bbox>
<Xmin>532981.110</Xmin>
<Xmax>532988.420</Xmax>
<Ymin>152511.470</Ymin>
<Ymax>152518.700</Ymax>
<Zmin>396.898</Zmin>
<Zmax>418.000</Zmax>
</Bbox>
<CityModel Id ="80592">
<Building  Id ="83024">
<Attribut>
<centre>532984.765 147510.175</centre>
</Attribut>
<BuildingPart  Id ="83025">
<RoofSurface  Id ="83031">
<TexturedSurface Id ="83032">
<Attribut>
<FaceType>Roof</FaceType>
<TextureRatio>0.999922</TextureRatio>
<ImageOrigine>3_6095.tif</ImageOrigine>
<CropImageOrigine>959 3869 900 3812
</CropImageOrigine>
</Attribut>
</TexturedSurface>
</RoofSurface >
<WallSurface  Id ="96129">
<TexturedSurface Id ="96130">
<Attribut>
<FaceType>Wall</FaceType>
<TextureRatio>2.46735</TextureRatio>
<ImageOrigine>3_6095.tif</ImageOrigine>
<CropImageOrigine>986 3820 900 3749
</CropImageOrigine>
</Attribut>
</TexturedSurface>
<TexturedSurface Id ="96133">
<Attribut>
<FaceType>Wall</FaceType>
</Attribut>
</TexturedSurface>
<TexturedSurface Id ="96136">
<Attribut>
<FaceType>Wall</FaceType>
</Attribut>
</TexturedSurface>
<TexturedSurface Id ="96139">
<Attribut>
<FaceType>Wall</FaceType>
<TextureRatio>2.15614</TextureRatio>
<ImageOrigine>3_6096.tif</ImageOrigine>
<CropImageOrigine>404 3780 339 3669
</CropImageOrigine>
</Attribut>
</TexturedSurface>
</WallSurface >
</BuildingPart >
</Building >
</CityModel>
</Chantier_Bati3D>
