<Chantier_Bati3D>
<Bbox>
<Xmin>532970.640</Xmin>
<Xmax>532988.940</Xmax>
<Ymin>152496.120</Ymin>
<Ymax>152669.740</Ymax>
<Zmin>396.757</Zmin>
<Zmax>420.910</Zmax>
</Bbox>
<CityModel Id ="80592">
<Building  Id ="83035">
<Attribut>
<centre>532979.790 147585.695</centre>
</Attribut>
<BuildingPart  Id ="83036">
<RoofSurface  Id ="83042">
<TexturedSurface Id ="83043">
<Attribut>
<FaceType>Roof</FaceType>
</Attribut>
<subnode Id ="83041-0">
<Attribut>
<Part>0</Part>
<TextureRatio>1.0004</TextureRatio>
<ImageOrigine>3_6095.tif</ImageOrigine>
<CropImageOrigine>973 3993 736 3246
</CropImageOrigine>
</Attribut>
</subnode>
<subnode Id ="83041-1">
<Attribut>
<Part>1</Part>
<TextureRatio>0.999436</TextureRatio>
<ImageOrigine>3_6095.tif</ImageOrigine>
<CropImageOrigine>840 3257 668 2786
</CropImageOrigine>
</Attribut>
</subnode>
</TexturedSurface>
</RoofSurface >
<WallSurface  Id ="96145">
<TexturedSurface Id ="96146">
<Attribut>
<FaceType>Wall</FaceType>
<TextureRatio>2.15274</TextureRatio>
<ImageOrigine>3_6096.tif</ImageOrigine>
<CropImageOrigine>268 3021 146 2689
</CropImageOrigine>
</Attribut>
</TexturedSurface>
<TexturedSurface Id ="96149">
<Attribut>
<FaceType>Wall</FaceType>
<TextureRatio>5.33757</TextureRatio>
<ImageOrigine>3_6091.tif</ImageOrigine>
<CropImageOrigine>3466 2583 3298 2541
</CropImageOrigine>
</Attribut>
</TexturedSurface>
<TexturedSurface Id ="96152">
<Attribut>
<FaceType>Wall</FaceType>
<TextureRatio>3.82621</TextureRatio>
<ImageOrigine>3_6091.tif</ImageOrigine>
<CropImageOrigine>3518 3755 3298 2560
</CropImageOrigine>
</Attribut>
</TexturedSurface>
<TexturedSurface Id ="96155">
<Attribut>
<FaceType>Wall</FaceType>
<TextureRatio>2.76321</TextureRatio>
<ImageOrigine>1_6044.tif</ImageOrigine>
<CropImageOrigine>1953 134 1830 59
</CropImageOrigine>
</Attribut>
</TexturedSurface>
<TexturedSurface Id ="96158">
<Attribut>
<FaceType>Wall</FaceType>
<TextureRatio>2.15468</TextureRatio>
<ImageOrigine>3_6096.tif</ImageOrigine>
<CropImageOrigine>425 3891 343 3714
</CropImageOrigine>
</Attribut>
</TexturedSurface>
<TexturedSurface Id ="96161">
<Attribut>
<FaceType>Wall</FaceType>
<TextureRatio>2.39211</TextureRatio>
<ImageOrigine>3_6095.tif</ImageOrigine>
<CropImageOrigine>996 3878 903 3796
</CropImageOrigine>
</Attribut>
</TexturedSurface>
<TexturedSurface Id ="96164">
<Attribut>
<FaceType>Wall</FaceType>
<TextureRatio>2.0956</TextureRatio>
<ImageOrigine>3_6096.tif</ImageOrigine>
<CropImageOrigine>356 3797 147 2985
</CropImageOrigine>
</Attribut>
</TexturedSurface>
<TexturedSurface Id ="96167">
<Attribut>
<FaceType>Wall</FaceType>
<TextureRatio>2.44418</TextureRatio>
<ImageOrigine>2_6079.tif</ImageOrigine>
<CropImageOrigine>1978 3839 1919 3773
</CropImageOrigine>
</Attribut>
</TexturedSurface>
</WallSurface >
</BuildingPart >
</Building >
</CityModel>
</Chantier_Bati3D>
