<Chantier_Bati3D>
<Bbox>
<Xmin>532939.980</Xmin>
<Xmax>532970.630</Xmax>
<Ymin>152568.343</Ymin>
<Ymax>152669.750</Ymax>
<Zmin>397.731</Zmin>
<Zmax>399.600</Zmax>
</Bbox>
<CityModel Id ="80592">
<Building  Id ="83046">
<Attribut>
<centre>532955.305 147585.700</centre>
</Attribut>
<BuildingPart  Id ="83047">
<RoofSurface  Id ="83053">
<TexturedSurface Id ="83054">
<Attribut>
<FaceType>Roof</FaceType>
<TextureRatio>0.99956</TextureRatio>
<ImageOrigine>3_6093.tif</ImageOrigine>
<CropImageOrigine>2298 3168 2091 2480
</CropImageOrigine>
</Attribut>
</TexturedSurface>
</RoofSurface >
<WallSurface  Id ="96173">
<TexturedSurface Id ="96174">
<Attribut>
<FaceType>Wall</FaceType>
</Attribut>
</TexturedSurface>
<TexturedSurface Id ="96177">
<Attribut>
<FaceType>Wall</FaceType>
<TextureRatio>2.92605</TextureRatio>
<ImageOrigine>3_6091.tif</ImageOrigine>
<CropImageOrigine>3198 3251 3195 3247
</CropImageOrigine>
</Attribut>
</TexturedSurface>
<TexturedSurface Id ="96180">
<Attribut>
<FaceType>Wall</FaceType>
</Attribut>
</TexturedSurface>
<TexturedSurface Id ="96183">
<Attribut>
<FaceType>Wall</FaceType>
</Attribut>
</TexturedSurface>
<TexturedSurface Id ="96186">
<Attribut>
<FaceType>Wall</FaceType>
</Attribut>
</TexturedSurface>
<TexturedSurface Id ="96189">
<Attribut>
<FaceType>Wall</FaceType>
<TextureRatio>5.43014</TextureRatio>
<ImageOrigine>3_6091.tif</ImageOrigine>
<CropImageOrigine>3299 2576 3206 2560
</CropImageOrigine>
</Attribut>
</TexturedSurface>
<TexturedSurface Id ="96192">
<Attribut>
<FaceType>Wall</FaceType>
<TextureRatio>4.25359</TextureRatio>
<ImageOrigine>3_6091.tif</ImageOrigine>
<CropImageOrigine>3239 2781 3206 2575
</CropImageOrigine>
</Attribut>
</TexturedSurface>
<TexturedSurface Id ="96195">
<Attribut>
<FaceType>Wall</FaceType>
</Attribut>
</TexturedSurface>
<TexturedSurface Id ="96198">
<Attribut>
<FaceType>Wall</FaceType>
</Attribut>
</TexturedSurface>
<TexturedSurface Id ="96201">
<Attribut>
<FaceType>Wall</FaceType>
</Attribut>
</TexturedSurface>
<TexturedSurface Id ="96204">
<Attribut>
<FaceType>Wall</FaceType>
</Attribut>
</TexturedSurface>
<TexturedSurface Id ="96207">
<Attribut>
<FaceType>Wall</FaceType>
</Attribut>
</TexturedSurface>
<TexturedSurface Id ="96210">
<Attribut>
<FaceType>Wall</FaceType>
</Attribut>
</TexturedSurface>
<TexturedSurface Id ="96213">
<Attribut>
<FaceType>Wall</FaceType>
</Attribut>
</TexturedSurface>
<TexturedSurface Id ="96216">
<Attribut>
<FaceType>Wall</FaceType>
</Attribut>
</TexturedSurface>
<TexturedSurface Id ="96219">
<Attribut>
<FaceType>Wall</FaceType>
</Attribut>
</TexturedSurface>
</WallSurface >
</BuildingPart >
</Building >
</CityModel>
</Chantier_Bati3D>
