<Chantier_Bati3D>
<Bbox>
<Xmin>532940.160</Xmin>
<Xmax>532956.640</Xmax>
<Ymin>152568.525</Ymin>
<Ymax>152662.675</Ymax>
<Zmin>398.050</Zmin>
<Zmax>414.020</Zmax>
</Bbox>
<CityModel Id ="80592">
<Building  Id ="83057">
<Attribut>
<centre>532948.400 147582.163</centre>
</Attribut>
<BuildingPart  Id ="83058">
<RoofSurface  Id ="83064">
<TexturedSurface Id ="83065">
<Attribut>
<FaceType>Roof</FaceType>
<TextureRatio>0.999958</TextureRatio>
<ImageOrigine>3_6095.tif</ImageOrigine>
<CropImageOrigine>690 3512 479 2855
</CropImageOrigine>
</Attribut>
</TexturedSurface>
</RoofSurface >
<WallSurface  Id ="96225">
<TexturedSurface Id ="96226">
<Attribut>
<FaceType>Wall</FaceType>
<TextureRatio>5.06146</TextureRatio>
<ImageOrigine>3_6091.tif</ImageOrigine>
<CropImageOrigine>3240 2655 3105 2621
</CropImageOrigine>
</Attribut>
</TexturedSurface>
<TexturedSurface Id ="96229">
<Attribut>
<FaceType>Wall</FaceType>
<TextureRatio>4.72257</TextureRatio>
<ImageOrigine>3_6091.tif</ImageOrigine>
<CropImageOrigine>3225 3284 3105 2638
</CropImageOrigine>
</Attribut>
</TexturedSurface>
<TexturedSurface Id ="96232">
<Attribut>
<FaceType>Wall</FaceType>
<TextureRatio>2.84815</TextureRatio>
<ImageOrigine>2_6081.tif</ImageOrigine>
<CropImageOrigine>1637 3927 1512 3867
</CropImageOrigine>
</Attribut>
</TexturedSurface>
<TexturedSurface Id ="96235">
<Attribut>
<FaceType>Wall</FaceType>
<TextureRatio>2.04174</TextureRatio>
<ImageOrigine>2_6076.tif</ImageOrigine>
<CropImageOrigine>3989 3455 3938 2810
</CropImageOrigine>
</Attribut>
</TexturedSurface>
</WallSurface >
</BuildingPart >
</Building >
</CityModel>
</Chantier_Bati3D>
