<Chantier_Bati3D>
<Bbox>
<Xmin>532946.635</Xmin>
<Xmax>532950.165</Xmax>
<Ymin>152586.305</Ymin>
<Ymax>152592.735</Ymax>
<Zmin>398.373</Zmin>
<Zmax>417.120</Zmax>
</Bbox>
<CityModel Id ="80592">
<Building  Id ="83068">
<Attribut>
<centre>532948.400 147547.193</centre>
</Attribut>
<BuildingPart  Id ="83069">
<RoofSurface  Id ="83075">
<TexturedSurface Id ="83076">
<Attribut>
<FaceType>Roof</FaceType>
<TextureRatio>0.99991</TextureRatio>
<ImageOrigine>3_6095.tif</ImageOrigine>
<CropImageOrigine>621 3393 589 3345
</CropImageOrigine>
</Attribut>
</TexturedSurface>
</RoofSurface >
<WallSurface  Id ="96241">
<TexturedSurface Id ="96242">
<Attribut>
<FaceType>Wall</FaceType>
<TextureRatio>3.23601</TextureRatio>
<ImageOrigine>3_6091.tif</ImageOrigine>
<CropImageOrigine>3272 3122 3215 3083
</CropImageOrigine>
</Attribut>
</TexturedSurface>
<TexturedSurface Id ="96245">
<Attribut>
<FaceType>Wall</FaceType>
<TextureRatio>2.9147</TextureRatio>
<ImageOrigine>2_6082.tif</ImageOrigine>
<CropImageOrigine>737 3733 694 3641
</CropImageOrigine>
</Attribut>
</TexturedSurface>
<TexturedSurface Id ="96248">
<Attribut>
<FaceType>Wall</FaceType>
<TextureRatio>2.62973</TextureRatio>
<ImageOrigine>2_6081.tif</ImageOrigine>
<CropImageOrigine>1612 4053 1573 3996
</CropImageOrigine>
</Attribut>
</TexturedSurface>
<TexturedSurface Id ="96251">
<Attribut>
<FaceType>Wall</FaceType>
<TextureRatio>1.99536</TextureRatio>
<ImageOrigine>2_6076.tif</ImageOrigine>
<CropImageOrigine>4041 2996 3980 2925
</CropImageOrigine>
</Attribut>
</TexturedSurface>
</WallSurface >
</BuildingPart >
</Building >
</CityModel>
</Chantier_Bati3D>
