<Chantier_Bati3D>
<Bbox>
<Xmin>532946.635</Xmin>
<Xmax>532950.165</Xmax>
<Ymin>152638.510</Ymin>
<Ymax>152644.640</Ymax>
<Zmin>398.928</Zmin>
<Zmax>417.120</Zmax>
</Bbox>
<CityModel Id ="80592">
<Building  Id ="83079">
<Attribut>
<centre>532948.400 147573.145</centre>
</Attribut>
<BuildingPart  Id ="83080">
<RoofSurface  Id ="83086">
<TexturedSurface Id ="83087">
<Attribut>
<FaceType>Roof</FaceType>
<TextureRatio>0.999961</TextureRatio>
<ImageOrigine>3_6095.tif</ImageOrigine>
<CropImageOrigine>567 3035 535 2990
</CropImageOrigine>
</Attribut>
</TexturedSurface>
</RoofSurface >
<WallSurface  Id ="96257">
<TexturedSurface Id ="96258">
<Attribut>
<FaceType>Wall</FaceType>
<TextureRatio>2.33555</TextureRatio>
<ImageOrigine>2_6079.tif</ImageOrigine>
<CropImageOrigine>2209 3921 2174 3867
</CropImageOrigine>
</Attribut>
</TexturedSurface>
<TexturedSurface Id ="96261">
<Attribut>
<FaceType>Wall</FaceType>
<TextureRatio>1.9945</TextureRatio>
<ImageOrigine>2_6076.tif</ImageOrigine>
<CropImageOrigine>4039 3341 3980 3264
</CropImageOrigine>
</Attribut>
</TexturedSurface>
<TexturedSurface Id ="96264">
<Attribut>
<FaceType>Wall</FaceType>
<TextureRatio>4.41112</TextureRatio>
<ImageOrigine>3_6091.tif</ImageOrigine>
<CropImageOrigine>3220 2773 3165 2745
</CropImageOrigine>
</Attribut>
</TexturedSurface>
<TexturedSurface Id ="96267">
<Attribut>
<FaceType>Wall</FaceType>
<TextureRatio>4.49237</TextureRatio>
<ImageOrigine>3_6091.tif</ImageOrigine>
<CropImageOrigine>3203 2814 3165 2749
</CropImageOrigine>
</Attribut>
</TexturedSurface>
</WallSurface >
</BuildingPart >
</Building >
</CityModel>
</Chantier_Bati3D>
